Training started at 2026-03-12 11:17:00.909074
============================================================

============================================================
DQN TRAINING - 6-DOF CARTESIAN (Detailed Log)
============================================================
Device: cuda
Checkpoint directory: checkpoints/2026-03-12_11-17-00
============================================================
Ep 1 | Rw: -24.6 | Loss: 0.0000 | Q: 0.00 | Grad: 0.00 | Eps: 1.000 | Time: 1.3s
Ep 2 | Rw: -22.0 | Loss: 0.0000 | Q: 0.00 | Grad: 0.00 | Eps: 0.995 | Time: 1.3s
Ep 3 | Rw: -17.7 | Loss: 0.0980 | Q: 0.15 | Grad: 0.93 | Eps: 0.995 | Time: 1.6s
Ep 4 | Rw: -18.9 | Loss: 0.0334 | Q: -0.14 | Grad: 0.59 | Eps: 0.990 | Time: 1.4s
Ep 5 | Rw: -17.2 | Loss: 0.0773 | Q: 0.21 | Grad: 0.59 | Eps: 0.990 | Time: 1.4s
Ep 6 | Rw: -40.8 | Loss: 0.0681 | Q: -0.02 | Grad: 0.55 | Eps: 0.985 | Time: 1.4s
Ep 7 | Rw: -35.0 | Loss: 0.0514 | Q: 0.13 | Grad: 0.41 | Eps: 0.985 | Time: 1.4s
Ep 8 | Rw: -27.2 | Loss: 0.0181 | Q: -0.22 | Grad: 0.14 | Eps: 0.980 | Time: 1.4s
Ep 9 | Rw: -21.1 | Loss: 0.0216 | Q: -0.34 | Grad: 0.17 | Eps: 0.980 | Time: 1.4s
Ep 10 | Rw: -19.1 | Loss: 0.0224 | Q: -0.34 | Grad: 0.21 | Eps: 0.975 | Time: 1.3s
Ep 11 | Rw: -19.9 | Loss: 0.1306 | Q: 0.15 | Grad: 0.87 | Eps: 0.975 | Time: 1.4s
Ep 12 | Rw: -39.9 | Loss: 0.0216 | Q: -0.09 | Grad: 0.26 | Eps: 0.970 | Time: 1.4s
Ep 13 | Rw: -10.7 | Loss: 0.0278 | Q: -0.38 | Grad: 0.26 | Eps: 0.970 | Time: 1.3s
Ep 14 | Rw: -17.8 | Loss: 0.0253 | Q: 0.02 | Grad: 0.27 | Eps: 0.966 | Time: 1.4s
Ep 15 | Rw: -13.8 | Loss: 0.0390 | Q: 0.05 | Grad: 0.32 | Eps: 0.966 | Time: 1.5s
Ep 16 | Rw: -35.8 | Loss: 0.0087 | Q: -0.15 | Grad: 0.12 | Eps: 0.961 | Time: 1.6s
Ep 17 | Rw: -20.9 | Loss: 0.0245 | Q: -0.28 | Grad: 0.22 | Eps: 0.961 | Time: 1.6s
Ep 18 | Rw: -19.3 | Loss: 0.0562 | Q: -0.15 | Grad: 0.39 | Eps: 0.956 | Time: 1.5s
Ep 19 | Rw: -18.1 | Loss: 0.0351 | Q: -0.19 | Grad: 0.32 | Eps: 0.956 | Time: 1.6s
Ep 20 | Rw: -38.9 | Loss: 0.0315 | Q: -0.13 | Grad: 0.36 | Eps: 0.951 | Time: 1.6s
Ep 21 | Rw: -24.3 | Loss: 0.0560 | Q: 0.14 | Grad: 0.34 | Eps: 0.951 | Time: 1.4s
Ep 22 | Rw: -22.6 | Loss: 0.0249 | Q: -0.24 | Grad: 0.24 | Eps: 0.946 | Time: 1.3s
Ep 23 | Rw: -26.2 | Loss: 0.0126 | Q: -0.29 | Grad: 0.12 | Eps: 0.946 | Time: 1.4s
Ep 24 | Rw: -25.9 | Loss: 0.0010 | Q: -0.31 | Grad: 0.03 | Eps: 0.942 | Time: 1.5s
Ep 25 | Rw: -37.5 | Loss: 0.0006 | Q: -0.32 | Grad: 0.01 | Eps: 0.942 | Time: 1.5s
Ep 26 | Rw: -17.5 | Loss: 0.0005 | Q: -0.32 | Grad: 0.01 | Eps: 0.937 | Time: 1.5s
Ep 27 | Rw: -16.8 | Loss: 0.0005 | Q: -0.32 | Grad: 0.01 | Eps: 0.937 | Time: 1.4s
Ep 28 | Rw: -17.8 | Loss: 0.0005 | Q: -0.32 | Grad: 0.01 | Eps: 0.932 | Time: 1.5s
Ep 29 | Rw: -25.2 | Loss: 0.0005 | Q: -0.32 | Grad: 0.01 | Eps: 0.932 | Time: 1.5s
Ep 30 | Rw: -17.5 | Loss: 0.0005 | Q: -0.32 | Grad: 0.01 | Eps: 0.928 | Time: 1.6s
Ep 31 | Rw: -24.3 | Loss: 0.0005 | Q: -0.32 | Grad: 0.01 | Eps: 0.928 | Time: 1.5s
Ep 32 | Rw: -30.0 | Loss: 0.0005 | Q: -0.32 | Grad: 0.01 | Eps: 0.923 | Time: 1.4s
Ep 33 | Rw: -25.3 | Loss: 0.0005 | Q: -0.32 | Grad: 0.01 | Eps: 0.923 | Time: 1.5s
Ep 34 | Rw: -19.0 | Loss: 0.0005 | Q: -0.32 | Grad: 0.01 | Eps: 0.918 | Time: 1.6s
Ep 35 | Rw: -12.1 | Loss: 0.0004 | Q: -0.33 | Grad: 0.01 | Eps: 0.918 | Time: 1.4s
Ep 36 | Rw: -18.2 | Loss: 0.0005 | Q: -0.32 | Grad: 0.01 | Eps: 0.914 | Time: 1.4s
Ep 37 | Rw: -27.5 | Loss: 0.0005 | Q: -0.32 | Grad: 0.02 | Eps: 0.914 | Time: 1.4s
Ep 38 | Rw: -21.6 | Loss: 0.0004 | Q: -0.32 | Grad: 0.01 | Eps: 0.909 | Time: 1.5s
Ep 39 | Rw: -23.0 | Loss: 0.0005 | Q: -0.32 | Grad: 0.01 | Eps: 0.909 | Time: 1.4s
Ep 40 | Rw: -34.3 | Loss: 0.0004 | Q: -0.33 | Grad: 0.01 | Eps: 0.905 | Time: 1.4s
Ep 41 | Rw: -15.0 | Loss: 0.0005 | Q: -0.32 | Grad: 0.01 | Eps: 0.905 | Time: 1.4s
Ep 42 | Rw: -30.1 | Loss: 0.0005 | Q: -0.32 | Grad: 0.01 | Eps: 0.900 | Time: 1.4s
Ep 43 | Rw: -24.6 | Loss: 0.0006 | Q: -0.33 | Grad: 0.03 | Eps: 0.900 | Time: 1.5s
Ep 44 | Rw: -16.8 | Loss: 0.0002 | Q: -0.36 | Grad: 0.01 | Eps: 0.896 | Time: 1.4s
Ep 45 | Rw: -19.5 | Loss: 0.0002 | Q: -0.35 | Grad: 0.01 | Eps: 0.896 | Time: 1.5s
Ep 46 | Rw: -16.0 | Loss: 0.0002 | Q: -0.35 | Grad: 0.01 | Eps: 0.891 | Time: 1.5s
Ep 47 | Rw: -11.9 | Loss: 0.0002 | Q: -0.35 | Grad: 0.01 | Eps: 0.891 | Time: 1.6s
Ep 48 | Rw: -16.3 | Loss: 0.0002 | Q: -0.35 | Grad: 0.01 | Eps: 0.887 | Time: 1.4s
Ep 49 | Rw: -21.7 | Loss: 0.0002 | Q: -0.35 | Grad: 0.01 | Eps: 0.887 | Time: 1.4s
Ep 50 | Rw: -17.1 | Loss: 0.0002 | Q: -0.35 | Grad: 0.01 | Eps: 0.882 | Time: 1.5s
  ✓ Saved checkpoint & updated plots in checkpoints/2026-03-12_11-17-00/plots
Ep 51 | Rw: -23.5 | Loss: 0.0002 | Q: -0.35 | Grad: 0.01 | Eps: 0.882 | Time: 1.6s
Ep 52 | Rw: -16.0 | Loss: 0.0002 | Q: -0.35 | Grad: 0.01 | Eps: 0.878 | Time: 1.5s
Ep 53 | Rw: -19.5 | Loss: 0.0002 | Q: -0.35 | Grad: 0.01 | Eps: 0.878 | Time: 1.4s
Ep 54 | Rw: -20.6 | Loss: 0.0002 | Q: -0.35 | Grad: 0.01 | Eps: 0.873 | Time: 1.5s
Ep 55 | Rw: -27.0 | Loss: 0.0002 | Q: -0.35 | Grad: 0.01 | Eps: 0.873 | Time: 1.6s
Ep 56 | Rw: -16.8 | Loss: 0.0002 | Q: -0.35 | Grad: 0.01 | Eps: 0.869 | Time: 1.5s
Ep 57 | Rw: -20.0 | Loss: 0.0002 | Q: -0.35 | Grad: 0.01 | Eps: 0.869 | Time: 1.5s
Ep 58 | Rw: -4.6 | Loss: 0.0002 | Q: -0.35 | Grad: 0.01 | Eps: 0.865 | Time: 1.5s
Ep 59 | Rw: -19.5 | Loss: 0.0002 | Q: -0.35 | Grad: 0.01 | Eps: 0.865 | Time: 1.6s
Ep 60 | Rw: -21.3 | Loss: 0.0002 | Q: -0.35 | Grad: 0.01 | Eps: 0.860 | Time: 1.5s
Ep 61 | Rw: -14.5 | Loss: 0.0002 | Q: -0.35 | Grad: 0.01 | Eps: 0.860 | Time: 1.5s
Ep 62 | Rw: -27.2 | Loss: 0.0002 | Q: -0.35 | Grad: 0.01 | Eps: 0.856 | Time: 1.4s
Ep 63 | Rw: -18.9 | Loss: 0.0003 | Q: -0.37 | Grad: 0.02 | Eps: 0.856 | Time: 1.4s
Ep 64 | Rw: -18.2 | Loss: 0.0002 | Q: -0.39 | Grad: 0.01 | Eps: 0.852 | Time: 1.5s
Ep 65 | Rw: -22.7 | Loss: 0.0002 | Q: -0.39 | Grad: 0.01 | Eps: 0.852 | Time: 1.4s
Ep 66 | Rw: -21.1 | Loss: 0.0001 | Q: -0.39 | Grad: 0.01 | Eps: 0.848 | Time: 1.6s
Ep 67 | Rw: -29.9 | Loss: 0.0001 | Q: -0.39 | Grad: 0.01 | Eps: 0.848 | Time: 1.5s
Ep 68 | Rw: -20.0 | Loss: 0.0001 | Q: -0.39 | Grad: 0.01 | Eps: 0.843 | Time: 1.4s
Ep 69 | Rw: -16.1 | Loss: 0.0001 | Q: -0.39 | Grad: 0.01 | Eps: 0.843 | Time: 1.5s
Ep 70 | Rw: -31.3 | Loss: 0.0001 | Q: -0.39 | Grad: 0.01 | Eps: 0.839 | Time: 1.4s
Ep 71 | Rw: -17.1 | Loss: 0.0001 | Q: -0.39 | Grad: 0.01 | Eps: 0.839 | Time: 1.4s
Ep 72 | Rw: -15.7 | Loss: 0.0001 | Q: -0.39 | Grad: 0.01 | Eps: 0.835 | Time: 1.4s
Ep 73 | Rw: -13.2 | Loss: 0.0001 | Q: -0.39 | Grad: 0.01 | Eps: 0.835 | Time: 1.4s
Ep 74 | Rw: -17.6 | Loss: 0.0001 | Q: -0.39 | Grad: 0.01 | Eps: 0.831 | Time: 1.5s
Ep 75 | Rw: -15.8 | Loss: 0.0001 | Q: -0.39 | Grad: 0.01 | Eps: 0.831 | Time: 1.4s
Ep 76 | Rw: -17.1 | Loss: 0.0001 | Q: -0.39 | Grad: 0.01 | Eps: 0.827 | Time: 1.6s
Ep 77 | Rw: -17.9 | Loss: 0.0001 | Q: -0.39 | Grad: 0.01 | Eps: 0.827 | Time: 1.6s
Ep 78 | Rw: -7.8 | Loss: 0.0001 | Q: -0.39 | Grad: 0.01 | Eps: 0.822 | Time: 1.5s
Ep 79 | Rw: -13.3 | Loss: 0.0001 | Q: -0.39 | Grad: 0.01 | Eps: 0.822 | Time: 1.6s
Ep 80 | Rw: -24.8 | Loss: 0.0001 | Q: -0.39 | Grad: 0.01 | Eps: 0.818 | Time: 1.6s
Ep 81 | Rw: -15.0 | Loss: 0.0001 | Q: -0.39 | Grad: 0.01 | Eps: 0.818 | Time: 1.5s
Ep 82 | Rw: -15.2 | Loss: 0.0001 | Q: -0.39 | Grad: 0.01 | Eps: 0.814 | Time: 1.6s
Ep 83 | Rw: -15.7 | Loss: 0.0002 | Q: -0.40 | Grad: 0.02 | Eps: 0.814 | Time: 1.6s
Ep 84 | Rw: -14.9 | Loss: 0.0002 | Q: -0.42 | Grad: 0.02 | Eps: 0.810 | Time: 1.7s
Ep 85 | Rw: -27.8 | Loss: 0.0001 | Q: -0.42 | Grad: 0.01 | Eps: 0.810 | Time: 1.6s
Ep 86 | Rw: -8.5 | Loss: 0.0001 | Q: -0.42 | Grad: 0.01 | Eps: 0.806 | Time: 1.5s
Ep 87 | Rw: -11.8 | Loss: 0.0001 | Q: -0.42 | Grad: 0.01 | Eps: 0.806 | Time: 1.4s
Ep 88 | Rw: -13.1 | Loss: 0.0001 | Q: -0.41 | Grad: 0.01 | Eps: 0.802 | Time: 1.4s
Ep 89 | Rw: -17.6 | Loss: 0.0001 | Q: -0.42 | Grad: 0.01 | Eps: 0.802 | Time: 1.5s
Ep 90 | Rw: -8.4 | Loss: 0.0001 | Q: -0.41 | Grad: 0.01 | Eps: 0.798 | Time: 1.4s
Ep 91 | Rw: -17.0 | Loss: 0.0001 | Q: -0.41 | Grad: 0.01 | Eps: 0.798 | Time: 1.4s
Ep 92 | Rw: -14.1 | Loss: 0.0001 | Q: -0.41 | Grad: 0.01 | Eps: 0.794 | Time: 1.5s
Ep 93 | Rw: -29.9 | Loss: 0.0001 | Q: -0.41 | Grad: 0.01 | Eps: 0.794 | Time: 1.6s
Ep 94 | Rw: -14.2 | Loss: 0.0001 | Q: -0.41 | Grad: 0.01 | Eps: 0.790 | Time: 1.7s
Ep 95 | Rw: -16.0 | Loss: 0.0001 | Q: -0.41 | Grad: 0.01 | Eps: 0.790 | Time: 1.5s
Ep 96 | Rw: -13.6 | Loss: 0.0001 | Q: -0.41 | Grad: 0.01 | Eps: 0.786 | Time: 1.6s
Ep 97 | Rw: -14.1 | Loss: 0.0001 | Q: -0.41 | Grad: 0.01 | Eps: 0.786 | Time: 1.6s
Ep 98 | Rw: -16.3 | Loss: 0.0001 | Q: -0.41 | Grad: 0.01 | Eps: 0.782 | Time: 1.6s
Ep 99 | Rw: -14.6 | Loss: 0.0001 | Q: -0.41 | Grad: 0.01 | Eps: 0.782 | Time: 1.6s
Ep 100 | Rw: -17.0 | Loss: 0.0001 | Q: -0.41 | Grad: 0.01 | Eps: 0.778 | Time: 1.5s
  ✓ Saved checkpoint & updated plots in checkpoints/2026-03-12_11-17-00/plots
Ep 101 | Rw: -14.2 | Loss: 0.0001 | Q: -0.41 | Grad: 0.01 | Eps: 0.778 | Time: 1.5s
Ep 102 | Rw: -13.1 | Loss: 0.0001 | Q: -0.41 | Grad: 0.01 | Eps: 0.774 | Time: 1.6s
Ep 103 | Rw: -18.3 | Loss: 0.0001 | Q: -0.42 | Grad: 0.01 | Eps: 0.774 | Time: 1.5s
Ep 104 | Rw: -13.4 | Loss: 0.0001 | Q: -0.44 | Grad: 0.01 | Eps: 0.771 | Time: 1.4s
Ep 105 | Rw: -13.8 | Loss: 0.0001 | Q: -0.44 | Grad: 0.01 | Eps: 0.771 | Time: 1.5s
Ep 106 | Rw: -16.3 | Loss: 0.0001 | Q: -0.44 | Grad: 0.01 | Eps: 0.767 | Time: 1.5s
Ep 107 | Rw: -13.1 | Loss: 0.0001 | Q: -0.44 | Grad: 0.01 | Eps: 0.767 | Time: 1.6s
Ep 108 | Rw: -12.8 | Loss: 0.0001 | Q: -0.44 | Grad: 0.01 | Eps: 0.763 | Time: 1.6s
Ep 109 | Rw: -22.1 | Loss: 0.0001 | Q: -0.44 | Grad: 0.01 | Eps: 0.763 | Time: 1.5s
Ep 110 | Rw: -15.5 | Loss: 0.0001 | Q: -0.44 | Grad: 0.01 | Eps: 0.759 | Time: 1.5s
Ep 111 | Rw: -10.2 | Loss: 0.0001 | Q: -0.44 | Grad: 0.01 | Eps: 0.759 | Time: 1.5s
Ep 112 | Rw: -18.5 | Loss: 0.0001 | Q: -0.44 | Grad: 0.01 | Eps: 0.755 | Time: 1.5s
Ep 113 | Rw: -14.3 | Loss: 0.0001 | Q: -0.44 | Grad: 0.01 | Eps: 0.755 | Time: 1.7s
Ep 114 | Rw: -16.6 | Loss: 0.0001 | Q: -0.44 | Grad: 0.01 | Eps: 0.751 | Time: 1.5s
Ep 115 | Rw: -14.0 | Loss: 0.0001 | Q: -0.44 | Grad: 0.01 | Eps: 0.751 | Time: 1.4s
Ep 116 | Rw: -13.4 | Loss: 0.0001 | Q: -0.44 | Grad: 0.01 | Eps: 0.748 | Time: 1.4s
Ep 117 | Rw: -22.2 | Loss: 0.0001 | Q: -0.44 | Grad: 0.01 | Eps: 0.748 | Time: 1.5s
Ep 118 | Rw: -15.4 | Loss: 0.0001 | Q: -0.44 | Grad: 0.01 | Eps: 0.744 | Time: 1.4s
Ep 119 | Rw: -16.4 | Loss: 0.0001 | Q: -0.44 | Grad: 0.01 | Eps: 0.744 | Time: 1.6s
Ep 120 | Rw: -25.7 | Loss: 0.0001 | Q: -0.44 | Grad: 0.01 | Eps: 0.740 | Time: 1.5s
Ep 121 | Rw: -14.3 | Loss: 0.0001 | Q: -0.44 | Grad: 0.01 | Eps: 0.740 | Time: 1.5s
Ep 122 | Rw: -14.7 | Loss: 0.0001 | Q: -0.44 | Grad: 0.01 | Eps: 0.737 | Time: 1.5s
Ep 123 | Rw: -14.3 | Loss: 0.0001 | Q: -0.45 | Grad: 0.01 | Eps: 0.737 | Time: 1.5s
Ep 124 | Rw: -14.5 | Loss: 0.0001 | Q: -0.46 | Grad: 0.01 | Eps: 0.733 | Time: 1.6s
Ep 125 | Rw: -17.3 | Loss: 0.0001 | Q: -0.46 | Grad: 0.01 | Eps: 0.733 | Time: 1.8s
Ep 126 | Rw: -11.0 | Loss: 0.0001 | Q: -0.46 | Grad: 0.01 | Eps: 0.729 | Time: 1.5s
Ep 127 | Rw: -16.3 | Loss: 0.0001 | Q: -0.46 | Grad: 0.01 | Eps: 0.729 | Time: 1.5s
Ep 128 | Rw: -14.6 | Loss: 0.0001 | Q: -0.46 | Grad: 0.01 | Eps: 0.726 | Time: 1.4s
Ep 129 | Rw: -13.6 | Loss: 0.0001 | Q: -0.46 | Grad: 0.01 | Eps: 0.726 | Time: 1.5s
Ep 130 | Rw: -14.9 | Loss: 0.0001 | Q: -0.46 | Grad: 0.01 | Eps: 0.722 | Time: 1.6s
Ep 131 | Rw: -14.1 | Loss: 0.0001 | Q: -0.46 | Grad: 0.01 | Eps: 0.722 | Time: 1.5s
Ep 132 | Rw: -15.7 | Loss: 0.0001 | Q: -0.46 | Grad: 0.01 | Eps: 0.718 | Time: 1.6s
Ep 133 | Rw: -19.6 | Loss: 0.0001 | Q: -0.46 | Grad: 0.01 | Eps: 0.718 | Time: 1.5s
Ep 134 | Rw: -15.8 | Loss: 0.0001 | Q: -0.46 | Grad: 0.01 | Eps: 0.715 | Time: 1.5s
Ep 135 | Rw: -11.5 | Loss: 0.0001 | Q: -0.46 | Grad: 0.01 | Eps: 0.715 | Time: 1.4s
Ep 136 | Rw: -11.0 | Loss: 0.0001 | Q: -0.46 | Grad: 0.01 | Eps: 0.711 | Time: 1.6s
Ep 137 | Rw: -17.4 | Loss: 0.0001 | Q: -0.46 | Grad: 0.01 | Eps: 0.711 | Time: 1.4s
Ep 138 | Rw: -18.0 | Loss: 0.0001 | Q: -0.46 | Grad: 0.01 | Eps: 0.708 | Time: 1.5s
Ep 139 | Rw: -14.0 | Loss: 0.0001 | Q: -0.46 | Grad: 0.01 | Eps: 0.708 | Time: 1.5s
Ep 140 | Rw: -11.4 | Loss: 0.0001 | Q: -0.46 | Grad: 0.01 | Eps: 0.704 | Time: 1.4s
Ep 141 | Rw: -15.1 | Loss: 0.0001 | Q: -0.46 | Grad: 0.01 | Eps: 0.704 | Time: 1.4s
Ep 142 | Rw: -20.3 | Loss: 0.0001 | Q: -0.46 | Grad: 0.01 | Eps: 0.701 | Time: 1.5s
Ep 143 | Rw: -16.6 | Loss: 0.0001 | Q: -0.47 | Grad: 0.02 | Eps: 0.701 | Time: 1.4s
Ep 144 | Rw: -11.5 | Loss: 0.0001 | Q: -0.48 | Grad: 0.01 | Eps: 0.697 | Time: 1.5s
Ep 145 | Rw: -12.6 | Loss: 0.0001 | Q: -0.48 | Grad: 0.01 | Eps: 0.697 | Time: 1.5s
Ep 146 | Rw: -12.9 | Loss: 0.0001 | Q: -0.48 | Grad: 0.01 | Eps: 0.694 | Time: 1.5s
Ep 147 | Rw: -20.2 | Loss: 0.0001 | Q: -0.48 | Grad: 0.01 | Eps: 0.694 | Time: 1.5s
Ep 148 | Rw: -12.5 | Loss: 0.0001 | Q: -0.48 | Grad: 0.01 | Eps: 0.690 | Time: 1.6s
Ep 149 | Rw: -13.0 | Loss: 0.0001 | Q: -0.48 | Grad: 0.01 | Eps: 0.690 | Time: 1.5s
Ep 150 | Rw: -13.0 | Loss: 0.0001 | Q: -0.48 | Grad: 0.01 | Eps: 0.687 | Time: 1.4s
  ✓ Saved checkpoint & updated plots in checkpoints/2026-03-12_11-17-00/plots
Ep 151 | Rw: -14.2 | Loss: 0.0001 | Q: -0.48 | Grad: 0.01 | Eps: 0.687 | Time: 1.6s
Ep 152 | Rw: -12.5 | Loss: 0.0001 | Q: -0.48 | Grad: 0.01 | Eps: 0.683 | Time: 1.6s
Ep 153 | Rw: -16.2 | Loss: 0.0001 | Q: -0.48 | Grad: 0.01 | Eps: 0.683 | Time: 1.5s
Ep 154 | Rw: -13.7 | Loss: 0.0000 | Q: -0.48 | Grad: 0.01 | Eps: 0.680 | Time: 1.4s
Ep 155 | Rw: -16.2 | Loss: 0.0001 | Q: -0.48 | Grad: 0.01 | Eps: 0.680 | Time: 1.4s
Ep 156 | Rw: -17.2 | Loss: 0.0000 | Q: -0.48 | Grad: 0.01 | Eps: 0.676 | Time: 1.4s
Ep 157 | Rw: -11.6 | Loss: 0.0001 | Q: -0.48 | Grad: 0.01 | Eps: 0.676 | Time: 1.6s
Ep 158 | Rw: -20.7 | Loss: 0.0001 | Q: -0.48 | Grad: 0.01 | Eps: 0.673 | Time: 1.4s
Ep 159 | Rw: -16.3 | Loss: 0.0001 | Q: -0.48 | Grad: 0.01 | Eps: 0.673 | Time: 1.4s
Ep 160 | Rw: -17.7 | Loss: 0.0000 | Q: -0.48 | Grad: 0.01 | Eps: 0.670 | Time: 1.4s
Ep 161 | Rw: -8.3 | Loss: 0.0001 | Q: -0.48 | Grad: 0.01 | Eps: 0.670 | Time: 1.4s
Ep 162 | Rw: -14.3 | Loss: 0.0000 | Q: -0.48 | Grad: 0.01 | Eps: 0.666 | Time: 1.4s
Ep 163 | Rw: -15.7 | Loss: 0.0001 | Q: -0.49 | Grad: 0.02 | Eps: 0.666 | Time: 1.4s
Ep 164 | Rw: -13.6 | Loss: 0.0001 | Q: -0.50 | Grad: 0.01 | Eps: 0.663 | Time: 1.6s
Ep 165 | Rw: -13.1 | Loss: 0.0001 | Q: -0.50 | Grad: 0.01 | Eps: 0.663 | Time: 1.4s
Ep 166 | Rw: -5.5 | Loss: 0.0001 | Q: -0.50 | Grad: 0.01 | Eps: 0.660 | Time: 1.5s
Ep 167 | Rw: -14.2 | Loss: 0.0001 | Q: -0.50 | Grad: 0.01 | Eps: 0.660 | Time: 1.4s
Ep 168 | Rw: -12.0 | Loss: 0.0001 | Q: -0.50 | Grad: 0.01 | Eps: 0.656 | Time: 1.4s
Ep 169 | Rw: -16.2 | Loss: 0.0001 | Q: -0.50 | Grad: 0.01 | Eps: 0.656 | Time: 1.4s
Ep 170 | Rw: -13.2 | Loss: 0.0001 | Q: -0.50 | Grad: 0.02 | Eps: 0.653 | Time: 1.6s
Ep 171 | Rw: -15.8 | Loss: 0.0001 | Q: -0.50 | Grad: 0.01 | Eps: 0.653 | Time: 1.4s
Ep 172 | Rw: -15.0 | Loss: 0.0000 | Q: -0.50 | Grad: 0.01 | Eps: 0.650 | Time: 1.5s
Ep 173 | Rw: -17.1 | Loss: 0.0001 | Q: -0.50 | Grad: 0.01 | Eps: 0.650 | Time: 1.4s
Ep 174 | Rw: -10.6 | Loss: 0.0000 | Q: -0.50 | Grad: 0.01 | Eps: 0.647 | Time: 1.4s
Ep 175 | Rw: -9.4 | Loss: 0.0001 | Q: -0.50 | Grad: 0.01 | Eps: 0.647 | Time: 1.4s
Ep 176 | Rw: -10.6 | Loss: 0.0001 | Q: -0.50 | Grad: 0.01 | Eps: 0.643 | Time: 1.5s
Ep 177 | Rw: -12.3 | Loss: 0.0001 | Q: -0.50 | Grad: 0.01 | Eps: 0.643 | Time: 1.4s
Ep 178 | Rw: -17.9 | Loss: 0.0000 | Q: -0.50 | Grad: 0.01 | Eps: 0.640 | Time: 1.5s
Ep 179 | Rw: -11.3 | Loss: 0.0000 | Q: -0.50 | Grad: 0.01 | Eps: 0.640 | Time: 1.4s
Ep 180 | Rw: 5.4 | Loss: 0.0001 | Q: -0.50 | Grad: 0.01 | Eps: 0.637 | Time: 1.4s
Ep 181 | Rw: -14.6 | Loss: 0.0001 | Q: -0.50 | Grad: 0.01 | Eps: 0.637 | Time: 1.4s
Ep 182 | Rw: -9.8 | Loss: 0.0001 | Q: -0.50 | Grad: 0.01 | Eps: 0.634 | Time: 1.5s
Ep 183 | Rw: -16.0 | Loss: 0.0001 | Q: -0.51 | Grad: 0.02 | Eps: 0.634 | Time: 1.4s
Ep 184 | Rw: 0.0 | Loss: 0.0001 | Q: -0.51 | Grad: 0.02 | Eps: 0.631 | Time: 1.4s
Ep 185 | Rw: -13.1 | Loss: 0.0001 | Q: -0.51 | Grad: 0.01 | Eps: 0.631 | Time: 1.5s
Ep 186 | Rw: -14.0 | Loss: 0.0001 | Q: -0.51 | Grad: 0.02 | Eps: 0.627 | Time: 1.5s
Ep 187 | Rw: -13.3 | Loss: 0.0001 | Q: -0.51 | Grad: 0.01 | Eps: 0.627 | Time: 1.5s
Ep 188 | Rw: -13.9 | Loss: 0.0001 | Q: -0.51 | Grad: 0.01 | Eps: 0.624 | Time: 1.5s
Ep 189 | Rw: -13.5 | Loss: 0.0001 | Q: -0.51 | Grad: 0.01 | Eps: 0.624 | Time: 1.8s
Ep 190 | Rw: -11.8 | Loss: 0.0001 | Q: -0.51 | Grad: 0.01 | Eps: 0.621 | Time: 1.6s
Ep 191 | Rw: -13.8 | Loss: 0.0001 | Q: -0.51 | Grad: 0.02 | Eps: 0.621 | Time: 1.5s
Ep 192 | Rw: -11.5 | Loss: 0.0001 | Q: -0.51 | Grad: 0.01 | Eps: 0.618 | Time: 1.6s
Ep 193 | Rw: -19.8 | Loss: 0.0001 | Q: -0.51 | Grad: 0.01 | Eps: 0.618 | Time: 1.5s
Ep 194 | Rw: -13.2 | Loss: 0.0001 | Q: -0.51 | Grad: 0.01 | Eps: 0.615 | Time: 1.4s
Ep 195 | Rw: -12.9 | Loss: 0.0001 | Q: -0.51 | Grad: 0.02 | Eps: 0.615 | Time: 1.6s
Ep 196 | Rw: -11.6 | Loss: 0.0001 | Q: -0.51 | Grad: 0.01 | Eps: 0.612 | Time: 1.4s
Ep 197 | Rw: -10.4 | Loss: 0.0001 | Q: -0.51 | Grad: 0.01 | Eps: 0.612 | Time: 1.4s
Ep 198 | Rw: -15.1 | Loss: 0.0001 | Q: -0.51 | Grad: 0.01 | Eps: 0.609 | Time: 1.5s
Ep 199 | Rw: -12.4 | Loss: 0.0001 | Q: -0.51 | Grad: 0.01 | Eps: 0.609 | Time: 1.4s
Ep 200 | Rw: -10.9 | Loss: 0.0001 | Q: -0.51 | Grad: 0.01 | Eps: 0.606 | Time: 1.5s
  ✓ Saved checkpoint & updated plots in checkpoints/2026-03-12_11-17-00/plots
Ep 201 | Rw: -13.6 | Loss: 0.0001 | Q: -0.51 | Grad: 0.02 | Eps: 0.606 | Time: 1.4s
Ep 202 | Rw: -12.3 | Loss: 0.0001 | Q: -0.51 | Grad: 0.01 | Eps: 0.603 | Time: 1.5s
Ep 203 | Rw: -13.4 | Loss: 0.0001 | Q: -0.52 | Grad: 0.01 | Eps: 0.603 | Time: 1.4s
Ep 204 | Rw: -28.3 | Loss: 0.0001 | Q: -0.53 | Grad: 0.02 | Eps: 0.600 | Time: 1.5s
Ep 205 | Rw: -9.7 | Loss: 0.0001 | Q: -0.53 | Grad: 0.02 | Eps: 0.600 | Time: 1.5s
Ep 206 | Rw: -12.3 | Loss: 0.0001 | Q: -0.53 | Grad: 0.02 | Eps: 0.597 | Time: 1.6s
Ep 207 | Rw: -10.5 | Loss: 0.0001 | Q: -0.53 | Grad: 0.02 | Eps: 0.597 | Time: 1.5s
Ep 208 | Rw: -16.0 | Loss: 0.0001 | Q: -0.53 | Grad: 0.02 | Eps: 0.594 | Time: 1.5s
Ep 209 | Rw: -16.5 | Loss: 0.0001 | Q: -0.53 | Grad: 0.01 | Eps: 0.594 | Time: 1.5s
Ep 210 | Rw: -11.7 | Loss: 0.0001 | Q: -0.53 | Grad: 0.02 | Eps: 0.591 | Time: 1.4s
Ep 211 | Rw: -21.3 | Loss: 0.0001 | Q: -0.53 | Grad: 0.02 | Eps: 0.591 | Time: 1.5s
Ep 212 | Rw: -11.7 | Loss: 0.0001 | Q: -0.53 | Grad: 0.01 | Eps: 0.588 | Time: 1.7s
Ep 213 | Rw: -13.4 | Loss: 0.0001 | Q: -0.53 | Grad: 0.02 | Eps: 0.588 | Time: 1.5s
Ep 214 | Rw: -11.8 | Loss: 0.0001 | Q: -0.52 | Grad: 0.02 | Eps: 0.585 | Time: 1.6s
Ep 215 | Rw: -11.6 | Loss: 0.0001 | Q: -0.53 | Grad: 0.02 | Eps: 0.585 | Time: 1.4s
Ep 216 | Rw: -0.3 | Loss: 0.0001 | Q: -0.52 | Grad: 0.02 | Eps: 0.582 | Time: 1.4s
Ep 217 | Rw: -12.3 | Loss: 0.0001 | Q: -0.52 | Grad: 0.01 | Eps: 0.582 | Time: 1.4s
Ep 218 | Rw: -10.7 | Loss: 0.0001 | Q: -0.52 | Grad: 0.01 | Eps: 0.579 | Time: 1.5s
Ep 219 | Rw: -13.1 | Loss: 0.0001 | Q: -0.52 | Grad: 0.02 | Eps: 0.579 | Time: 1.6s
Ep 220 | Rw: -11.4 | Loss: 0.0001 | Q: -0.52 | Grad: 0.02 | Eps: 0.576 | Time: 1.4s
Ep 221 | Rw: -14.8 | Loss: 0.0001 | Q: -0.52 | Grad: 0.02 | Eps: 0.576 | Time: 1.4s
Ep 222 | Rw: -13.5 | Loss: 0.0001 | Q: -0.52 | Grad: 0.02 | Eps: 0.573 | Time: 1.5s
Ep 223 | Rw: -9.3 | Loss: 0.0001 | Q: -0.53 | Grad: 0.02 | Eps: 0.573 | Time: 1.5s
Ep 224 | Rw: -10.8 | Loss: 0.0001 | Q: -0.54 | Grad: 0.02 | Eps: 0.570 | Time: 1.4s
Ep 225 | Rw: -12.4 | Loss: 0.0001 | Q: -0.54 | Grad: 0.02 | Eps: 0.570 | Time: 1.5s
Ep 226 | Rw: -9.4 | Loss: 0.0001 | Q: -0.54 | Grad: 0.03 | Eps: 0.568 | Time: 1.7s
Ep 227 | Rw: -1.8 | Loss: 0.0001 | Q: -0.54 | Grad: 0.02 | Eps: 0.568 | Time: 1.6s
Ep 228 | Rw: -11.8 | Loss: 0.0001 | Q: -0.54 | Grad: 0.01 | Eps: 0.565 | Time: 1.7s
Ep 229 | Rw: -13.1 | Loss: 0.0001 | Q: -0.54 | Grad: 0.02 | Eps: 0.565 | Time: 1.6s
Ep 230 | Rw: -10.2 | Loss: 0.0001 | Q: -0.54 | Grad: 0.02 | Eps: 0.562 | Time: 1.4s
Ep 231 | Rw: -10.7 | Loss: 0.0001 | Q: -0.54 | Grad: 0.02 | Eps: 0.562 | Time: 1.4s
Ep 232 | Rw: -18.8 | Loss: 0.0001 | Q: -0.54 | Grad: 0.02 | Eps: 0.559 | Time: 1.5s
Ep 233 | Rw: -13.4 | Loss: 0.0001 | Q: -0.54 | Grad: 0.02 | Eps: 0.559 | Time: 1.7s
Ep 234 | Rw: -9.7 | Loss: 0.0001 | Q: -0.54 | Grad: 0.02 | Eps: 0.556 | Time: 1.5s
Ep 235 | Rw: -3.8 | Loss: 0.0001 | Q: -0.54 | Grad: 0.02 | Eps: 0.556 | Time: 1.4s
Ep 236 | Rw: -10.2 | Loss: 0.0001 | Q: -0.54 | Grad: 0.02 | Eps: 0.554 | Time: 1.5s
Ep 237 | Rw: -20.3 | Loss: 0.0001 | Q: -0.54 | Grad: 0.01 | Eps: 0.554 | Time: 1.4s
Ep 238 | Rw: -12.1 | Loss: 0.0001 | Q: -0.53 | Grad: 0.02 | Eps: 0.551 | Time: 1.5s
Ep 239 | Rw: -13.9 | Loss: 0.0001 | Q: -0.54 | Grad: 0.02 | Eps: 0.551 | Time: 1.4s
Ep 240 | Rw: -9.7 | Loss: 0.0001 | Q: -0.54 | Grad: 0.02 | Eps: 0.548 | Time: 1.6s
Ep 241 | Rw: -14.1 | Loss: 0.0001 | Q: -0.53 | Grad: 0.02 | Eps: 0.548 | Time: 1.4s
Ep 242 | Rw: -1.2 | Loss: 0.0002 | Q: -0.53 | Grad: 0.03 | Eps: 0.545 | Time: 1.4s
Ep 243 | Rw: -10.2 | Loss: 0.0001 | Q: -0.54 | Grad: 0.02 | Eps: 0.545 | Time: 1.4s
Ep 244 | Rw: -10.4 | Loss: 0.0001 | Q: -0.54 | Grad: 0.02 | Eps: 0.543 | Time: 1.5s
Ep 245 | Rw: -11.4 | Loss: 0.0001 | Q: -0.54 | Grad: 0.02 | Eps: 0.543 | Time: 1.6s
Ep 246 | Rw: -11.5 | Loss: 0.0001 | Q: -0.54 | Grad: 0.02 | Eps: 0.540 | Time: 1.4s
Ep 247 | Rw: -11.6 | Loss: 0.0001 | Q: -0.54 | Grad: 0.02 | Eps: 0.540 | Time: 1.7s
Ep 248 | Rw: -13.1 | Loss: 0.0001 | Q: -0.54 | Grad: 0.02 | Eps: 0.537 | Time: 1.6s
Ep 249 | Rw: -19.9 | Loss: 0.0001 | Q: -0.54 | Grad: 0.02 | Eps: 0.537 | Time: 1.5s
Ep 250 | Rw: -10.5 | Loss: 0.0001 | Q: -0.54 | Grad: 0.02 | Eps: 0.534 | Time: 1.6s
  ✓ Saved checkpoint & updated plots in checkpoints/2026-03-12_11-17-00/plots
Ep 251 | Rw: -9.0 | Loss: 0.0001 | Q: -0.54 | Grad: 0.02 | Eps: 0.534 | Time: 1.5s
Ep 252 | Rw: 1.6 | Loss: 0.0001 | Q: -0.54 | Grad: 0.02 | Eps: 0.532 | Time: 1.7s
Ep 253 | Rw: -9.4 | Loss: 0.0001 | Q: -0.54 | Grad: 0.02 | Eps: 0.532 | Time: 1.5s
Ep 254 | Rw: -11.4 | Loss: 0.0001 | Q: -0.54 | Grad: 0.03 | Eps: 0.529 | Time: 1.5s
Ep 255 | Rw: -11.2 | Loss: 0.0001 | Q: -0.54 | Grad: 0.02 | Eps: 0.529 | Time: 1.5s
Ep 256 | Rw: -11.4 | Loss: 0.0001 | Q: -0.54 | Grad: 0.02 | Eps: 0.526 | Time: 1.5s
Ep 257 | Rw: -13.0 | Loss: 0.0001 | Q: -0.54 | Grad: 0.02 | Eps: 0.526 | Time: 1.5s
Ep 258 | Rw: -10.4 | Loss: 0.0001 | Q: -0.54 | Grad: 0.02 | Eps: 0.524 | Time: 1.4s
Ep 259 | Rw: -7.0 | Loss: 0.0001 | Q: -0.54 | Grad: 0.02 | Eps: 0.524 | Time: 1.5s
Ep 260 | Rw: -6.4 | Loss: 0.0001 | Q: -0.54 | Grad: 0.02 | Eps: 0.521 | Time: 1.6s
Ep 261 | Rw: -12.1 | Loss: 0.0001 | Q: -0.54 | Grad: 0.02 | Eps: 0.521 | Time: 1.5s
Ep 262 | Rw: -11.7 | Loss: 0.0001 | Q: -0.54 | Grad: 0.03 | Eps: 0.519 | Time: 1.4s
Ep 263 | Rw: -8.8 | Loss: 0.0001 | Q: -0.54 | Grad: 0.02 | Eps: 0.519 | Time: 1.4s
Ep 264 | Rw: -13.0 | Loss: 0.0002 | Q: -0.54 | Grad: 0.02 | Eps: 0.516 | Time: 1.5s
Ep 265 | Rw: -8.7 | Loss: 0.0001 | Q: -0.54 | Grad: 0.01 | Eps: 0.516 | Time: 1.5s
Ep 266 | Rw: -13.5 | Loss: 0.0001 | Q: -0.54 | Grad: 0.02 | Eps: 0.513 | Time: 1.5s
Ep 267 | Rw: -14.8 | Loss: 0.0001 | Q: -0.54 | Grad: 0.02 | Eps: 0.513 | Time: 1.7s
Ep 268 | Rw: -11.4 | Loss: 0.0002 | Q: -0.54 | Grad: 0.02 | Eps: 0.511 | Time: 1.6s
Ep 269 | Rw: -14.1 | Loss: 0.0001 | Q: -0.54 | Grad: 0.02 | Eps: 0.511 | Time: 1.5s
Ep 270 | Rw: -9.7 | Loss: 0.0002 | Q: -0.54 | Grad: 0.02 | Eps: 0.508 | Time: 1.5s
Ep 271 | Rw: -9.2 | Loss: 0.0001 | Q: -0.54 | Grad: 0.02 | Eps: 0.508 | Time: 1.5s
Ep 272 | Rw: -14.8 | Loss: 0.0001 | Q: -0.54 | Grad: 0.02 | Eps: 0.506 | Time: 1.6s
Ep 273 | Rw: -10.8 | Loss: 0.0001 | Q: -0.54 | Grad: 0.02 | Eps: 0.506 | Time: 1.5s
Ep 274 | Rw: -11.5 | Loss: 0.0001 | Q: -0.54 | Grad: 0.02 | Eps: 0.503 | Time: 1.5s
Ep 275 | Rw: -9.4 | Loss: 0.0001 | Q: -0.54 | Grad: 0.02 | Eps: 0.503 | Time: 1.7s
Ep 276 | Rw: -14.6 | Loss: 0.0001 | Q: -0.54 | Grad: 0.02 | Eps: 0.501 | Time: 1.5s
Ep 277 | Rw: -12.6 | Loss: 0.0001 | Q: -0.54 | Grad: 0.02 | Eps: 0.501 | Time: 1.5s
Ep 278 | Rw: -11.2 | Loss: 0.0001 | Q: -0.54 | Grad: 0.03 | Eps: 0.498 | Time: 1.5s
Ep 279 | Rw: -9.8 | Loss: 0.0002 | Q: -0.54 | Grad: 0.02 | Eps: 0.498 | Time: 1.5s
Ep 280 | Rw: -13.1 | Loss: 0.0002 | Q: -0.54 | Grad: 0.04 | Eps: 0.496 | Time: 1.4s
Ep 281 | Rw: -8.7 | Loss: 0.0001 | Q: -0.54 | Grad: 0.02 | Eps: 0.496 | Time: 1.4s
Ep 282 | Rw: -13.6 | Loss: 0.0001 | Q: -0.54 | Grad: 0.02 | Eps: 0.493 | Time: 1.6s
Ep 283 | Rw: -16.4 | Loss: 0.0001 | Q: -0.55 | Grad: 0.02 | Eps: 0.493 | Time: 1.4s
Ep 284 | Rw: -8.6 | Loss: 0.0001 | Q: -0.55 | Grad: 0.02 | Eps: 0.491 | Time: 1.5s
Ep 285 | Rw: -10.0 | Loss: 0.0001 | Q: -0.55 | Grad: 0.02 | Eps: 0.491 | Time: 1.4s
Ep 286 | Rw: -9.0 | Loss: 0.0002 | Q: -0.56 | Grad: 0.02 | Eps: 0.488 | Time: 1.4s
Ep 287 | Rw: -10.2 | Loss: 0.0001 | Q: -0.55 | Grad: 0.02 | Eps: 0.488 | Time: 1.5s
Ep 288 | Rw: -10.5 | Loss: 0.0001 | Q: -0.55 | Grad: 0.02 | Eps: 0.486 | Time: 1.5s
Ep 289 | Rw: -14.4 | Loss: 0.0001 | Q: -0.55 | Grad: 0.02 | Eps: 0.486 | Time: 1.6s
Ep 290 | Rw: -14.8 | Loss: 0.0001 | Q: -0.55 | Grad: 0.02 | Eps: 0.483 | Time: 1.7s
Ep 291 | Rw: -10.9 | Loss: 0.0001 | Q: -0.55 | Grad: 0.02 | Eps: 0.483 | Time: 1.5s
Ep 292 | Rw: -9.6 | Loss: 0.0001 | Q: -0.55 | Grad: 0.02 | Eps: 0.481 | Time: 1.4s
Ep 293 | Rw: -11.6 | Loss: 0.0001 | Q: -0.55 | Grad: 0.02 | Eps: 0.481 | Time: 1.4s
Ep 294 | Rw: -9.5 | Loss: 0.0001 | Q: -0.55 | Grad: 0.02 | Eps: 0.479 | Time: 1.5s
Ep 295 | Rw: -10.1 | Loss: 0.0001 | Q: -0.55 | Grad: 0.02 | Eps: 0.479 | Time: 1.5s
Ep 296 | Rw: -21.5 | Loss: 0.0001 | Q: -0.55 | Grad: 0.02 | Eps: 0.476 | Time: 1.4s
Ep 297 | Rw: -9.9 | Loss: 0.0001 | Q: -0.55 | Grad: 0.02 | Eps: 0.476 | Time: 1.6s
Ep 298 | Rw: -10.2 | Loss: 0.0001 | Q: -0.55 | Grad: 0.02 | Eps: 0.474 | Time: 1.5s
Ep 299 | Rw: -9.3 | Loss: 0.0002 | Q: -0.55 | Grad: 0.02 | Eps: 0.474 | Time: 1.5s
Ep 300 | Rw: -12.8 | Loss: 0.0001 | Q: -0.55 | Grad: 0.02 | Eps: 0.471 | Time: 1.4s
  ✓ Saved checkpoint & updated plots in checkpoints/2026-03-12_11-17-00/plots
Ep 301 | Rw: -11.2 | Loss: 0.0001 | Q: -0.55 | Grad: 0.02 | Eps: 0.471 | Time: 1.4s
Ep 302 | Rw: -16.4 | Loss: 0.0001 | Q: -0.55 | Grad: 0.02 | Eps: 0.469 | Time: 1.4s
Ep 303 | Rw: -9.8 | Loss: 0.0001 | Q: -0.56 | Grad: 0.02 | Eps: 0.469 | Time: 1.6s
Ep 304 | Rw: -10.2 | Loss: 0.0002 | Q: -0.56 | Grad: 0.03 | Eps: 0.467 | Time: 1.5s
Ep 305 | Rw: -7.1 | Loss: 0.0002 | Q: -0.55 | Grad: 0.03 | Eps: 0.467 | Time: 1.6s
Ep 306 | Rw: -11.9 | Loss: 0.0001 | Q: -0.56 | Grad: 0.02 | Eps: 0.464 | Time: 1.6s
Ep 307 | Rw: -6.6 | Loss: 0.0002 | Q: -0.55 | Grad: 0.02 | Eps: 0.464 | Time: 1.5s
Ep 308 | Rw: -11.7 | Loss: 0.0001 | Q: -0.56 | Grad: 0.02 | Eps: 0.462 | Time: 1.5s
Ep 309 | Rw: -12.7 | Loss: 0.0001 | Q: -0.56 | Grad: 0.02 | Eps: 0.462 | Time: 1.5s
Ep 310 | Rw: -12.5 | Loss: 0.0002 | Q: -0.55 | Grad: 0.02 | Eps: 0.460 | Time: 1.7s
Ep 311 | Rw: -10.0 | Loss: 0.0002 | Q: -0.55 | Grad: 0.02 | Eps: 0.460 | Time: 1.5s
Ep 312 | Rw: -10.5 | Loss: 0.0001 | Q: -0.56 | Grad: 0.03 | Eps: 0.458 | Time: 1.5s
Ep 313 | Rw: -19.3 | Loss: 0.0002 | Q: -0.56 | Grad: 0.03 | Eps: 0.458 | Time: 1.5s
Ep 314 | Rw: -11.1 | Loss: 0.0002 | Q: -0.56 | Grad: 0.02 | Eps: 0.455 | Time: 1.5s
Ep 315 | Rw: -12.5 | Loss: 0.0002 | Q: -0.55 | Grad: 0.02 | Eps: 0.455 | Time: 1.6s
Ep 316 | Rw: -17.7 | Loss: 0.0001 | Q: -0.56 | Grad: 0.02 | Eps: 0.453 | Time: 1.5s
Ep 317 | Rw: -10.8 | Loss: 0.0002 | Q: -0.55 | Grad: 0.03 | Eps: 0.453 | Time: 1.5s
Ep 318 | Rw: -14.6 | Loss: 0.0001 | Q: -0.56 | Grad: 0.02 | Eps: 0.451 | Time: 1.7s
Ep 319 | Rw: -9.5 | Loss: 0.0002 | Q: -0.55 | Grad: 0.03 | Eps: 0.451 | Time: 1.5s
Ep 320 | Rw: -10.5 | Loss: 0.0001 | Q: -0.56 | Grad: 0.02 | Eps: 0.448 | Time: 1.5s
Ep 321 | Rw: -10.3 | Loss: 0.0002 | Q: -0.55 | Grad: 0.03 | Eps: 0.448 | Time: 1.7s
Ep 322 | Rw: -11.0 | Loss: 0.0001 | Q: -0.55 | Grad: 0.02 | Eps: 0.446 | Time: 1.6s
Ep 323 | Rw: -11.8 | Loss: 0.0002 | Q: -0.56 | Grad: 0.02 | Eps: 0.446 | Time: 1.6s
Ep 324 | Rw: -8.9 | Loss: 0.0002 | Q: -0.56 | Grad: 0.03 | Eps: 0.444 | Time: 1.5s
Ep 325 | Rw: -11.4 | Loss: 0.0002 | Q: -0.56 | Grad: 0.02 | Eps: 0.444 | Time: 1.5s
Ep 326 | Rw: -10.2 | Loss: 0.0002 | Q: -0.56 | Grad: 0.02 | Eps: 0.442 | Time: 1.7s
Ep 327 | Rw: -8.8 | Loss: 0.0001 | Q: -0.56 | Grad: 0.02 | Eps: 0.442 | Time: 1.5s
Ep 328 | Rw: 0.8 | Loss: 0.0002 | Q: -0.56 | Grad: 0.03 | Eps: 0.440 | Time: 1.4s
Ep 329 | Rw: -9.3 | Loss: 0.0001 | Q: -0.56 | Grad: 0.02 | Eps: 0.440 | Time: 1.5s
Ep 330 | Rw: -9.7 | Loss: 0.0002 | Q: -0.56 | Grad: 0.02 | Eps: 0.437 | Time: 1.5s
Ep 331 | Rw: -10.8 | Loss: 0.0002 | Q: -0.56 | Grad: 0.03 | Eps: 0.437 | Time: 1.5s
Ep 332 | Rw: -10.4 | Loss: 0.0002 | Q: -0.56 | Grad: 0.03 | Eps: 0.435 | Time: 1.5s
Ep 333 | Rw: -7.6 | Loss: 0.0001 | Q: -0.56 | Grad: 0.02 | Eps: 0.435 | Time: 1.4s
Ep 334 | Rw: -9.4 | Loss: 0.0001 | Q: -0.56 | Grad: 0.02 | Eps: 0.433 | Time: 1.7s
Ep 335 | Rw: -15.6 | Loss: 0.0001 | Q: -0.56 | Grad: 0.02 | Eps: 0.433 | Time: 1.5s
Ep 336 | Rw: -11.3 | Loss: 0.0002 | Q: -0.56 | Grad: 0.02 | Eps: 0.431 | Time: 1.5s
Ep 337 | Rw: -23.9 | Loss: 0.0001 | Q: -0.56 | Grad: 0.02 | Eps: 0.431 | Time: 1.5s
Ep 338 | Rw: -11.2 | Loss: 0.0002 | Q: -0.56 | Grad: 0.02 | Eps: 0.429 | Time: 1.6s
Ep 339 | Rw: -11.4 | Loss: 0.0001 | Q: -0.56 | Grad: 0.02 | Eps: 0.429 | Time: 1.5s
Ep 340 | Rw: -11.4 | Loss: 0.0002 | Q: -0.56 | Grad: 0.02 | Eps: 0.427 | Time: 1.5s
Ep 341 | Rw: -10.5 | Loss: 0.0002 | Q: -0.56 | Grad: 0.02 | Eps: 0.427 | Time: 1.5s
Ep 342 | Rw: -10.8 | Loss: 0.0001 | Q: -0.56 | Grad: 0.02 | Eps: 0.424 | Time: 1.7s
Ep 343 | Rw: -10.2 | Loss: 0.0002 | Q: -0.56 | Grad: 0.03 | Eps: 0.424 | Time: 1.5s
Ep 344 | Rw: 7.4 | Loss: 0.0002 | Q: -0.57 | Grad: 0.02 | Eps: 0.422 | Time: 1.6s
Ep 345 | Rw: 3.3 | Loss: 0.0002 | Q: -0.57 | Grad: 0.03 | Eps: 0.422 | Time: 1.5s
Ep 346 | Rw: -9.1 | Loss: 0.0002 | Q: -0.57 | Grad: 0.02 | Eps: 0.420 | Time: 1.5s
Ep 347 | Rw: -12.1 | Loss: 0.0002 | Q: -0.57 | Grad: 0.02 | Eps: 0.420 | Time: 1.5s
Ep 348 | Rw: -16.9 | Loss: 0.0002 | Q: -0.57 | Grad: 0.03 | Eps: 0.418 | Time: 1.5s
Ep 349 | Rw: -8.2 | Loss: 0.0002 | Q: -0.57 | Grad: 0.02 | Eps: 0.418 | Time: 1.6s
Ep 350 | Rw: -8.6 | Loss: 0.0002 | Q: -0.57 | Grad: 0.03 | Eps: 0.416 | Time: 1.7s
  ✓ Saved checkpoint & updated plots in checkpoints/2026-03-12_11-17-00/plots
Ep 351 | Rw: -11.9 | Loss: 0.0002 | Q: -0.57 | Grad: 0.03 | Eps: 0.416 | Time: 1.6s
Ep 352 | Rw: -11.1 | Loss: 0.0002 | Q: -0.57 | Grad: 0.03 | Eps: 0.414 | Time: 1.5s
Ep 353 | Rw: -6.9 | Loss: 0.0002 | Q: -0.57 | Grad: 0.02 | Eps: 0.414 | Time: 1.5s
Ep 354 | Rw: -10.8 | Loss: 0.0002 | Q: -0.57 | Grad: 0.02 | Eps: 0.412 | Time: 1.5s
Ep 355 | Rw: -14.0 | Loss: 0.0002 | Q: -0.57 | Grad: 0.03 | Eps: 0.412 | Time: 1.5s
Ep 356 | Rw: -2.9 | Loss: 0.0001 | Q: -0.57 | Grad: 0.03 | Eps: 0.410 | Time: 1.7s
Ep 357 | Rw: 10.3 | Loss: 0.0002 | Q: -0.57 | Grad: 0.03 | Eps: 0.410 | Time: 1.6s
Ep 358 | Rw: -2.7 | Loss: 0.0002 | Q: -0.57 | Grad: 0.02 | Eps: 0.408 | Time: 1.6s
Ep 359 | Rw: -11.6 | Loss: 0.0002 | Q: -0.57 | Grad: 0.02 | Eps: 0.408 | Time: 1.5s
Ep 360 | Rw: -12.9 | Loss: 0.0002 | Q: -0.56 | Grad: 0.02 | Eps: 0.406 | Time: 1.5s
Ep 361 | Rw: -8.5 | Loss: 0.0002 | Q: -0.57 | Grad: 0.03 | Eps: 0.406 | Time: 1.6s
Ep 362 | Rw: -9.4 | Loss: 0.0001 | Q: -0.56 | Grad: 0.02 | Eps: 0.404 | Time: 1.7s
Ep 363 | Rw: -10.0 | Loss: 0.0002 | Q: -0.57 | Grad: 0.03 | Eps: 0.404 | Time: 1.6s
Ep 364 | Rw: -9.0 | Loss: 0.0002 | Q: -0.57 | Grad: 0.02 | Eps: 0.402 | Time: 1.6s
Ep 365 | Rw: -9.7 | Loss: 0.0002 | Q: -0.57 | Grad: 0.02 | Eps: 0.402 | Time: 1.9s
Ep 366 | Rw: -8.1 | Loss: 0.0002 | Q: -0.57 | Grad: 0.02 | Eps: 0.400 | Time: 1.6s
Ep 367 | Rw: -10.0 | Loss: 0.0001 | Q: -0.57 | Grad: 0.02 | Eps: 0.400 | Time: 1.7s
Ep 368 | Rw: -11.5 | Loss: 0.0002 | Q: -0.57 | Grad: 0.03 | Eps: 0.398 | Time: 1.6s
Ep 369 | Rw: -3.8 | Loss: 0.0002 | Q: -0.57 | Grad: 0.03 | Eps: 0.398 | Time: 1.6s
Ep 370 | Rw: -11.3 | Loss: 0.0002 | Q: -0.57 | Grad: 0.02 | Eps: 0.396 | Time: 1.6s
Ep 371 | Rw: -10.0 | Loss: 0.0002 | Q: -0.57 | Grad: 0.02 | Eps: 0.396 | Time: 4.2s
Ep 372 | Rw: -8.7 | Loss: 0.0002 | Q: -0.57 | Grad: 0.03 | Eps: 0.394 | Time: 1.6s
Ep 373 | Rw: 0.1 | Loss: 0.0002 | Q: -0.57 | Grad: 0.03 | Eps: 0.394 | Time: 1.6s
Ep 374 | Rw: -9.1 | Loss: 0.0002 | Q: -0.57 | Grad: 0.02 | Eps: 0.392 | Time: 2.0s
Ep 375 | Rw: -9.5 | Loss: 0.0002 | Q: -0.57 | Grad: 0.03 | Eps: 0.392 | Time: 1.6s
Ep 376 | Rw: -11.0 | Loss: 0.0002 | Q: -0.57 | Grad: 0.03 | Eps: 0.390 | Time: 1.6s
Ep 377 | Rw: -15.0 | Loss: 0.0002 | Q: -0.57 | Grad: 0.02 | Eps: 0.390 | Time: 1.5s
Ep 378 | Rw: -10.7 | Loss: 0.0002 | Q: -0.57 | Grad: 0.03 | Eps: 0.388 | Time: 1.6s
Ep 379 | Rw: -7.4 | Loss: 0.0002 | Q: -0.57 | Grad: 0.03 | Eps: 0.388 | Time: 1.5s
Ep 380 | Rw: -12.7 | Loss: 0.0002 | Q: -0.57 | Grad: 0.03 | Eps: 0.386 | Time: 1.5s
Ep 381 | Rw: -13.8 | Loss: 0.0002 | Q: -0.57 | Grad: 0.02 | Eps: 0.386 | Time: 1.5s
Ep 382 | Rw: -14.5 | Loss: 0.0002 | Q: -0.57 | Grad: 0.02 | Eps: 0.384 | Time: 1.7s
Ep 383 | Rw: -15.1 | Loss: 0.0002 | Q: -0.57 | Grad: 0.02 | Eps: 0.384 | Time: 1.7s
Ep 384 | Rw: -6.7 | Loss: 0.0002 | Q: -0.58 | Grad: 0.03 | Eps: 0.382 | Time: 1.6s
Ep 385 | Rw: -10.4 | Loss: 0.0002 | Q: -0.58 | Grad: 0.03 | Eps: 0.382 | Time: 1.5s
Ep 386 | Rw: -10.7 | Loss: 0.0002 | Q: -0.57 | Grad: 0.03 | Eps: 0.380 | Time: 1.6s
Ep 387 | Rw: -13.5 | Loss: 0.0002 | Q: -0.58 | Grad: 0.03 | Eps: 0.380 | Time: 1.5s
Ep 388 | Rw: -13.8 | Loss: 0.0002 | Q: -0.58 | Grad: 0.02 | Eps: 0.378 | Time: 1.6s
Ep 389 | Rw: -6.3 | Loss: 0.0002 | Q: -0.58 | Grad: 0.02 | Eps: 0.378 | Time: 1.5s
Ep 390 | Rw: -8.9 | Loss: 0.0002 | Q: -0.58 | Grad: 0.03 | Eps: 0.376 | Time: 1.5s
Ep 391 | Rw: -8.2 | Loss: 0.0002 | Q: -0.57 | Grad: 0.03 | Eps: 0.376 | Time: 1.8s
Ep 392 | Rw: -10.8 | Loss: 0.0002 | Q: -0.58 | Grad: 0.02 | Eps: 0.374 | Time: 1.6s
Ep 393 | Rw: -17.4 | Loss: 0.0002 | Q: -0.58 | Grad: 0.02 | Eps: 0.374 | Time: 1.7s
Ep 394 | Rw: -11.6 | Loss: 0.0002 | Q: -0.58 | Grad: 0.04 | Eps: 0.373 | Time: 1.7s
Ep 395 | Rw: -9.5 | Loss: 0.0002 | Q: -0.57 | Grad: 0.02 | Eps: 0.373 | Time: 1.6s
Ep 396 | Rw: -7.7 | Loss: 0.0002 | Q: -0.58 | Grad: 0.02 | Eps: 0.371 | Time: 1.6s
Ep 397 | Rw: -6.4 | Loss: 0.0002 | Q: -0.58 | Grad: 0.03 | Eps: 0.371 | Time: 1.5s
Ep 398 | Rw: -10.4 | Loss: 0.0002 | Q: -0.58 | Grad: 0.02 | Eps: 0.369 | Time: 1.5s
Ep 399 | Rw: -13.3 | Loss: 0.0002 | Q: -0.58 | Grad: 0.03 | Eps: 0.369 | Time: 1.7s
Ep 400 | Rw: -7.6 | Loss: 0.0002 | Q: -0.58 | Grad: 0.02 | Eps: 0.367 | Time: 1.5s
  ✓ Saved checkpoint & updated plots in checkpoints/2026-03-12_11-17-00/plots
Ep 401 | Rw: -13.7 | Loss: 0.0002 | Q: -0.58 | Grad: 0.02 | Eps: 0.367 | Time: 1.6s
Ep 402 | Rw: -9.1 | Loss: 0.0002 | Q: -0.57 | Grad: 0.02 | Eps: 0.365 | Time: 1.6s
Ep 403 | Rw: -7.5 | Loss: 0.0002 | Q: -0.58 | Grad: 0.03 | Eps: 0.365 | Time: 1.5s
Ep 404 | Rw: -9.7 | Loss: 0.0002 | Q: -0.58 | Grad: 0.02 | Eps: 0.363 | Time: 1.5s
Ep 405 | Rw: -9.3 | Loss: 0.0002 | Q: -0.58 | Grad: 0.02 | Eps: 0.363 | Time: 1.5s
Ep 406 | Rw: 2.8 | Loss: 0.0002 | Q: -0.58 | Grad: 0.03 | Eps: 0.361 | Time: 1.7s
Ep 407 | Rw: -11.8 | Loss: 0.0002 | Q: -0.58 | Grad: 0.03 | Eps: 0.361 | Time: 1.5s
Ep 408 | Rw: -10.2 | Loss: 0.0002 | Q: -0.58 | Grad: 0.03 | Eps: 0.360 | Time: 1.5s
Ep 409 | Rw: -10.4 | Loss: 0.0002 | Q: -0.58 | Grad: 0.03 | Eps: 0.360 | Time: 1.5s
Ep 410 | Rw: -10.0 | Loss: 0.0002 | Q: -0.58 | Grad: 0.04 | Eps: 0.358 | Time: 1.5s
Ep 411 | Rw: -10.5 | Loss: 0.0002 | Q: -0.58 | Grad: 0.02 | Eps: 0.358 | Time: 1.5s
Ep 412 | Rw: -7.9 | Loss: 0.0002 | Q: -0.58 | Grad: 0.02 | Eps: 0.356 | Time: 1.5s
Ep 413 | Rw: -2.4 | Loss: 0.0002 | Q: -0.58 | Grad: 0.02 | Eps: 0.356 | Time: 1.5s
Ep 414 | Rw: -16.8 | Loss: 0.0002 | Q: -0.58 | Grad: 0.03 | Eps: 0.354 | Time: 1.4s
Ep 415 | Rw: -11.1 | Loss: 0.0002 | Q: -0.58 | Grad: 0.03 | Eps: 0.354 | Time: 1.7s
Ep 416 | Rw: -14.2 | Loss: 0.0002 | Q: -0.58 | Grad: 0.03 | Eps: 0.353 | Time: 1.6s
Ep 417 | Rw: -10.5 | Loss: 0.0002 | Q: -0.58 | Grad: 0.02 | Eps: 0.353 | Time: 1.5s
Ep 418 | Rw: 1.2 | Loss: 0.0002 | Q: -0.58 | Grad: 0.02 | Eps: 0.351 | Time: 1.5s
Ep 419 | Rw: -10.4 | Loss: 0.0002 | Q: -0.58 | Grad: 0.03 | Eps: 0.351 | Time: 1.5s
Ep 420 | Rw: -12.8 | Loss: 0.0002 | Q: -0.58 | Grad: 0.02 | Eps: 0.349 | Time: 1.5s
Ep 421 | Rw: -9.0 | Loss: 0.0002 | Q: -0.58 | Grad: 0.02 | Eps: 0.349 | Time: 1.5s
Ep 422 | Rw: -10.3 | Loss: 0.0002 | Q: -0.58 | Grad: 0.02 | Eps: 0.347 | Time: 1.5s
Ep 423 | Rw: -9.1 | Loss: 0.0002 | Q: -0.58 | Grad: 0.02 | Eps: 0.347 | Time: 1.5s
Ep 424 | Rw: -8.5 | Loss: 0.0002 | Q: -0.59 | Grad: 0.02 | Eps: 0.346 | Time: 1.7s
Ep 425 | Rw: -10.6 | Loss: 0.0002 | Q: -0.59 | Grad: 0.03 | Eps: 0.346 | Time: 1.5s
Ep 426 | Rw: -7.2 | Loss: 0.0002 | Q: -0.59 | Grad: 0.03 | Eps: 0.344 | Time: 1.5s
Ep 427 | Rw: -9.0 | Loss: 0.0002 | Q: -0.59 | Grad: 0.03 | Eps: 0.344 | Time: 1.5s
Ep 428 | Rw: -13.0 | Loss: 0.0002 | Q: -0.59 | Grad: 0.03 | Eps: 0.342 | Time: 1.5s
Ep 429 | Rw: -1.2 | Loss: 0.0002 | Q: -0.59 | Grad: 0.03 | Eps: 0.342 | Time: 1.6s
Ep 430 | Rw: -11.5 | Loss: 0.0002 | Q: -0.59 | Grad: 0.03 | Eps: 0.340 | Time: 1.5s
Ep 431 | Rw: -8.8 | Loss: 0.0002 | Q: -0.59 | Grad: 0.02 | Eps: 0.340 | Time: 1.5s
Ep 432 | Rw: -11.9 | Loss: 0.0002 | Q: -0.59 | Grad: 0.03 | Eps: 0.339 | Time: 1.5s
Ep 433 | Rw: -11.7 | Loss: 0.0002 | Q: -0.59 | Grad: 0.03 | Eps: 0.339 | Time: 1.7s
Ep 434 | Rw: -11.7 | Loss: 0.0002 | Q: -0.59 | Grad: 0.02 | Eps: 0.337 | Time: 1.5s
Ep 435 | Rw: -10.8 | Loss: 0.0002 | Q: -0.59 | Grad: 0.02 | Eps: 0.337 | Time: 1.6s
Ep 436 | Rw: -11.5 | Loss: 0.0002 | Q: -0.59 | Grad: 0.05 | Eps: 0.335 | Time: 1.6s
Ep 437 | Rw: -11.5 | Loss: 0.0002 | Q: -0.59 | Grad: 0.03 | Eps: 0.335 | Time: 1.6s
Ep 438 | Rw: -14.2 | Loss: 0.0002 | Q: -0.59 | Grad: 0.02 | Eps: 0.334 | Time: 1.6s
Ep 439 | Rw: -4.9 | Loss: 0.0002 | Q: -0.59 | Grad: 0.02 | Eps: 0.334 | Time: 1.6s
Ep 440 | Rw: -8.8 | Loss: 0.0002 | Q: -0.59 | Grad: 0.02 | Eps: 0.332 | Time: 1.6s
Ep 441 | Rw: -9.0 | Loss: 0.0002 | Q: -0.59 | Grad: 0.03 | Eps: 0.332 | Time: 1.5s
Ep 442 | Rw: -5.0 | Loss: 0.0002 | Q: -0.59 | Grad: 0.03 | Eps: 0.330 | Time: 1.8s
Ep 443 | Rw: -10.6 | Loss: 0.0002 | Q: -0.59 | Grad: 0.03 | Eps: 0.330 | Time: 1.5s
Ep 444 | Rw: -13.5 | Loss: 0.0002 | Q: -0.59 | Grad: 0.02 | Eps: 0.329 | Time: 1.6s
Ep 445 | Rw: -11.4 | Loss: 0.0002 | Q: -0.59 | Grad: 0.03 | Eps: 0.329 | Time: 1.6s
Ep 446 | Rw: -9.7 | Loss: 0.0002 | Q: -0.59 | Grad: 0.03 | Eps: 0.327 | Time: 1.6s
Ep 447 | Rw: -10.6 | Loss: 0.0002 | Q: -0.59 | Grad: 0.02 | Eps: 0.327 | Time: 1.5s
Ep 448 | Rw: 13.3 | Loss: 0.0002 | Q: -0.59 | Grad: 0.03 | Eps: 0.325 | Time: 1.5s
Ep 449 | Rw: -12.7 | Loss: 0.0002 | Q: -0.59 | Grad: 0.04 | Eps: 0.325 | Time: 1.5s
Ep 450 | Rw: -9.3 | Loss: 0.0002 | Q: -0.59 | Grad: 0.02 | Eps: 0.324 | Time: 1.5s
  ✓ Saved checkpoint & updated plots in checkpoints/2026-03-12_11-17-00/plots
Ep 451 | Rw: -11.5 | Loss: 0.0002 | Q: -0.59 | Grad: 0.03 | Eps: 0.324 | Time: 1.5s
Ep 452 | Rw: -8.7 | Loss: 0.0002 | Q: -0.59 | Grad: 0.03 | Eps: 0.322 | Time: 1.6s
Ep 453 | Rw: -8.5 | Loss: 0.0002 | Q: -0.59 | Grad: 0.02 | Eps: 0.322 | Time: 1.5s
Ep 454 | Rw: -10.3 | Loss: 0.0002 | Q: -0.59 | Grad: 0.03 | Eps: 0.321 | Time: 1.5s
Ep 455 | Rw: 9.2 | Loss: 0.0002 | Q: -0.59 | Grad: 0.03 | Eps: 0.321 | Time: 1.6s
Ep 456 | Rw: -9.1 | Loss: 0.0002 | Q: -0.59 | Grad: 0.03 | Eps: 0.319 | Time: 1.7s
Ep 457 | Rw: -9.7 | Loss: 0.0002 | Q: -0.59 | Grad: 0.03 | Eps: 0.319 | Time: 1.5s
Ep 458 | Rw: -9.9 | Loss: 0.0002 | Q: -0.59 | Grad: 0.03 | Eps: 0.317 | Time: 1.7s
Ep 459 | Rw: -12.0 | Loss: 0.0002 | Q: -0.59 | Grad: 0.04 | Eps: 0.317 | Time: 1.6s
Ep 460 | Rw: -9.6 | Loss: 0.0002 | Q: -0.59 | Grad: 0.03 | Eps: 0.316 | Time: 1.5s
Ep 461 | Rw: -3.6 | Loss: 0.0002 | Q: -0.59 | Grad: 0.02 | Eps: 0.316 | Time: 1.5s
Ep 462 | Rw: 0.8 | Loss: 0.0002 | Q: -0.59 | Grad: 0.04 | Eps: 0.314 | Time: 1.5s
Ep 463 | Rw: -11.3 | Loss: 0.0002 | Q: -0.59 | Grad: 0.03 | Eps: 0.314 | Time: 1.5s
Ep 464 | Rw: -11.6 | Loss: 0.0002 | Q: -0.59 | Grad: 0.03 | Eps: 0.313 | Time: 1.5s
Ep 465 | Rw: -13.8 | Loss: 0.0002 | Q: -0.59 | Grad: 0.03 | Eps: 0.313 | Time: 1.5s
Ep 466 | Rw: -8.2 | Loss: 0.0002 | Q: -0.59 | Grad: 0.04 | Eps: 0.311 | Time: 1.6s
Ep 467 | Rw: -9.6 | Loss: 0.0002 | Q: -0.59 | Grad: 0.03 | Eps: 0.311 | Time: 1.6s
Ep 468 | Rw: -9.1 | Loss: 0.0002 | Q: -0.59 | Grad: 0.03 | Eps: 0.309 | Time: 1.7s
Ep 469 | Rw: -8.2 | Loss: 0.0003 | Q: -0.59 | Grad: 0.05 | Eps: 0.309 | Time: 1.5s
Ep 470 | Rw: -1.1 | Loss: 0.0002 | Q: -0.59 | Grad: 0.04 | Eps: 0.308 | Time: 1.5s
Ep 471 | Rw: -8.8 | Loss: 0.0002 | Q: -0.59 | Grad: 0.03 | Eps: 0.308 | Time: 1.4s
Ep 472 | Rw: -17.3 | Loss: 0.0002 | Q: -0.59 | Grad: 0.02 | Eps: 0.306 | Time: 1.4s
Ep 473 | Rw: -8.6 | Loss: 0.0002 | Q: -0.59 | Grad: 0.03 | Eps: 0.306 | Time: 1.5s
Ep 474 | Rw: -9.9 | Loss: 0.0002 | Q: -0.59 | Grad: 0.03 | Eps: 0.305 | Time: 1.5s
Ep 475 | Rw: -28.8 | Loss: 0.0002 | Q: -0.59 | Grad: 0.02 | Eps: 0.305 | Time: 1.5s
Ep 476 | Rw: -11.6 | Loss: 0.0002 | Q: -0.59 | Grad: 0.03 | Eps: 0.303 | Time: 1.4s
Ep 477 | Rw: 15.0 | Loss: 0.0002 | Q: -0.59 | Grad: 0.03 | Eps: 0.303 | Time: 1.7s
Ep 478 | Rw: -11.3 | Loss: 0.0002 | Q: -0.59 | Grad: 0.03 | Eps: 0.302 | Time: 1.5s
Ep 479 | Rw: -12.1 | Loss: 0.0002 | Q: -0.59 | Grad: 0.02 | Eps: 0.302 | Time: 1.5s
Ep 480 | Rw: -9.4 | Loss: 0.0002 | Q: -0.59 | Grad: 0.02 | Eps: 0.300 | Time: 1.5s
Ep 481 | Rw: -7.1 | Loss: 0.0002 | Q: -0.59 | Grad: 0.02 | Eps: 0.300 | Time: 1.5s
Ep 482 | Rw: -4.4 | Loss: 0.0002 | Q: -0.59 | Grad: 0.02 | Eps: 0.299 | Time: 1.5s
Ep 483 | Rw: -10.0 | Loss: 0.0002 | Q: -0.59 | Grad: 0.03 | Eps: 0.299 | Time: 1.5s
Ep 484 | Rw: -10.7 | Loss: 0.0002 | Q: -0.59 | Grad: 0.04 | Eps: 0.297 | Time: 1.5s
Ep 485 | Rw: -9.7 | Loss: 0.0002 | Q: -0.59 | Grad: 0.03 | Eps: 0.297 | Time: 1.5s
Ep 486 | Rw: -10.6 | Loss: 0.0002 | Q: -0.60 | Grad: 0.02 | Eps: 0.296 | Time: 1.5s
Ep 487 | Rw: -6.2 | Loss: 0.0002 | Q: -0.60 | Grad: 0.03 | Eps: 0.296 | Time: 1.7s
Ep 488 | Rw: -7.2 | Loss: 0.0002 | Q: -0.60 | Grad: 0.03 | Eps: 0.294 | Time: 1.5s
Ep 489 | Rw: -9.4 | Loss: 0.0002 | Q: -0.60 | Grad: 0.02 | Eps: 0.294 | Time: 1.5s
Ep 490 | Rw: -13.6 | Loss: 0.0002 | Q: -0.59 | Grad: 0.03 | Eps: 0.293 | Time: 1.5s
Ep 491 | Rw: -13.7 | Loss: 0.0002 | Q: -0.59 | Grad: 0.02 | Eps: 0.293 | Time: 1.5s
Ep 492 | Rw: -11.2 | Loss: 0.0002 | Q: -0.60 | Grad: 0.04 | Eps: 0.291 | Time: 1.5s
Ep 493 | Rw: -10.8 | Loss: 0.0002 | Q: -0.60 | Grad: 0.02 | Eps: 0.291 | Time: 1.5s
Ep 494 | Rw: -12.2 | Loss: 0.0002 | Q: -0.60 | Grad: 0.02 | Eps: 0.290 | Time: 1.5s
Ep 495 | Rw: -10.4 | Loss: 0.0002 | Q: -0.59 | Grad: 0.03 | Eps: 0.290 | Time: 1.5s
Ep 496 | Rw: -6.1 | Loss: 0.0002 | Q: -0.60 | Grad: 0.02 | Eps: 0.288 | Time: 1.5s
Ep 497 | Rw: -6.5 | Loss: 0.0002 | Q: -0.59 | Grad: 0.04 | Eps: 0.288 | Time: 1.7s
Ep 498 | Rw: -9.5 | Loss: 0.0002 | Q: -0.60 | Grad: 0.03 | Eps: 0.287 | Time: 1.5s
Ep 499 | Rw: -7.6 | Loss: 0.0002 | Q: -0.59 | Grad: 0.03 | Eps: 0.287 | Time: 1.5s
Ep 500 | Rw: -8.4 | Loss: 0.0002 | Q: -0.59 | Grad: 0.02 | Eps: 0.286 | Time: 1.5s
  ✓ Saved checkpoint & updated plots in checkpoints/2026-03-12_11-17-00/plots
Ep 501 | Rw: -6.3 | Loss: 0.0002 | Q: -0.59 | Grad: 0.04 | Eps: 0.286 | Time: 1.5s
Ep 502 | Rw: -10.3 | Loss: 0.0002 | Q: -0.59 | Grad: 0.04 | Eps: 0.284 | Time: 1.5s
Ep 503 | Rw: -5.7 | Loss: 0.0002 | Q: -0.60 | Grad: 0.04 | Eps: 0.284 | Time: 1.5s
Ep 504 | Rw: -9.0 | Loss: 0.0002 | Q: -0.60 | Grad: 0.03 | Eps: 0.283 | Time: 1.8s
Ep 505 | Rw: -10.0 | Loss: 0.0002 | Q: -0.60 | Grad: 0.03 | Eps: 0.283 | Time: 1.5s
Ep 506 | Rw: -12.0 | Loss: 0.0002 | Q: -0.60 | Grad: 0.04 | Eps: 0.281 | Time: 1.5s
Ep 507 | Rw: -2.2 | Loss: 0.0002 | Q: -0.60 | Grad: 0.03 | Eps: 0.281 | Time: 1.5s
Ep 508 | Rw: -9.6 | Loss: 0.0002 | Q: -0.60 | Grad: 0.03 | Eps: 0.280 | Time: 1.5s
Ep 509 | Rw: -1.7 | Loss: 0.0002 | Q: -0.60 | Grad: 0.02 | Eps: 0.280 | Time: 1.6s
Ep 510 | Rw: -10.4 | Loss: 0.0002 | Q: -0.60 | Grad: 0.03 | Eps: 0.279 | Time: 1.6s
Ep 511 | Rw: -9.7 | Loss: 0.0002 | Q: -0.60 | Grad: 0.04 | Eps: 0.279 | Time: 1.5s
Ep 512 | Rw: -8.8 | Loss: 0.0002 | Q: -0.60 | Grad: 0.03 | Eps: 0.277 | Time: 1.5s
Ep 513 | Rw: -10.1 | Loss: 0.0002 | Q: -0.60 | Grad: 0.03 | Eps: 0.277 | Time: 1.5s
Ep 514 | Rw: -15.8 | Loss: 0.0002 | Q: -0.60 | Grad: 0.02 | Eps: 0.276 | Time: 1.8s
Ep 515 | Rw: -10.7 | Loss: 0.0002 | Q: -0.60 | Grad: 0.02 | Eps: 0.276 | Time: 1.5s
Ep 516 | Rw: -9.5 | Loss: 0.0002 | Q: -0.60 | Grad: 0.03 | Eps: 0.274 | Time: 1.5s
Ep 517 | Rw: -2.1 | Loss: 0.0002 | Q: -0.60 | Grad: 0.03 | Eps: 0.274 | Time: 1.5s
Ep 518 | Rw: -9.4 | Loss: 0.0002 | Q: -0.60 | Grad: 0.02 | Eps: 0.273 | Time: 1.5s
Ep 519 | Rw: -8.7 | Loss: 0.0002 | Q: -0.60 | Grad: 0.02 | Eps: 0.273 | Time: 1.4s
Ep 520 | Rw: -12.0 | Loss: 0.0002 | Q: -0.60 | Grad: 0.03 | Eps: 0.272 | Time: 1.4s
Ep 521 | Rw: -8.8 | Loss: 0.0002 | Q: -0.60 | Grad: 0.02 | Eps: 0.272 | Time: 1.5s
Ep 522 | Rw: 4.1 | Loss: 0.0002 | Q: -0.60 | Grad: 0.03 | Eps: 0.270 | Time: 1.5s
Ep 523 | Rw: -11.3 | Loss: 0.0002 | Q: -0.60 | Grad: 0.03 | Eps: 0.270 | Time: 1.5s
Ep 524 | Rw: -9.5 | Loss: 0.0002 | Q: -0.60 | Grad: 0.03 | Eps: 0.269 | Time: 1.5s
Ep 525 | Rw: -11.8 | Loss: 0.0002 | Q: -0.60 | Grad: 0.03 | Eps: 0.269 | Time: 1.8s
Ep 526 | Rw: -4.7 | Loss: 0.0002 | Q: -0.60 | Grad: 0.03 | Eps: 0.268 | Time: 1.4s
Ep 527 | Rw: -6.6 | Loss: 0.0002 | Q: -0.60 | Grad: 0.03 | Eps: 0.268 | Time: 1.5s
Ep 528 | Rw: -11.3 | Loss: 0.0002 | Q: -0.60 | Grad: 0.03 | Eps: 0.266 | Time: 1.5s
Ep 529 | Rw: -8.8 | Loss: 0.0002 | Q: -0.60 | Grad: 0.03 | Eps: 0.266 | Time: 1.5s
Ep 530 | Rw: -37.1 | Loss: 0.0002 | Q: -0.60 | Grad: 0.03 | Eps: 0.265 | Time: 1.5s
Ep 531 | Rw: -9.4 | Loss: 0.0002 | Q: -0.60 | Grad: 0.04 | Eps: 0.265 | Time: 1.5s
Ep 532 | Rw: -8.8 | Loss: 0.0002 | Q: -0.60 | Grad: 0.03 | Eps: 0.264 | Time: 1.5s
Ep 533 | Rw: -11.4 | Loss: 0.0002 | Q: -0.60 | Grad: 0.04 | Eps: 0.264 | Time: 1.5s
Ep 534 | Rw: -11.4 | Loss: 0.0002 | Q: -0.59 | Grad: 0.03 | Eps: 0.262 | Time: 1.5s
Ep 535 | Rw: -9.6 | Loss: 0.0002 | Q: -0.60 | Grad: 0.03 | Eps: 0.262 | Time: 1.8s
Ep 536 | Rw: -3.5 | Loss: 0.0002 | Q: -0.60 | Grad: 0.04 | Eps: 0.261 | Time: 1.5s
Ep 537 | Rw: -9.9 | Loss: 0.0002 | Q: -0.60 | Grad: 0.04 | Eps: 0.261 | Time: 1.5s
Ep 538 | Rw: -9.1 | Loss: 0.0003 | Q: -0.60 | Grad: 0.04 | Eps: 0.260 | Time: 1.5s
Ep 539 | Rw: -0.7 | Loss: 0.0002 | Q: -0.60 | Grad: 0.03 | Eps: 0.260 | Time: 1.5s
Ep 540 | Rw: 10.9 | Loss: 0.0002 | Q: -0.60 | Grad: 0.04 | Eps: 0.258 | Time: 1.5s
Ep 541 | Rw: -9.4 | Loss: 0.0002 | Q: -0.60 | Grad: 0.04 | Eps: 0.258 | Time: 1.5s
Ep 542 | Rw: -9.0 | Loss: 0.0002 | Q: -0.59 | Grad: 0.04 | Eps: 0.257 | Time: 1.5s
Ep 543 | Rw: -5.4 | Loss: 0.0003 | Q: -0.60 | Grad: 0.04 | Eps: 0.257 | Time: 1.5s
Ep 544 | Rw: -2.3 | Loss: 0.0002 | Q: -0.61 | Grad: 0.03 | Eps: 0.256 | Time: 1.5s
Ep 545 | Rw: -6.5 | Loss: 0.0002 | Q: -0.61 | Grad: 0.04 | Eps: 0.256 | Time: 1.8s
Ep 546 | Rw: -9.1 | Loss: 0.0003 | Q: -0.61 | Grad: 0.04 | Eps: 0.255 | Time: 1.5s
Ep 547 | Rw: -1.0 | Loss: 0.0003 | Q: -0.61 | Grad: 0.04 | Eps: 0.255 | Time: 1.5s
Ep 548 | Rw: -8.8 | Loss: 0.0003 | Q: -0.61 | Grad: 0.04 | Eps: 0.253 | Time: 1.5s
Ep 549 | Rw: -8.6 | Loss: 0.0003 | Q: -0.61 | Grad: 0.04 | Eps: 0.253 | Time: 1.5s
Ep 550 | Rw: -2.1 | Loss: 0.0002 | Q: -0.61 | Grad: 0.03 | Eps: 0.252 | Time: 1.5s
  ✓ Saved checkpoint & updated plots in checkpoints/2026-03-12_11-17-00/plots
Ep 551 | Rw: -12.0 | Loss: 0.0002 | Q: -0.61 | Grad: 0.03 | Eps: 0.252 | Time: 1.6s
Ep 552 | Rw: -7.4 | Loss: 0.0003 | Q: -0.61 | Grad: 0.03 | Eps: 0.251 | Time: 1.5s
Ep 553 | Rw: -10.8 | Loss: 0.0002 | Q: -0.61 | Grad: 0.04 | Eps: 0.251 | Time: 1.7s
Ep 554 | Rw: 0.6 | Loss: 0.0002 | Q: -0.61 | Grad: 0.03 | Eps: 0.249 | Time: 1.5s
Ep 555 | Rw: -7.2 | Loss: 0.0003 | Q: -0.61 | Grad: 0.03 | Eps: 0.249 | Time: 1.5s
Ep 556 | Rw: -11.5 | Loss: 0.0003 | Q: -0.61 | Grad: 0.04 | Eps: 0.248 | Time: 1.5s
Ep 557 | Rw: -10.0 | Loss: 0.0003 | Q: -0.61 | Grad: 0.04 | Eps: 0.248 | Time: 1.4s
Ep 558 | Rw: -10.0 | Loss: 0.0002 | Q: -0.61 | Grad: 0.03 | Eps: 0.247 | Time: 1.5s
Ep 559 | Rw: -7.4 | Loss: 0.0002 | Q: -0.61 | Grad: 0.03 | Eps: 0.247 | Time: 1.6s
Ep 560 | Rw: -2.8 | Loss: 0.0002 | Q: -0.61 | Grad: 0.04 | Eps: 0.246 | Time: 1.6s
Ep 561 | Rw: -11.4 | Loss: 0.0002 | Q: -0.61 | Grad: 0.03 | Eps: 0.246 | Time: 1.5s
Ep 562 | Rw: -6.3 | Loss: 0.0002 | Q: -0.61 | Grad: 0.03 | Eps: 0.245 | Time: 1.6s
Ep 563 | Rw: -8.1 | Loss: 0.0003 | Q: -0.61 | Grad: 0.03 | Eps: 0.245 | Time: 1.4s
Ep 564 | Rw: -10.4 | Loss: 0.0002 | Q: -0.61 | Grad: 0.04 | Eps: 0.243 | Time: 1.7s
Ep 565 | Rw: -14.2 | Loss: 0.0003 | Q: -0.61 | Grad: 0.04 | Eps: 0.243 | Time: 1.5s
Ep 566 | Rw: -8.5 | Loss: 0.0003 | Q: -0.61 | Grad: 0.03 | Eps: 0.242 | Time: 1.6s
Ep 567 | Rw: -2.2 | Loss: 0.0003 | Q: -0.61 | Grad: 0.03 | Eps: 0.242 | Time: 1.6s
Ep 568 | Rw: -8.9 | Loss: 0.0003 | Q: -0.61 | Grad: 0.03 | Eps: 0.241 | Time: 1.5s
Ep 569 | Rw: 11.3 | Loss: 0.0002 | Q: -0.61 | Grad: 0.03 | Eps: 0.241 | Time: 1.6s
Ep 570 | Rw: -2.7 | Loss: 0.0003 | Q: -0.61 | Grad: 0.03 | Eps: 0.240 | Time: 1.6s
Ep 571 | Rw: -11.5 | Loss: 0.0003 | Q: -0.61 | Grad: 0.04 | Eps: 0.240 | Time: 1.6s
Ep 572 | Rw: -8.5 | Loss: 0.0003 | Q: -0.61 | Grad: 0.04 | Eps: 0.238 | Time: 1.5s
Ep 573 | Rw: -7.0 | Loss: 0.0002 | Q: -0.61 | Grad: 0.02 | Eps: 0.238 | Time: 1.6s
Ep 574 | Rw: -9.0 | Loss: 0.0003 | Q: -0.61 | Grad: 0.04 | Eps: 0.237 | Time: 1.9s
Ep 575 | Rw: -12.2 | Loss: 0.0003 | Q: -0.61 | Grad: 0.04 | Eps: 0.237 | Time: 1.6s
Ep 576 | Rw: 3.9 | Loss: 0.0002 | Q: -0.61 | Grad: 0.03 | Eps: 0.236 | Time: 1.6s
Ep 577 | Rw: 17.8 | Loss: 0.0003 | Q: -0.61 | Grad: 0.03 | Eps: 0.236 | Time: 1.6s
Ep 578 | Rw: 8.1 | Loss: 0.0003 | Q: -0.61 | Grad: 0.04 | Eps: 0.235 | Time: 1.6s
Ep 579 | Rw: -7.4 | Loss: 0.0003 | Q: -0.61 | Grad: 0.03 | Eps: 0.235 | Time: 1.5s
Ep 580 | Rw: -9.5 | Loss: 0.0003 | Q: -0.61 | Grad: 0.03 | Eps: 0.234 | Time: 1.5s
Ep 581 | Rw: 2.7 | Loss: 0.0003 | Q: -0.61 | Grad: 0.05 | Eps: 0.234 | Time: 1.5s
Ep 582 | Rw: -9.2 | Loss: 0.0003 | Q: -0.61 | Grad: 0.04 | Eps: 0.233 | Time: 1.6s
Ep 583 | Rw: -11.1 | Loss: 0.0003 | Q: -0.62 | Grad: 0.05 | Eps: 0.233 | Time: 1.6s
Ep 584 | Rw: -5.0 | Loss: 0.0003 | Q: -0.63 | Grad: 0.04 | Eps: 0.231 | Time: 1.5s
Ep 585 | Rw: -7.9 | Loss: 0.0003 | Q: -0.62 | Grad: 0.04 | Eps: 0.231 | Time: 1.8s
Ep 586 | Rw: -14.9 | Loss: 0.0003 | Q: -0.62 | Grad: 0.04 | Eps: 0.230 | Time: 1.5s
Ep 587 | Rw: -7.8 | Loss: 0.0003 | Q: -0.62 | Grad: 0.04 | Eps: 0.230 | Time: 1.5s
Ep 588 | Rw: -10.9 | Loss: 0.0003 | Q: -0.62 | Grad: 0.05 | Eps: 0.229 | Time: 1.6s
Ep 589 | Rw: -7.3 | Loss: 0.0003 | Q: -0.63 | Grad: 0.05 | Eps: 0.229 | Time: 1.5s
Ep 590 | Rw: -0.0 | Loss: 0.0003 | Q: -0.62 | Grad: 0.04 | Eps: 0.228 | Time: 1.6s
Ep 591 | Rw: 14.2 | Loss: 0.0003 | Q: -0.62 | Grad: 0.03 | Eps: 0.228 | Time: 1.6s
Ep 592 | Rw: -7.9 | Loss: 0.0003 | Q: -0.62 | Grad: 0.04 | Eps: 0.227 | Time: 1.6s
Ep 593 | Rw: -16.9 | Loss: 0.0003 | Q: -0.62 | Grad: 0.05 | Eps: 0.227 | Time: 1.5s
Ep 594 | Rw: 3.1 | Loss: 0.0003 | Q: -0.62 | Grad: 0.03 | Eps: 0.226 | Time: 1.6s
Ep 595 | Rw: -12.4 | Loss: 0.0003 | Q: -0.62 | Grad: 0.03 | Eps: 0.226 | Time: 1.6s
Ep 596 | Rw: -10.3 | Loss: 0.0003 | Q: -0.62 | Grad: 0.04 | Eps: 0.225 | Time: 1.9s
Ep 597 | Rw: -10.6 | Loss: 0.0003 | Q: -0.62 | Grad: 0.04 | Eps: 0.225 | Time: 1.6s
Ep 598 | Rw: -6.2 | Loss: 0.0003 | Q: -0.62 | Grad: 0.05 | Eps: 0.223 | Time: 1.6s
Ep 599 | Rw: -17.3 | Loss: 0.0003 | Q: -0.62 | Grad: 0.03 | Eps: 0.223 | Time: 1.6s
Ep 600 | Rw: 15.5 | Loss: 0.0003 | Q: -0.62 | Grad: 0.04 | Eps: 0.222 | Time: 1.6s
  ✓ Saved checkpoint & updated plots in checkpoints/2026-03-12_11-17-00/plots
Ep 601 | Rw: -16.8 | Loss: 0.0003 | Q: -0.62 | Grad: 0.04 | Eps: 0.222 | Time: 1.7s
Ep 602 | Rw: -8.9 | Loss: 0.0003 | Q: -0.62 | Grad: 0.03 | Eps: 0.221 | Time: 1.5s
Ep 603 | Rw: -17.9 | Loss: 0.0003 | Q: -0.63 | Grad: 0.04 | Eps: 0.221 | Time: 1.5s
Ep 604 | Rw: -16.2 | Loss: 0.0003 | Q: -0.63 | Grad: 0.05 | Eps: 0.220 | Time: 1.5s
Ep 605 | Rw: -3.7 | Loss: 0.0003 | Q: -0.63 | Grad: 0.05 | Eps: 0.220 | Time: 1.9s
Ep 606 | Rw: -6.3 | Loss: 0.0003 | Q: -0.64 | Grad: 0.06 | Eps: 0.219 | Time: 1.6s
Ep 607 | Rw: -11.1 | Loss: 0.0003 | Q: -0.63 | Grad: 0.05 | Eps: 0.219 | Time: 1.5s
Ep 608 | Rw: -9.6 | Loss: 0.0003 | Q: -0.63 | Grad: 0.03 | Eps: 0.218 | Time: 1.5s
Ep 609 | Rw: -8.7 | Loss: 0.0003 | Q: -0.63 | Grad: 0.04 | Eps: 0.218 | Time: 1.5s
Ep 610 | Rw: 1.3 | Loss: 0.0003 | Q: -0.63 | Grad: 0.04 | Eps: 0.217 | Time: 1.5s
Ep 611 | Rw: -9.9 | Loss: 0.0003 | Q: -0.63 | Grad: 0.04 | Eps: 0.217 | Time: 1.6s
Ep 612 | Rw: -2.7 | Loss: 0.0003 | Q: -0.63 | Grad: 0.03 | Eps: 0.216 | Time: 1.6s
Ep 613 | Rw: -12.3 | Loss: 0.0003 | Q: -0.63 | Grad: 0.04 | Eps: 0.216 | Time: 1.5s
Ep 614 | Rw: -13.4 | Loss: 0.0003 | Q: -0.63 | Grad: 0.04 | Eps: 0.215 | Time: 1.4s
Ep 615 | Rw: -9.2 | Loss: 0.0003 | Q: -0.63 | Grad: 0.05 | Eps: 0.215 | Time: 1.4s
Ep 616 | Rw: -14.9 | Loss: 0.0003 | Q: -0.63 | Grad: 0.04 | Eps: 0.214 | Time: 1.4s
Ep 617 | Rw: -6.8 | Loss: 0.0003 | Q: -0.63 | Grad: 0.04 | Eps: 0.214 | Time: 1.7s
Ep 618 | Rw: -1.9 | Loss: 0.0003 | Q: -0.63 | Grad: 0.04 | Eps: 0.212 | Time: 1.4s
Ep 619 | Rw: -9.0 | Loss: 0.0003 | Q: -0.63 | Grad: 0.05 | Eps: 0.212 | Time: 1.4s
Ep 620 | Rw: -5.2 | Loss: 0.0003 | Q: -0.63 | Grad: 0.05 | Eps: 0.211 | Time: 1.4s
Ep 621 | Rw: -9.3 | Loss: 0.0003 | Q: -0.63 | Grad: 0.04 | Eps: 0.211 | Time: 1.4s
Ep 622 | Rw: -10.3 | Loss: 0.0003 | Q: -0.63 | Grad: 0.06 | Eps: 0.210 | Time: 1.4s
Ep 623 | Rw: -4.9 | Loss: 0.0003 | Q: -0.63 | Grad: 0.04 | Eps: 0.210 | Time: 1.4s
Ep 624 | Rw: -10.3 | Loss: 0.0004 | Q: -0.63 | Grad: 0.05 | Eps: 0.209 | Time: 1.4s
Ep 625 | Rw: -11.2 | Loss: 0.0003 | Q: -0.64 | Grad: 0.03 | Eps: 0.209 | Time: 1.4s
Ep 626 | Rw: -4.5 | Loss: 0.0003 | Q: -0.63 | Grad: 0.04 | Eps: 0.208 | Time: 1.4s
Ep 627 | Rw: 9.0 | Loss: 0.0004 | Q: -0.63 | Grad: 0.05 | Eps: 0.208 | Time: 1.5s
Ep 628 | Rw: -3.2 | Loss: 0.0004 | Q: -0.64 | Grad: 0.06 | Eps: 0.207 | Time: 1.7s
Ep 629 | Rw: -3.0 | Loss: 0.0003 | Q: -0.63 | Grad: 0.05 | Eps: 0.207 | Time: 1.4s
Ep 630 | Rw: -12.4 | Loss: 0.0004 | Q: -0.63 | Grad: 0.07 | Eps: 0.206 | Time: 1.4s
Ep 631 | Rw: -6.7 | Loss: 0.0003 | Q: -0.63 | Grad: 0.05 | Eps: 0.206 | Time: 1.5s
Ep 632 | Rw: -10.0 | Loss: 0.0003 | Q: -0.63 | Grad: 0.06 | Eps: 0.205 | Time: 1.4s
Ep 633 | Rw: -8.7 | Loss: 0.0003 | Q: -0.63 | Grad: 0.07 | Eps: 0.205 | Time: 1.4s
Ep 634 | Rw: -4.7 | Loss: 0.0004 | Q: -0.63 | Grad: 0.05 | Eps: 0.204 | Time: 1.4s
Ep 635 | Rw: -11.5 | Loss: 0.0003 | Q: -0.63 | Grad: 0.06 | Eps: 0.204 | Time: 1.4s
Ep 636 | Rw: -10.0 | Loss: 0.0004 | Q: -0.63 | Grad: 0.04 | Eps: 0.203 | Time: 1.4s
Ep 637 | Rw: 13.8 | Loss: 0.0003 | Q: -0.63 | Grad: 0.04 | Eps: 0.203 | Time: 1.4s
Ep 638 | Rw: 4.4 | Loss: 0.0003 | Q: -0.63 | Grad: 0.04 | Eps: 0.202 | Time: 1.4s
Ep 639 | Rw: -9.7 | Loss: 0.0003 | Q: -0.63 | Grad: 0.04 | Eps: 0.202 | Time: 1.7s
Ep 640 | Rw: -5.2 | Loss: 0.0003 | Q: -0.63 | Grad: 0.05 | Eps: 0.201 | Time: 1.5s
Ep 641 | Rw: -6.6 | Loss: 0.0003 | Q: -0.63 | Grad: 0.06 | Eps: 0.201 | Time: 1.4s
Ep 642 | Rw: -0.3 | Loss: 0.0003 | Q: -0.63 | Grad: 0.04 | Eps: 0.200 | Time: 1.4s
Ep 643 | Rw: -2.9 | Loss: 0.0004 | Q: -0.64 | Grad: 0.06 | Eps: 0.200 | Time: 1.4s
Ep 644 | Rw: 1.9 | Loss: 0.0004 | Q: -0.64 | Grad: 0.07 | Eps: 0.199 | Time: 1.4s
Ep 645 | Rw: -11.4 | Loss: 0.0004 | Q: -0.64 | Grad: 0.06 | Eps: 0.199 | Time: 1.4s
Ep 646 | Rw: 0.1 | Loss: 0.0004 | Q: -0.64 | Grad: 0.05 | Eps: 0.198 | Time: 1.4s
Ep 647 | Rw: -10.4 | Loss: 0.0003 | Q: -0.64 | Grad: 0.05 | Eps: 0.198 | Time: 1.4s
Ep 648 | Rw: -9.8 | Loss: 0.0004 | Q: -0.64 | Grad: 0.04 | Eps: 0.197 | Time: 1.4s
Ep 649 | Rw: -10.1 | Loss: 0.0003 | Q: -0.64 | Grad: 0.04 | Eps: 0.197 | Time: 1.4s
Ep 650 | Rw: -11.5 | Loss: 0.0004 | Q: -0.64 | Grad: 0.05 | Eps: 0.196 | Time: 1.4s
  ✓ Saved checkpoint & updated plots in checkpoints/2026-03-12_11-17-00/plots
Ep 651 | Rw: -9.2 | Loss: 0.0003 | Q: -0.65 | Grad: 0.05 | Eps: 0.196 | Time: 1.5s
Ep 652 | Rw: 1.4 | Loss: 0.0004 | Q: -0.64 | Grad: 0.06 | Eps: 0.195 | Time: 1.4s
Ep 653 | Rw: -13.9 | Loss: 0.0004 | Q: -0.64 | Grad: 0.04 | Eps: 0.195 | Time: 1.4s
Ep 654 | Rw: -11.6 | Loss: 0.0004 | Q: -0.64 | Grad: 0.04 | Eps: 0.194 | Time: 1.4s
Ep 655 | Rw: -9.6 | Loss: 0.0004 | Q: -0.64 | Grad: 0.05 | Eps: 0.194 | Time: 1.4s
Ep 656 | Rw: 5.3 | Loss: 0.0003 | Q: -0.64 | Grad: 0.04 | Eps: 0.193 | Time: 1.5s
Ep 657 | Rw: -12.8 | Loss: 0.0003 | Q: -0.64 | Grad: 0.06 | Eps: 0.193 | Time: 1.4s
Ep 658 | Rw: -10.1 | Loss: 0.0004 | Q: -0.64 | Grad: 0.07 | Eps: 0.192 | Time: 1.4s
Ep 659 | Rw: -6.4 | Loss: 0.0003 | Q: -0.64 | Grad: 0.04 | Eps: 0.192 | Time: 1.4s
Ep 660 | Rw: -7.6 | Loss: 0.0004 | Q: -0.64 | Grad: 0.06 | Eps: 0.191 | Time: 1.7s
Ep 661 | Rw: -10.4 | Loss: 0.0004 | Q: -0.64 | Grad: 0.05 | Eps: 0.191 | Time: 1.4s
Ep 662 | Rw: -7.2 | Loss: 0.0004 | Q: -0.64 | Grad: 0.06 | Eps: 0.190 | Time: 1.4s
Ep 663 | Rw: -9.0 | Loss: 0.0004 | Q: -0.64 | Grad: 0.06 | Eps: 0.190 | Time: 1.4s
Ep 664 | Rw: 1.3 | Loss: 0.0004 | Q: -0.64 | Grad: 0.05 | Eps: 0.189 | Time: 1.4s
Ep 665 | Rw: -10.6 | Loss: 0.0004 | Q: -0.64 | Grad: 0.06 | Eps: 0.189 | Time: 1.4s
Ep 666 | Rw: -0.2 | Loss: 0.0004 | Q: -0.64 | Grad: 0.05 | Eps: 0.188 | Time: 1.4s
Ep 667 | Rw: -11.5 | Loss: 0.0004 | Q: -0.64 | Grad: 0.05 | Eps: 0.188 | Time: 1.4s
Ep 668 | Rw: 4.8 | Loss: 0.0004 | Q: -0.64 | Grad: 0.06 | Eps: 0.187 | Time: 1.4s
Ep 669 | Rw: -17.4 | Loss: 0.0004 | Q: -0.64 | Grad: 0.07 | Eps: 0.187 | Time: 1.6s
Ep 670 | Rw: 19.9 | Loss: 0.0004 | Q: -0.64 | Grad: 0.04 | Eps: 0.187 | Time: 1.4s
Ep 671 | Rw: -13.8 | Loss: 0.0004 | Q: -0.65 | Grad: 0.05 | Eps: 0.187 | Time: 1.5s
Ep 672 | Rw: -13.2 | Loss: 0.0004 | Q: -0.64 | Grad: 0.04 | Eps: 0.186 | Time: 1.7s
Ep 673 | Rw: 25.8 | Loss: 0.0004 | Q: -0.64 | Grad: 0.06 | Eps: 0.186 | Time: 1.4s
Ep 674 | Rw: 18.2 | Loss: 0.0004 | Q: -0.64 | Grad: 0.06 | Eps: 0.185 | Time: 1.4s
Ep 675 | Rw: 20.5 | Loss: 0.0004 | Q: -0.64 | Grad: 0.05 | Eps: 0.185 | Time: 1.4s
Ep 676 | Rw: 11.7 | Loss: 0.0004 | Q: -0.64 | Grad: 0.07 | Eps: 0.184 | Time: 1.4s
Ep 677 | Rw: -10.6 | Loss: 0.0004 | Q: -0.64 | Grad: 0.06 | Eps: 0.184 | Time: 1.4s
Ep 678 | Rw: -63.6 | Loss: 0.0004 | Q: -0.64 | Grad: 0.08 | Eps: 0.183 | Time: 1.4s
Ep 679 | Rw: -0.2 | Loss: 0.0004 | Q: -0.64 | Grad: 0.06 | Eps: 0.183 | Time: 1.4s
Ep 680 | Rw: -1.0 | Loss: 0.0004 | Q: -0.64 | Grad: 0.05 | Eps: 0.182 | Time: 1.4s
Ep 681 | Rw: -16.1 | Loss: 0.0004 | Q: -0.64 | Grad: 0.05 | Eps: 0.182 | Time: 1.4s
Ep 682 | Rw: 18.4 | Loss: 0.0004 | Q: -0.64 | Grad: 0.05 | Eps: 0.181 | Time: 1.4s
Ep 683 | Rw: -6.8 | Loss: 0.0004 | Q: -0.64 | Grad: 0.05 | Eps: 0.181 | Time: 1.4s
Ep 684 | Rw: -10.4 | Loss: 0.0004 | Q: -0.64 | Grad: 0.06 | Eps: 0.180 | Time: 1.7s
Ep 685 | Rw: -9.5 | Loss: 0.0005 | Q: -0.64 | Grad: 0.06 | Eps: 0.180 | Time: 1.4s
Ep 686 | Rw: -8.7 | Loss: 0.0004 | Q: -0.64 | Grad: 0.06 | Eps: 0.179 | Time: 1.4s
Ep 687 | Rw: 6.8 | Loss: 0.0004 | Q: -0.64 | Grad: 0.06 | Eps: 0.179 | Time: 1.4s
Ep 688 | Rw: -9.1 | Loss: 0.0005 | Q: -0.64 | Grad: 0.06 | Eps: 0.178 | Time: 1.4s
Ep 689 | Rw: 3.7 | Loss: 0.0004 | Q: -0.64 | Grad: 0.07 | Eps: 0.178 | Time: 1.4s
Ep 690 | Rw: 9.4 | Loss: 0.0005 | Q: -0.64 | Grad: 0.07 | Eps: 0.177 | Time: 1.4s
Ep 691 | Rw: -11.6 | Loss: 0.0004 | Q: -0.64 | Grad: 0.06 | Eps: 0.177 | Time: 1.4s
Ep 692 | Rw: -13.8 | Loss: 0.0004 | Q: -0.64 | Grad: 0.05 | Eps: 0.177 | Time: 1.4s
Ep 693 | Rw: -13.2 | Loss: 0.0005 | Q: -0.64 | Grad: 0.08 | Eps: 0.177 | Time: 1.5s
Ep 694 | Rw: -7.7 | Loss: 0.0005 | Q: -0.63 | Grad: 0.06 | Eps: 0.176 | Time: 1.4s
Ep 695 | Rw: -4.6 | Loss: 0.0004 | Q: -0.63 | Grad: 0.05 | Eps: 0.176 | Time: 1.4s
Ep 696 | Rw: -10.7 | Loss: 0.0005 | Q: -0.63 | Grad: 0.08 | Eps: 0.175 | Time: 1.7s
Ep 697 | Rw: -10.3 | Loss: 0.0004 | Q: -0.64 | Grad: 0.05 | Eps: 0.175 | Time: 1.4s
Ep 698 | Rw: -11.9 | Loss: 0.0004 | Q: -0.64 | Grad: 0.05 | Eps: 0.174 | Time: 1.4s
Ep 699 | Rw: 15.7 | Loss: 0.0004 | Q: -0.64 | Grad: 0.07 | Eps: 0.174 | Time: 1.4s
Ep 700 | Rw: -10.3 | Loss: 0.0004 | Q: -0.64 | Grad: 0.06 | Eps: 0.173 | Time: 1.4s
  ✓ Saved checkpoint & updated plots in checkpoints/2026-03-12_11-17-00/plots
Ep 701 | Rw: -10.0 | Loss: 0.0004 | Q: -0.64 | Grad: 0.09 | Eps: 0.173 | Time: 1.5s
Ep 702 | Rw: -8.6 | Loss: 0.0004 | Q: -0.64 | Grad: 0.05 | Eps: 0.172 | Time: 1.4s
Ep 703 | Rw: -10.8 | Loss: 0.0005 | Q: -0.64 | Grad: 0.06 | Eps: 0.172 | Time: 1.4s
Ep 704 | Rw: -8.8 | Loss: 0.0004 | Q: -0.65 | Grad: 0.07 | Eps: 0.171 | Time: 1.4s
Ep 705 | Rw: -11.5 | Loss: 0.0005 | Q: -0.64 | Grad: 0.08 | Eps: 0.171 | Time: 1.4s
Ep 706 | Rw: -0.9 | Loss: 0.0005 | Q: -0.65 | Grad: 0.10 | Eps: 0.170 | Time: 1.7s
Ep 707 | Rw: 15.3 | Loss: 0.0005 | Q: -0.65 | Grad: 0.06 | Eps: 0.170 | Time: 1.4s
Ep 708 | Rw: -6.1 | Loss: 0.0004 | Q: -0.64 | Grad: 0.07 | Eps: 0.170 | Time: 1.4s
Ep 709 | Rw: -10.1 | Loss: 0.0005 | Q: -0.64 | Grad: 0.07 | Eps: 0.170 | Time: 1.4s
Ep 710 | Rw: -9.2 | Loss: 0.0005 | Q: -0.64 | Grad: 0.07 | Eps: 0.169 | Time: 1.4s
Ep 711 | Rw: -7.7 | Loss: 0.0004 | Q: -0.64 | Grad: 0.05 | Eps: 0.169 | Time: 1.4s
Ep 712 | Rw: -6.2 | Loss: 0.0004 | Q: -0.64 | Grad: 0.06 | Eps: 0.168 | Time: 1.5s
Ep 713 | Rw: -11.0 | Loss: 0.0005 | Q: -0.65 | Grad: 0.09 | Eps: 0.168 | Time: 1.4s
Ep 714 | Rw: -9.1 | Loss: 0.0005 | Q: -0.65 | Grad: 0.07 | Eps: 0.167 | Time: 1.4s
Ep 715 | Rw: -0.7 | Loss: 0.0005 | Q: -0.65 | Grad: 0.07 | Eps: 0.167 | Time: 1.4s
Ep 716 | Rw: 8.0 | Loss: 0.0004 | Q: -0.64 | Grad: 0.06 | Eps: 0.166 | Time: 1.5s
Ep 717 | Rw: -19.1 | Loss: 0.0005 | Q: -0.64 | Grad: 0.06 | Eps: 0.166 | Time: 1.4s
Ep 718 | Rw: -4.8 | Loss: 0.0005 | Q: -0.64 | Grad: 0.06 | Eps: 0.165 | Time: 1.4s
Ep 719 | Rw: 14.4 | Loss: 0.0005 | Q: -0.64 | Grad: 0.06 | Eps: 0.165 | Time: 1.7s
Ep 720 | Rw: -4.2 | Loss: 0.0005 | Q: -0.64 | Grad: 0.07 | Eps: 0.165 | Time: 1.4s
Ep 721 | Rw: -11.7 | Loss: 0.0005 | Q: -0.64 | Grad: 0.06 | Eps: 0.165 | Time: 1.4s
Ep 722 | Rw: -13.1 | Loss: 0.0005 | Q: -0.64 | Grad: 0.06 | Eps: 0.164 | Time: 1.4s
Ep 723 | Rw: -18.5 | Loss: 0.0005 | Q: -0.64 | Grad: 0.07 | Eps: 0.164 | Time: 1.4s
Ep 724 | Rw: -8.3 | Loss: 0.0005 | Q: -0.64 | Grad: 0.06 | Eps: 0.163 | Time: 1.4s
Ep 725 | Rw: 7.8 | Loss: 0.0005 | Q: -0.64 | Grad: 0.07 | Eps: 0.163 | Time: 1.4s
Ep 726 | Rw: -8.5 | Loss: 0.0005 | Q: -0.64 | Grad: 0.07 | Eps: 0.162 | Time: 1.4s
Ep 727 | Rw: -8.6 | Loss: 0.0005 | Q: -0.64 | Grad: 0.09 | Eps: 0.162 | Time: 1.4s
Ep 728 | Rw: 1.1 | Loss: 0.0005 | Q: -0.64 | Grad: 0.06 | Eps: 0.161 | Time: 1.4s
Ep 729 | Rw: 5.5 | Loss: 0.0005 | Q: -0.64 | Grad: 0.05 | Eps: 0.161 | Time: 1.4s
Ep 730 | Rw: -8.6 | Loss: 0.0005 | Q: -0.64 | Grad: 0.07 | Eps: 0.160 | Time: 1.4s
Ep 731 | Rw: 6.2 | Loss: 0.0005 | Q: -0.64 | Grad: 0.07 | Eps: 0.160 | Time: 1.7s
Ep 732 | Rw: 22.4 | Loss: 0.0006 | Q: -0.64 | Grad: 0.07 | Eps: 0.160 | Time: 1.4s
Ep 733 | Rw: -9.1 | Loss: 0.0005 | Q: -0.63 | Grad: 0.06 | Eps: 0.160 | Time: 1.4s
Ep 734 | Rw: 11.8 | Loss: 0.0005 | Q: -0.64 | Grad: 0.06 | Eps: 0.159 | Time: 1.4s
Ep 735 | Rw: -8.8 | Loss: 0.0005 | Q: -0.64 | Grad: 0.06 | Eps: 0.159 | Time: 1.4s
Ep 736 | Rw: 9.3 | Loss: 0.0005 | Q: -0.64 | Grad: 0.07 | Eps: 0.158 | Time: 1.4s
Ep 737 | Rw: -9.0 | Loss: 0.0005 | Q: -0.64 | Grad: 0.08 | Eps: 0.158 | Time: 1.4s
Ep 738 | Rw: -12.6 | Loss: 0.0005 | Q: -0.64 | Grad: 0.07 | Eps: 0.157 | Time: 1.4s
Ep 739 | Rw: 6.7 | Loss: 0.0005 | Q: -0.64 | Grad: 0.07 | Eps: 0.157 | Time: 1.4s
Ep 740 | Rw: -4.7 | Loss: 0.0005 | Q: -0.64 | Grad: 0.08 | Eps: 0.157 | Time: 1.4s
Ep 741 | Rw: -9.0 | Loss: 0.0005 | Q: -0.64 | Grad: 0.08 | Eps: 0.157 | Time: 1.4s
Ep 742 | Rw: 2.9 | Loss: 0.0005 | Q: -0.63 | Grad: 0.07 | Eps: 0.156 | Time: 1.4s
Ep 743 | Rw: -9.8 | Loss: 0.0005 | Q: -0.64 | Grad: 0.06 | Eps: 0.156 | Time: 1.4s
Ep 744 | Rw: -11.5 | Loss: 0.0006 | Q: -0.64 | Grad: 0.08 | Eps: 0.155 | Time: 1.7s
Ep 745 | Rw: -2.2 | Loss: 0.0006 | Q: -0.64 | Grad: 0.09 | Eps: 0.155 | Time: 1.4s
Ep 746 | Rw: 16.5 | Loss: 0.0006 | Q: -0.64 | Grad: 0.07 | Eps: 0.154 | Time: 1.4s
Ep 747 | Rw: 4.5 | Loss: 0.0006 | Q: -0.63 | Grad: 0.08 | Eps: 0.154 | Time: 1.4s
Ep 748 | Rw: -10.9 | Loss: 0.0006 | Q: -0.63 | Grad: 0.09 | Eps: 0.153 | Time: 1.4s
Ep 749 | Rw: 7.0 | Loss: 0.0006 | Q: -0.64 | Grad: 0.09 | Eps: 0.153 | Time: 1.4s
Ep 750 | Rw: 6.1 | Loss: 0.0006 | Q: -0.64 | Grad: 0.08 | Eps: 0.153 | Time: 1.4s
  ✓ Saved checkpoint & updated plots in checkpoints/2026-03-12_11-17-00/plots
Ep 751 | Rw: -9.6 | Loss: 0.0006 | Q: -0.63 | Grad: 0.07 | Eps: 0.153 | Time: 1.5s
Ep 752 | Rw: 8.2 | Loss: 0.0006 | Q: -0.63 | Grad: 0.08 | Eps: 0.152 | Time: 1.4s
Ep 753 | Rw: -13.9 | Loss: 0.0006 | Q: -0.63 | Grad: 0.09 | Eps: 0.152 | Time: 1.4s
Ep 754 | Rw: 24.4 | Loss: 0.0006 | Q: -0.63 | Grad: 0.08 | Eps: 0.151 | Time: 1.8s
Ep 755 | Rw: 7.2 | Loss: 0.0006 | Q: -0.64 | Grad: 0.08 | Eps: 0.151 | Time: 1.4s
Ep 756 | Rw: 16.5 | Loss: 0.0006 | Q: -0.63 | Grad: 0.09 | Eps: 0.150 | Time: 1.5s
Ep 757 | Rw: 7.9 | Loss: 0.0006 | Q: -0.63 | Grad: 0.10 | Eps: 0.150 | Time: 1.4s
Ep 758 | Rw: 9.4 | Loss: 0.0006 | Q: -0.63 | Grad: 0.09 | Eps: 0.150 | Time: 1.4s
Ep 759 | Rw: 4.4 | Loss: 0.0006 | Q: -0.63 | Grad: 0.09 | Eps: 0.150 | Time: 1.4s
Ep 760 | Rw: -4.4 | Loss: 0.0006 | Q: -0.63 | Grad: 0.10 | Eps: 0.149 | Time: 1.4s
Ep 761 | Rw: 31.4 | Loss: 0.0006 | Q: -0.63 | Grad: 0.07 | Eps: 0.149 | Time: 1.4s
Ep 762 | Rw: 9.0 | Loss: 0.0006 | Q: -0.63 | Grad: 0.07 | Eps: 0.148 | Time: 1.4s
Ep 763 | Rw: 32.4 | Loss: 0.0006 | Q: -0.63 | Grad: 0.07 | Eps: 0.148 | Time: 1.4s
Ep 764 | Rw: 2.1 | Loss: 0.0006 | Q: -0.63 | Grad: 0.07 | Eps: 0.147 | Time: 1.4s
Ep 765 | Rw: -7.7 | Loss: 0.0006 | Q: -0.62 | Grad: 0.10 | Eps: 0.147 | Time: 1.4s
Ep 766 | Rw: 12.2 | Loss: 0.0006 | Q: -0.62 | Grad: 0.07 | Eps: 0.147 | Time: 1.4s
Ep 767 | Rw: 15.6 | Loss: 0.0006 | Q: -0.62 | Grad: 0.08 | Eps: 0.147 | Time: 1.7s
Ep 768 | Rw: -5.5 | Loss: 0.0006 | Q: -0.62 | Grad: 0.09 | Eps: 0.146 | Time: 1.4s
Ep 769 | Rw: -7.2 | Loss: 0.0006 | Q: -0.62 | Grad: 0.11 | Eps: 0.146 | Time: 1.4s
Ep 770 | Rw: 111.2 | Loss: 0.0005 | Q: -0.62 | Grad: 0.06 | Eps: 0.146 | Time: 0.7s
Ep 771 | Rw: 8.6 | Loss: 0.0006 | Q: -0.62 | Grad: 0.07 | Eps: 0.145 | Time: 1.4s
Ep 772 | Rw: 10.8 | Loss: 0.0006 | Q: -0.62 | Grad: 0.09 | Eps: 0.145 | Time: 1.4s
Ep 773 | Rw: 9.2 | Loss: 0.0006 | Q: -0.62 | Grad: 0.09 | Eps: 0.144 | Time: 1.4s
Ep 774 | Rw: -10.6 | Loss: 0.0007 | Q: -0.62 | Grad: 0.10 | Eps: 0.144 | Time: 1.4s
Ep 775 | Rw: 23.9 | Loss: 0.0022 | Q: -0.62 | Grad: 0.10 | Eps: 0.144 | Time: 1.4s
Ep 776 | Rw: 2.9 | Loss: 0.0021 | Q: -0.62 | Grad: 0.11 | Eps: 0.144 | Time: 1.4s
Ep 777 | Rw: -6.3 | Loss: 0.0021 | Q: -0.62 | Grad: 0.11 | Eps: 0.143 | Time: 1.4s
Ep 778 | Rw: -9.7 | Loss: 0.0006 | Q: -0.62 | Grad: 0.07 | Eps: 0.143 | Time: 1.4s
Ep 779 | Rw: 17.7 | Loss: 0.0006 | Q: -0.62 | Grad: 0.09 | Eps: 0.142 | Time: 1.4s
Ep 780 | Rw: 15.2 | Loss: 0.0006 | Q: -0.62 | Grad: 0.07 | Eps: 0.142 | Time: 1.7s
Ep 781 | Rw: 24.9 | Loss: 0.0006 | Q: -0.62 | Grad: 0.08 | Eps: 0.142 | Time: 1.4s
Ep 782 | Rw: -8.2 | Loss: 0.0007 | Q: -0.61 | Grad: 0.14 | Eps: 0.142 | Time: 1.4s
Ep 783 | Rw: -13.1 | Loss: 0.0022 | Q: -0.61 | Grad: 0.13 | Eps: 0.141 | Time: 1.4s
Ep 784 | Rw: 2.3 | Loss: 0.0007 | Q: -0.61 | Grad: 0.11 | Eps: 0.141 | Time: 1.4s
Ep 785 | Rw: -15.9 | Loss: 0.0007 | Q: -0.61 | Grad: 0.08 | Eps: 0.140 | Time: 1.4s
Ep 786 | Rw: 5.9 | Loss: 0.0036 | Q: -0.61 | Grad: 0.09 | Eps: 0.140 | Time: 1.4s
Ep 787 | Rw: 7.8 | Loss: 0.0007 | Q: -0.61 | Grad: 0.10 | Eps: 0.139 | Time: 1.4s
Ep 788 | Rw: -10.4 | Loss: 0.0007 | Q: -0.60 | Grad: 0.10 | Eps: 0.139 | Time: 1.4s
Ep 789 | Rw: -15.1 | Loss: 0.0007 | Q: -0.60 | Grad: 0.11 | Eps: 0.139 | Time: 1.4s
Ep 790 | Rw: 6.9 | Loss: 0.0006 | Q: -0.61 | Grad: 0.09 | Eps: 0.139 | Time: 1.4s
Ep 791 | Rw: -12.3 | Loss: 0.0007 | Q: -0.61 | Grad: 0.12 | Eps: 0.138 | Time: 1.4s
Ep 792 | Rw: 11.9 | Loss: 0.0006 | Q: -0.60 | Grad: 0.08 | Eps: 0.138 | Time: 1.4s
Ep 793 | Rw: -11.1 | Loss: 0.0006 | Q: -0.61 | Grad: 0.07 | Eps: 0.137 | Time: 1.7s
Ep 794 | Rw: 3.6 | Loss: 0.0007 | Q: -0.61 | Grad: 0.08 | Eps: 0.137 | Time: 1.4s
Ep 795 | Rw: 22.1 | Loss: 0.0007 | Q: -0.60 | Grad: 0.09 | Eps: 0.137 | Time: 1.4s
Ep 796 | Rw: 3.4 | Loss: 0.0006 | Q: -0.60 | Grad: 0.09 | Eps: 0.137 | Time: 1.4s
Ep 797 | Rw: 4.4 | Loss: 0.0006 | Q: -0.61 | Grad: 0.09 | Eps: 0.136 | Time: 1.4s
Ep 798 | Rw: 12.3 | Loss: 0.0006 | Q: -0.60 | Grad: 0.07 | Eps: 0.136 | Time: 1.4s
Ep 799 | Rw: -3.7 | Loss: 0.0006 | Q: -0.60 | Grad: 0.08 | Eps: 0.135 | Time: 1.4s
Ep 800 | Rw: -3.5 | Loss: 0.0007 | Q: -0.60 | Grad: 0.12 | Eps: 0.135 | Time: 1.4s
  ✓ Saved checkpoint & updated plots in checkpoints/2026-03-12_11-17-00/plots
Ep 801 | Rw: -5.0 | Loss: 0.0007 | Q: -0.60 | Grad: 0.12 | Eps: 0.135 | Time: 1.5s
Ep 802 | Rw: -12.3 | Loss: 0.0006 | Q: -0.60 | Grad: 0.11 | Eps: 0.135 | Time: 1.4s
Ep 803 | Rw: 1.4 | Loss: 0.0007 | Q: -0.61 | Grad: 0.11 | Eps: 0.134 | Time: 1.4s
Ep 804 | Rw: 8.0 | Loss: 0.0007 | Q: -0.59 | Grad: 0.11 | Eps: 0.134 | Time: 1.7s
Ep 805 | Rw: 12.6 | Loss: 0.0008 | Q: -0.59 | Grad: 0.12 | Eps: 0.133 | Time: 1.4s
Ep 806 | Rw: 7.4 | Loss: 0.0037 | Q: -0.59 | Grad: 0.11 | Eps: 0.133 | Time: 1.4s
Ep 807 | Rw: 8.2 | Loss: 0.0007 | Q: -0.59 | Grad: 0.10 | Eps: 0.133 | Time: 1.4s
Ep 808 | Rw: 15.7 | Loss: 0.0007 | Q: -0.59 | Grad: 0.11 | Eps: 0.133 | Time: 1.4s
Ep 809 | Rw: 12.7 | Loss: 0.0007 | Q: -0.59 | Grad: 0.10 | Eps: 0.132 | Time: 1.4s
Ep 810 | Rw: -10.8 | Loss: 0.0007 | Q: -0.59 | Grad: 0.09 | Eps: 0.132 | Time: 1.4s
Ep 811 | Rw: 20.8 | Loss: 0.0007 | Q: -0.59 | Grad: 0.09 | Eps: 0.131 | Time: 1.4s
Ep 812 | Rw: 19.3 | Loss: 0.0007 | Q: -0.59 | Grad: 0.09 | Eps: 0.131 | Time: 1.4s
Ep 813 | Rw: 7.2 | Loss: 0.0007 | Q: -0.58 | Grad: 0.11 | Eps: 0.131 | Time: 1.4s
Ep 814 | Rw: 17.8 | Loss: 0.0007 | Q: -0.59 | Grad: 0.10 | Eps: 0.131 | Time: 1.5s
Ep 815 | Rw: 16.7 | Loss: 0.0007 | Q: -0.59 | Grad: 0.10 | Eps: 0.130 | Time: 1.5s
Ep 816 | Rw: -14.5 | Loss: 0.0008 | Q: -0.59 | Grad: 0.13 | Eps: 0.130 | Time: 1.6s
Ep 817 | Rw: 4.0 | Loss: 0.0007 | Q: -0.59 | Grad: 0.10 | Eps: 0.129 | Time: 1.5s
Ep 818 | Rw: -4.1 | Loss: 0.0007 | Q: -0.59 | Grad: 0.09 | Eps: 0.129 | Time: 1.9s
Ep 819 | Rw: 15.8 | Loss: 0.0007 | Q: -0.59 | Grad: 0.11 | Eps: 0.129 | Time: 1.6s
Ep 820 | Rw: 4.6 | Loss: 0.0007 | Q: -0.58 | Grad: 0.10 | Eps: 0.129 | Time: 1.5s
Ep 821 | Rw: -7.8 | Loss: 0.0007 | Q: -0.59 | Grad: 0.09 | Eps: 0.128 | Time: 1.6s
Ep 822 | Rw: -43.3 | Loss: 0.0007 | Q: -0.58 | Grad: 0.09 | Eps: 0.128 | Time: 1.5s
Ep 823 | Rw: -10.7 | Loss: 0.0008 | Q: -0.58 | Grad: 0.12 | Eps: 0.127 | Time: 1.6s
Ep 824 | Rw: 11.8 | Loss: 0.0008 | Q: -0.57 | Grad: 0.12 | Eps: 0.127 | Time: 1.5s
Ep 825 | Rw: 9.4 | Loss: 0.0008 | Q: -0.57 | Grad: 0.10 | Eps: 0.127 | Time: 1.4s
Ep 826 | Rw: -2.4 | Loss: 0.0009 | Q: -0.57 | Grad: 0.13 | Eps: 0.127 | Time: 1.4s
Ep 827 | Rw: 13.4 | Loss: 0.0009 | Q: -0.57 | Grad: 0.13 | Eps: 0.126 | Time: 1.4s
Ep 828 | Rw: 8.7 | Loss: 0.0008 | Q: -0.57 | Grad: 0.11 | Eps: 0.126 | Time: 1.4s
Ep 829 | Rw: -21.2 | Loss: 0.0008 | Q: -0.56 | Grad: 0.12 | Eps: 0.126 | Time: 1.5s
Ep 830 | Rw: 6.2 | Loss: 0.0009 | Q: -0.57 | Grad: 0.14 | Eps: 0.126 | Time: 1.6s
Ep 831 | Rw: 0.5 | Loss: 0.0009 | Q: -0.57 | Grad: 0.13 | Eps: 0.125 | Time: 1.6s
Ep 832 | Rw: -8.1 | Loss: 0.0009 | Q: -0.57 | Grad: 0.13 | Eps: 0.125 | Time: 1.8s
Ep 833 | Rw: 16.4 | Loss: 0.0008 | Q: -0.57 | Grad: 0.14 | Eps: 0.124 | Time: 1.5s
Ep 834 | Rw: -11.8 | Loss: 0.0009 | Q: -0.57 | Grad: 0.13 | Eps: 0.124 | Time: 1.5s
Ep 835 | Rw: -5.7 | Loss: 0.0008 | Q: -0.56 | Grad: 0.11 | Eps: 0.124 | Time: 1.5s
Ep 836 | Rw: 8.7 | Loss: 0.0008 | Q: -0.57 | Grad: 0.13 | Eps: 0.124 | Time: 1.5s
Ep 837 | Rw: 5.5 | Loss: 0.0009 | Q: -0.57 | Grad: 0.13 | Eps: 0.123 | Time: 1.5s
Ep 838 | Rw: 24.6 | Loss: 0.0009 | Q: -0.56 | Grad: 0.15 | Eps: 0.123 | Time: 1.5s
Ep 839 | Rw: -12.4 | Loss: 0.0009 | Q: -0.57 | Grad: 0.15 | Eps: 0.122 | Time: 1.4s
Ep 840 | Rw: -6.2 | Loss: 0.0008 | Q: -0.57 | Grad: 0.12 | Eps: 0.122 | Time: 1.5s
Ep 841 | Rw: 3.3 | Loss: 0.0023 | Q: -0.57 | Grad: 0.14 | Eps: 0.122 | Time: 1.4s
Ep 842 | Rw: -10.2 | Loss: 0.0008 | Q: -0.57 | Grad: 0.12 | Eps: 0.122 | Time: 1.4s
Ep 843 | Rw: 23.3 | Loss: 0.0008 | Q: -0.56 | Grad: 0.10 | Eps: 0.121 | Time: 1.5s
Ep 844 | Rw: -8.4 | Loss: 0.0009 | Q: -0.56 | Grad: 0.13 | Eps: 0.121 | Time: 1.5s
Ep 845 | Rw: 5.7 | Loss: 0.0009 | Q: -0.55 | Grad: 0.12 | Eps: 0.121 | Time: 1.8s
Ep 846 | Rw: 20.4 | Loss: 0.0010 | Q: -0.55 | Grad: 0.13 | Eps: 0.121 | Time: 1.5s
Ep 847 | Rw: 16.2 | Loss: 0.0010 | Q: -0.56 | Grad: 0.15 | Eps: 0.120 | Time: 1.5s
Ep 848 | Rw: 10.7 | Loss: 0.0010 | Q: -0.55 | Grad: 0.17 | Eps: 0.120 | Time: 1.4s
Ep 849 | Rw: -6.5 | Loss: 0.0009 | Q: -0.55 | Grad: 0.12 | Eps: 0.119 | Time: 1.4s
Ep 850 | Rw: 17.8 | Loss: 0.0024 | Q: -0.55 | Grad: 0.13 | Eps: 0.119 | Time: 1.5s
  ✓ Saved checkpoint & updated plots in checkpoints/2026-03-12_11-17-00/plots
Ep 851 | Rw: 3.4 | Loss: 0.0025 | Q: -0.55 | Grad: 0.16 | Eps: 0.119 | Time: 1.5s
Ep 852 | Rw: -11.0 | Loss: 0.0009 | Q: -0.55 | Grad: 0.13 | Eps: 0.119 | Time: 1.4s
Ep 853 | Rw: -11.6 | Loss: 0.0009 | Q: -0.55 | Grad: 0.13 | Eps: 0.118 | Time: 1.4s
Ep 854 | Rw: 19.2 | Loss: 0.0009 | Q: -0.55 | Grad: 0.14 | Eps: 0.118 | Time: 1.4s
Ep 855 | Rw: 8.4 | Loss: 0.0010 | Q: -0.55 | Grad: 0.15 | Eps: 0.118 | Time: 1.4s
Ep 856 | Rw: -9.6 | Loss: 0.0009 | Q: -0.55 | Grad: 0.11 | Eps: 0.118 | Time: 1.4s
Ep 857 | Rw: 25.0 | Loss: 0.0024 | Q: -0.55 | Grad: 0.15 | Eps: 0.117 | Time: 1.8s
Ep 858 | Rw: 26.5 | Loss: 0.0024 | Q: -0.55 | Grad: 0.14 | Eps: 0.117 | Time: 1.4s
Ep 859 | Rw: -7.4 | Loss: 0.0009 | Q: -0.55 | Grad: 0.15 | Eps: 0.116 | Time: 1.4s
Ep 860 | Rw: -11.0 | Loss: 0.0009 | Q: -0.55 | Grad: 0.11 | Eps: 0.116 | Time: 1.4s
Ep 861 | Rw: 13.8 | Loss: 0.0010 | Q: -0.55 | Grad: 0.15 | Eps: 0.116 | Time: 1.4s
Ep 862 | Rw: 8.8 | Loss: 0.0010 | Q: -0.55 | Grad: 0.14 | Eps: 0.116 | Time: 1.4s
Ep 863 | Rw: -8.9 | Loss: 0.0009 | Q: -0.55 | Grad: 0.10 | Eps: 0.115 | Time: 1.4s
Ep 864 | Rw: 16.8 | Loss: 0.0012 | Q: -0.54 | Grad: 0.16 | Eps: 0.115 | Time: 1.4s
Ep 865 | Rw: 10.3 | Loss: 0.0010 | Q: -0.55 | Grad: 0.15 | Eps: 0.115 | Time: 1.4s
Ep 866 | Rw: 21.7 | Loss: 0.0011 | Q: -0.54 | Grad: 0.16 | Eps: 0.115 | Time: 1.5s
Ep 867 | Rw: -11.8 | Loss: 0.0011 | Q: -0.54 | Grad: 0.15 | Eps: 0.114 | Time: 1.5s
Ep 868 | Rw: -13.6 | Loss: 0.0010 | Q: -0.54 | Grad: 0.13 | Eps: 0.114 | Time: 1.5s
Ep 869 | Rw: 3.7 | Loss: 0.0026 | Q: -0.54 | Grad: 0.20 | Eps: 0.114 | Time: 1.5s
Ep 870 | Rw: 17.3 | Loss: 0.0012 | Q: -0.53 | Grad: 0.20 | Eps: 0.114 | Time: 1.6s
Ep 871 | Rw: -0.9 | Loss: 0.0011 | Q: -0.54 | Grad: 0.17 | Eps: 0.113 | Time: 1.9s
Ep 872 | Rw: 33.8 | Loss: 0.0011 | Q: -0.54 | Grad: 0.15 | Eps: 0.113 | Time: 1.5s
Ep 873 | Rw: -5.3 | Loss: 0.0010 | Q: -0.54 | Grad: 0.13 | Eps: 0.112 | Time: 1.6s
Ep 874 | Rw: -23.0 | Loss: 0.0011 | Q: -0.54 | Grad: 0.13 | Eps: 0.112 | Time: 1.6s
Ep 875 | Rw: -16.4 | Loss: 0.0010 | Q: -0.54 | Grad: 0.13 | Eps: 0.112 | Time: 1.7s
Ep 876 | Rw: 14.7 | Loss: 0.0011 | Q: -0.53 | Grad: 0.15 | Eps: 0.112 | Time: 1.5s
Ep 877 | Rw: 15.8 | Loss: 0.0011 | Q: -0.53 | Grad: 0.14 | Eps: 0.111 | Time: 1.6s
Ep 878 | Rw: 8.3 | Loss: 0.0010 | Q: -0.53 | Grad: 0.11 | Eps: 0.111 | Time: 1.5s
Ep 879 | Rw: 8.7 | Loss: 0.0011 | Q: -0.53 | Grad: 0.13 | Eps: 0.111 | Time: 1.6s
Ep 880 | Rw: -24.1 | Loss: 0.0011 | Q: -0.54 | Grad: 0.16 | Eps: 0.111 | Time: 1.6s
Ep 881 | Rw: -15.3 | Loss: 0.0010 | Q: -0.53 | Grad: 0.13 | Eps: 0.110 | Time: 1.5s
Ep 882 | Rw: 109.1 | Loss: 0.0011 | Q: -0.54 | Grad: 0.16 | Eps: 0.110 | Time: 1.4s
Ep 883 | Rw: -3.2 | Loss: 0.0026 | Q: -0.54 | Grad: 0.19 | Eps: 0.110 | Time: 1.5s
Ep 884 | Rw: 10.2 | Loss: 0.0013 | Q: -0.51 | Grad: 0.20 | Eps: 0.110 | Time: 1.5s
Ep 885 | Rw: -18.9 | Loss: 0.0014 | Q: -0.52 | Grad: 0.19 | Eps: 0.109 | Time: 1.8s
Ep 886 | Rw: 19.9 | Loss: 0.0013 | Q: -0.52 | Grad: 0.16 | Eps: 0.109 | Time: 1.4s
Ep 887 | Rw: -0.2 | Loss: 0.0013 | Q: -0.51 | Grad: 0.19 | Eps: 0.109 | Time: 1.5s
Ep 888 | Rw: 121.1 | Loss: 0.0013 | Q: -0.51 | Grad: 0.21 | Eps: 0.109 | Time: 1.1s
Ep 889 | Rw: -8.5 | Loss: 0.0012 | Q: -0.51 | Grad: 0.15 | Eps: 0.109 | Time: 1.4s
Ep 890 | Rw: 27.0 | Loss: 0.0027 | Q: -0.51 | Grad: 0.20 | Eps: 0.108 | Time: 1.4s
Ep 891 | Rw: -2.1 | Loss: 0.0013 | Q: -0.52 | Grad: 0.19 | Eps: 0.108 | Time: 1.5s
Ep 892 | Rw: -11.6 | Loss: 0.0028 | Q: -0.52 | Grad: 0.22 | Eps: 0.107 | Time: 1.4s
Ep 893 | Rw: 29.4 | Loss: 0.0014 | Q: -0.52 | Grad: 0.22 | Eps: 0.107 | Time: 1.5s
Ep 894 | Rw: -6.3 | Loss: 0.0012 | Q: -0.51 | Grad: 0.17 | Eps: 0.107 | Time: 1.4s
Ep 895 | Rw: -7.5 | Loss: 0.0012 | Q: -0.51 | Grad: 0.16 | Eps: 0.107 | Time: 1.5s
Ep 896 | Rw: 10.5 | Loss: 0.0028 | Q: -0.51 | Grad: 0.21 | Eps: 0.106 | Time: 1.5s
Ep 897 | Rw: -6.2 | Loss: 0.0027 | Q: -0.51 | Grad: 0.19 | Eps: 0.106 | Time: 1.5s
Ep 898 | Rw: 13.6 | Loss: 0.0013 | Q: -0.51 | Grad: 0.18 | Eps: 0.106 | Time: 1.5s
Ep 899 | Rw: 28.5 | Loss: 0.0012 | Q: -0.51 | Grad: 0.16 | Eps: 0.106 | Time: 1.9s
Ep 900 | Rw: -16.1 | Loss: 0.0013 | Q: -0.51 | Grad: 0.19 | Eps: 0.105 | Time: 1.5s
  ✓ Saved checkpoint & updated plots in checkpoints/2026-03-12_11-17-00/plots
Ep 901 | Rw: 21.5 | Loss: 0.0013 | Q: -0.51 | Grad: 0.18 | Eps: 0.105 | Time: 1.6s
Ep 902 | Rw: 18.2 | Loss: 0.0013 | Q: -0.50 | Grad: 0.20 | Eps: 0.105 | Time: 1.5s
Ep 903 | Rw: 12.2 | Loss: 0.0012 | Q: -0.51 | Grad: 0.15 | Eps: 0.105 | Time: 1.5s
Ep 904 | Rw: -14.7 | Loss: 0.0012 | Q: -0.50 | Grad: 0.16 | Eps: 0.104 | Time: 1.5s
Ep 905 | Rw: 10.1 | Loss: 0.0028 | Q: -0.49 | Grad: 0.18 | Eps: 0.104 | Time: 1.5s
Ep 906 | Rw: 24.2 | Loss: 0.0014 | Q: -0.49 | Grad: 0.20 | Eps: 0.104 | Time: 1.5s
Ep 907 | Rw: -14.8 | Loss: 0.0015 | Q: -0.49 | Grad: 0.21 | Eps: 0.104 | Time: 1.4s
Ep 908 | Rw: 18.8 | Loss: 0.0014 | Q: -0.49 | Grad: 0.19 | Eps: 0.103 | Time: 1.6s
Ep 909 | Rw: -9.5 | Loss: 0.0014 | Q: -0.49 | Grad: 0.18 | Eps: 0.103 | Time: 1.6s
Ep 910 | Rw: 26.4 | Loss: 0.0027 | Q: -0.50 | Grad: 0.18 | Eps: 0.103 | Time: 1.5s
Ep 911 | Rw: 18.0 | Loss: 0.0029 | Q: -0.49 | Grad: 0.20 | Eps: 0.103 | Time: 1.9s
Ep 912 | Rw: 8.7 | Loss: 0.0028 | Q: -0.49 | Grad: 0.21 | Eps: 0.102 | Time: 1.6s
Ep 913 | Rw: 5.4 | Loss: 0.0013 | Q: -0.49 | Grad: 0.18 | Eps: 0.102 | Time: 1.5s
Ep 914 | Rw: 8.9 | Loss: 0.0014 | Q: -0.50 | Grad: 0.19 | Eps: 0.102 | Time: 1.5s
Ep 915 | Rw: -1.1 | Loss: 0.0013 | Q: -0.48 | Grad: 0.16 | Eps: 0.102 | Time: 1.4s
Ep 916 | Rw: 9.2 | Loss: 0.0014 | Q: -0.49 | Grad: 0.20 | Eps: 0.101 | Time: 1.5s
Ep 917 | Rw: -13.0 | Loss: 0.0029 | Q: -0.48 | Grad: 0.19 | Eps: 0.101 | Time: 1.5s
Ep 918 | Rw: -19.1 | Loss: 0.0014 | Q: -0.48 | Grad: 0.20 | Eps: 0.101 | Time: 1.5s
Ep 919 | Rw: 16.4 | Loss: 0.0013 | Q: -0.50 | Grad: 0.19 | Eps: 0.101 | Time: 1.5s
Ep 920 | Rw: 17.0 | Loss: 0.0013 | Q: -0.49 | Grad: 0.16 | Eps: 0.100 | Time: 1.6s
Ep 921 | Rw: -4.4 | Loss: 0.0014 | Q: -0.49 | Grad: 0.21 | Eps: 0.100 | Time: 1.5s
Ep 922 | Rw: 7.9 | Loss: 0.0014 | Q: -0.49 | Grad: 0.18 | Eps: 0.100 | Time: 1.5s
Ep 923 | Rw: -3.6 | Loss: 0.0014 | Q: -0.49 | Grad: 0.18 | Eps: 0.100 | Time: 1.5s
Ep 924 | Rw: 6.2 | Loss: 0.0029 | Q: -0.48 | Grad: 0.23 | Eps: 0.099 | Time: 1.4s
Ep 925 | Rw: -14.6 | Loss: 0.0017 | Q: -0.47 | Grad: 0.22 | Eps: 0.099 | Time: 1.4s
Ep 926 | Rw: -9.1 | Loss: 0.0015 | Q: -0.47 | Grad: 0.19 | Eps: 0.099 | Time: 1.8s
Ep 927 | Rw: -3.7 | Loss: 0.0016 | Q: -0.46 | Grad: 0.18 | Eps: 0.099 | Time: 1.4s
Ep 928 | Rw: 6.6 | Loss: 0.0017 | Q: -0.46 | Grad: 0.25 | Eps: 0.098 | Time: 1.4s
Ep 929 | Rw: 17.1 | Loss: 0.0016 | Q: -0.46 | Grad: 0.22 | Eps: 0.098 | Time: 1.4s
Ep 930 | Rw: 10.7 | Loss: 0.0016 | Q: -0.46 | Grad: 0.21 | Eps: 0.098 | Time: 1.5s
Ep 931 | Rw: -10.2 | Loss: 0.0016 | Q: -0.47 | Grad: 0.19 | Eps: 0.098 | Time: 1.5s
Ep 932 | Rw: -21.5 | Loss: 0.0016 | Q: -0.46 | Grad: 0.21 | Eps: 0.097 | Time: 1.4s
Ep 933 | Rw: 22.3 | Loss: 0.0017 | Q: -0.46 | Grad: 0.22 | Eps: 0.097 | Time: 1.4s
Ep 934 | Rw: 10.3 | Loss: 0.0016 | Q: -0.47 | Grad: 0.21 | Eps: 0.097 | Time: 1.4s
Ep 935 | Rw: 9.2 | Loss: 0.0016 | Q: -0.46 | Grad: 0.21 | Eps: 0.097 | Time: 1.4s
Ep 936 | Rw: -5.1 | Loss: 0.0031 | Q: -0.46 | Grad: 0.24 | Eps: 0.096 | Time: 1.4s
Ep 937 | Rw: -12.0 | Loss: 0.0016 | Q: -0.46 | Grad: 0.21 | Eps: 0.096 | Time: 1.4s
Ep 938 | Rw: 24.8 | Loss: 0.0017 | Q: -0.47 | Grad: 0.21 | Eps: 0.096 | Time: 1.5s
Ep 939 | Rw: -15.7 | Loss: 0.0016 | Q: -0.45 | Grad: 0.21 | Eps: 0.096 | Time: 1.6s
Ep 940 | Rw: -15.8 | Loss: 0.0015 | Q: -0.47 | Grad: 0.21 | Eps: 0.095 | Time: 1.8s
Ep 941 | Rw: 0.9 | Loss: 0.0028 | Q: -0.46 | Grad: 0.21 | Eps: 0.095 | Time: 1.5s
Ep 942 | Rw: -13.2 | Loss: 0.0015 | Q: -0.47 | Grad: 0.18 | Eps: 0.095 | Time: 1.6s
Ep 943 | Rw: 13.7 | Loss: 0.0016 | Q: -0.46 | Grad: 0.23 | Eps: 0.095 | Time: 1.6s
Ep 944 | Rw: 24.0 | Loss: 0.0018 | Q: -0.45 | Grad: 0.25 | Eps: 0.094 | Time: 1.6s
Ep 945 | Rw: 19.8 | Loss: 0.0017 | Q: -0.45 | Grad: 0.20 | Eps: 0.094 | Time: 1.5s
Ep 946 | Rw: 0.8 | Loss: 0.0017 | Q: -0.44 | Grad: 0.22 | Eps: 0.094 | Time: 1.5s
Ep 947 | Rw: 11.8 | Loss: 0.0030 | Q: -0.44 | Grad: 0.21 | Eps: 0.094 | Time: 1.6s
Ep 948 | Rw: 27.4 | Loss: 0.0017 | Q: -0.44 | Grad: 0.25 | Eps: 0.093 | Time: 1.6s
Ep 949 | Rw: 21.6 | Loss: 0.0018 | Q: -0.44 | Grad: 0.26 | Eps: 0.093 | Time: 1.5s
Ep 950 | Rw: -14.8 | Loss: 0.0044 | Q: -0.44 | Grad: 0.20 | Eps: 0.093 | Time: 1.4s
  ✓ Saved checkpoint & updated plots in checkpoints/2026-03-12_11-17-00/plots
Ep 951 | Rw: -18.2 | Loss: 0.0016 | Q: -0.45 | Grad: 0.23 | Eps: 0.093 | Time: 1.6s
Ep 952 | Rw: 0.6 | Loss: 0.0017 | Q: -0.44 | Grad: 0.25 | Eps: 0.092 | Time: 1.6s
Ep 953 | Rw: 12.7 | Loss: 0.0017 | Q: -0.45 | Grad: 0.20 | Eps: 0.092 | Time: 2.1s
Ep 954 | Rw: 22.1 | Loss: 0.0032 | Q: -0.44 | Grad: 0.27 | Eps: 0.092 | Time: 1.6s
Ep 955 | Rw: 4.0 | Loss: 0.0018 | Q: -0.43 | Grad: 0.24 | Eps: 0.092 | Time: 1.5s
Ep 956 | Rw: -12.3 | Loss: 0.0017 | Q: -0.43 | Grad: 0.26 | Eps: 0.092 | Time: 1.5s
Ep 957 | Rw: -2.3 | Loss: 0.0016 | Q: -0.43 | Grad: 0.23 | Eps: 0.092 | Time: 1.5s
Ep 958 | Rw: 16.5 | Loss: 0.0017 | Q: -0.43 | Grad: 0.21 | Eps: 0.091 | Time: 1.6s
Ep 959 | Rw: 13.6 | Loss: 0.0016 | Q: -0.44 | Grad: 0.22 | Eps: 0.091 | Time: 1.5s
Ep 960 | Rw: 6.4 | Loss: 0.0045 | Q: -0.44 | Grad: 0.27 | Eps: 0.091 | Time: 1.5s
Ep 961 | Rw: -3.8 | Loss: 0.0030 | Q: -0.43 | Grad: 0.25 | Eps: 0.091 | Time: 1.5s
Ep 962 | Rw: -10.3 | Loss: 0.0016 | Q: -0.43 | Grad: 0.19 | Eps: 0.090 | Time: 1.4s
Ep 963 | Rw: 5.9 | Loss: 0.0018 | Q: -0.44 | Grad: 0.26 | Eps: 0.090 | Time: 1.4s
Ep 964 | Rw: 10.0 | Loss: 0.0018 | Q: -0.43 | Grad: 0.25 | Eps: 0.090 | Time: 1.5s
Ep 965 | Rw: -10.1 | Loss: 0.0021 | Q: -0.42 | Grad: 0.25 | Eps: 0.090 | Time: 1.4s
Ep 966 | Rw: 0.3 | Loss: 0.0036 | Q: -0.43 | Grad: 0.30 | Eps: 0.089 | Time: 1.4s
Ep 967 | Rw: 23.6 | Loss: 0.0034 | Q: -0.43 | Grad: 0.30 | Eps: 0.089 | Time: 1.5s
Ep 968 | Rw: -17.1 | Loss: 0.0034 | Q: -0.43 | Grad: 0.28 | Eps: 0.089 | Time: 1.8s
Ep 969 | Rw: -14.9 | Loss: 0.0021 | Q: -0.42 | Grad: 0.28 | Eps: 0.089 | Time: 1.5s
Ep 970 | Rw: 11.3 | Loss: 0.0020 | Q: -0.42 | Grad: 0.31 | Eps: 0.088 | Time: 1.5s
Ep 971 | Rw: -2.1 | Loss: 0.0020 | Q: -0.42 | Grad: 0.27 | Eps: 0.088 | Time: 1.5s
Ep 972 | Rw: 20.2 | Loss: 0.0049 | Q: -0.43 | Grad: 0.27 | Eps: 0.088 | Time: 1.5s
Ep 973 | Rw: 11.6 | Loss: 0.0034 | Q: -0.42 | Grad: 0.28 | Eps: 0.088 | Time: 1.5s
Ep 974 | Rw: 15.3 | Loss: 0.0020 | Q: -0.43 | Grad: 0.28 | Eps: 0.088 | Time: 1.5s
Ep 975 | Rw: 24.9 | Loss: 0.0019 | Q: -0.42 | Grad: 0.24 | Eps: 0.088 | Time: 1.6s
Ep 976 | Rw: -10.0 | Loss: 0.0020 | Q: -0.42 | Grad: 0.27 | Eps: 0.087 | Time: 1.6s
Ep 977 | Rw: 0.1 | Loss: 0.0019 | Q: -0.42 | Grad: 0.23 | Eps: 0.087 | Time: 1.6s
Ep 978 | Rw: 4.3 | Loss: 0.0019 | Q: -0.43 | Grad: 0.25 | Eps: 0.087 | Time: 1.5s
Ep 979 | Rw: 5.5 | Loss: 0.0020 | Q: -0.43 | Grad: 0.28 | Eps: 0.087 | Time: 1.5s
Ep 980 | Rw: -15.7 | Loss: 0.0019 | Q: -0.42 | Grad: 0.24 | Eps: 0.086 | Time: 1.4s
Ep 981 | Rw: 22.8 | Loss: 0.0019 | Q: -0.42 | Grad: 0.25 | Eps: 0.086 | Time: 1.4s
Ep 982 | Rw: -12.5 | Loss: 0.0018 | Q: -0.42 | Grad: 0.23 | Eps: 0.086 | Time: 1.4s
Ep 983 | Rw: -4.1 | Loss: 0.0033 | Q: -0.42 | Grad: 0.31 | Eps: 0.086 | Time: 1.4s
Ep 984 | Rw: 24.6 | Loss: 0.0033 | Q: -0.42 | Grad: 0.28 | Eps: 0.085 | Time: 1.9s
Ep 985 | Rw: 19.7 | Loss: 0.0034 | Q: -0.39 | Grad: 0.28 | Eps: 0.085 | Time: 1.4s
Ep 986 | Rw: -13.2 | Loss: 0.0035 | Q: -0.39 | Grad: 0.34 | Eps: 0.085 | Time: 1.4s
Ep 987 | Rw: 21.4 | Loss: 0.0020 | Q: -0.39 | Grad: 0.28 | Eps: 0.085 | Time: 1.5s
Ep 988 | Rw: 19.5 | Loss: 0.0022 | Q: -0.39 | Grad: 0.29 | Eps: 0.084 | Time: 1.5s
Ep 989 | Rw: 16.1 | Loss: 0.0021 | Q: -0.40 | Grad: 0.35 | Eps: 0.084 | Time: 1.5s
Ep 990 | Rw: 18.2 | Loss: 0.0049 | Q: -0.40 | Grad: 0.31 | Eps: 0.084 | Time: 1.5s
Ep 991 | Rw: -10.7 | Loss: 0.0036 | Q: -0.39 | Grad: 0.32 | Eps: 0.084 | Time: 1.5s
Ep 992 | Rw: 26.5 | Loss: 0.0036 | Q: -0.39 | Grad: 0.30 | Eps: 0.084 | Time: 1.4s
Ep 993 | Rw: 17.4 | Loss: 0.0033 | Q: -0.40 | Grad: 0.25 | Eps: 0.084 | Time: 1.4s
Ep 994 | Rw: -8.6 | Loss: 0.0035 | Q: -0.39 | Grad: 0.28 | Eps: 0.083 | Time: 1.4s
Ep 995 | Rw: -4.7 | Loss: 0.0020 | Q: -0.38 | Grad: 0.24 | Eps: 0.083 | Time: 1.4s
Ep 996 | Rw: 20.8 | Loss: 0.0021 | Q: -0.39 | Grad: 0.28 | Eps: 0.083 | Time: 1.5s
Ep 997 | Rw: -3.7 | Loss: 0.0021 | Q: -0.40 | Grad: 0.30 | Eps: 0.083 | Time: 1.4s
Ep 998 | Rw: -6.4 | Loss: 0.0022 | Q: -0.39 | Grad: 0.31 | Eps: 0.082 | Time: 1.5s
Ep 999 | Rw: 15.8 | Loss: 0.0034 | Q: -0.39 | Grad: 0.27 | Eps: 0.082 | Time: 2.2s
Ep 1000 | Rw: -0.5 | Loss: 0.0020 | Q: -0.38 | Grad: 0.27 | Eps: 0.082 | Time: 1.6s
  ✓ Saved checkpoint & updated plots in checkpoints/2026-03-12_11-17-00/plots
Ep 1001 | Rw: 24.7 | Loss: 0.0020 | Q: -0.39 | Grad: 0.25 | Eps: 0.082 | Time: 1.5s
Ep 1002 | Rw: 13.5 | Loss: 0.0018 | Q: -0.38 | Grad: 0.21 | Eps: 0.082 | Time: 1.5s
Ep 1003 | Rw: 113.1 | Loss: 0.0022 | Q: -0.38 | Grad: 0.29 | Eps: 0.082 | Time: 1.4s
Ep 1004 | Rw: -15.9 | Loss: 0.0036 | Q: -0.37 | Grad: 0.31 | Eps: 0.081 | Time: 1.5s
Ep 1005 | Rw: -3.8 | Loss: 0.0038 | Q: -0.34 | Grad: 0.34 | Eps: 0.081 | Time: 1.6s
Ep 1006 | Rw: 3.8 | Loss: 0.0038 | Q: -0.33 | Grad: 0.29 | Eps: 0.081 | Time: 1.5s
Ep 1007 | Rw: -6.0 | Loss: 0.0034 | Q: -0.34 | Grad: 0.22 | Eps: 0.081 | Time: 1.5s
Ep 1008 | Rw: 25.5 | Loss: 0.0022 | Q: -0.34 | Grad: 0.28 | Eps: 0.080 | Time: 1.5s
Ep 1009 | Rw: 17.1 | Loss: 0.0023 | Q: -0.33 | Grad: 0.29 | Eps: 0.080 | Time: 1.5s
Ep 1010 | Rw: 12.7 | Loss: 0.0022 | Q: -0.34 | Grad: 0.33 | Eps: 0.080 | Time: 1.5s
Ep 1011 | Rw: 27.4 | Loss: 0.0037 | Q: -0.34 | Grad: 0.32 | Eps: 0.080 | Time: 1.6s
Ep 1012 | Rw: -9.4 | Loss: 0.0036 | Q: -0.34 | Grad: 0.27 | Eps: 0.080 | Time: 2.0s
Ep 1013 | Rw: 27.8 | Loss: 0.0037 | Q: -0.33 | Grad: 0.29 | Eps: 0.080 | Time: 1.6s
Ep 1014 | Rw: 36.0 | Loss: 0.0024 | Q: -0.34 | Grad: 0.32 | Eps: 0.079 | Time: 1.6s
Ep 1015 | Rw: 21.4 | Loss: 0.0022 | Q: -0.33 | Grad: 0.29 | Eps: 0.079 | Time: 1.6s
Ep 1016 | Rw: -12.2 | Loss: 0.0020 | Q: -0.33 | Grad: 0.23 | Eps: 0.079 | Time: 1.5s
Ep 1017 | Rw: 3.4 | Loss: 0.0023 | Q: -0.33 | Grad: 0.33 | Eps: 0.079 | Time: 1.5s
Ep 1018 | Rw: 14.6 | Loss: 0.0022 | Q: -0.32 | Grad: 0.26 | Eps: 0.078 | Time: 1.5s
Ep 1019 | Rw: 26.0 | Loss: 0.0021 | Q: -0.33 | Grad: 0.27 | Eps: 0.078 | Time: 1.6s
Ep 1020 | Rw: -13.7 | Loss: 0.0035 | Q: -0.33 | Grad: 0.27 | Eps: 0.078 | Time: 1.5s
Ep 1021 | Rw: 20.0 | Loss: 0.0021 | Q: -0.32 | Grad: 0.26 | Eps: 0.078 | Time: 1.5s
Ep 1022 | Rw: 10.0 | Loss: 0.0048 | Q: -0.32 | Grad: 0.30 | Eps: 0.078 | Time: 1.6s
Ep 1023 | Rw: 18.2 | Loss: 0.0050 | Q: -0.33 | Grad: 0.25 | Eps: 0.078 | Time: 1.5s
Ep 1024 | Rw: -3.2 | Loss: 0.0025 | Q: -0.31 | Grad: 0.39 | Eps: 0.077 | Time: 1.5s
Ep 1025 | Rw: 23.8 | Loss: 0.0038 | Q: -0.31 | Grad: 0.35 | Eps: 0.077 | Time: 1.5s
Ep 1026 | Rw: -13.5 | Loss: 0.0052 | Q: -0.30 | Grad: 0.30 | Eps: 0.077 | Time: 1.5s
Ep 1027 | Rw: -20.9 | Loss: 0.0024 | Q: -0.30 | Grad: 0.33 | Eps: 0.077 | Time: 1.5s
Ep 1028 | Rw: 2.9 | Loss: 0.0024 | Q: -0.30 | Grad: 0.33 | Eps: 0.076 | Time: 1.9s
Ep 1029 | Rw: 6.5 | Loss: 0.0022 | Q: -0.30 | Grad: 0.27 | Eps: 0.076 | Time: 1.5s
Ep 1030 | Rw: -3.3 | Loss: 0.0039 | Q: -0.31 | Grad: 0.31 | Eps: 0.076 | Time: 1.5s
Ep 1031 | Rw: 14.3 | Loss: 0.0023 | Q: -0.30 | Grad: 0.27 | Eps: 0.076 | Time: 1.5s
Ep 1032 | Rw: 17.8 | Loss: 0.0025 | Q: -0.30 | Grad: 0.33 | Eps: 0.076 | Time: 1.5s
Ep 1033 | Rw: -3.0 | Loss: 0.0023 | Q: -0.30 | Grad: 0.32 | Eps: 0.076 | Time: 1.5s
Ep 1034 | Rw: 20.7 | Loss: 0.0036 | Q: -0.29 | Grad: 0.29 | Eps: 0.075 | Time: 1.5s
Ep 1035 | Rw: -7.2 | Loss: 0.0026 | Q: -0.31 | Grad: 0.36 | Eps: 0.075 | Time: 1.5s
Ep 1036 | Rw: -13.2 | Loss: 0.0038 | Q: -0.30 | Grad: 0.33 | Eps: 0.075 | Time: 1.5s
Ep 1037 | Rw: 19.5 | Loss: 0.0039 | Q: -0.29 | Grad: 0.35 | Eps: 0.075 | Time: 1.5s
Ep 1038 | Rw: 110.3 | Loss: 0.0024 | Q: -0.27 | Grad: 0.31 | Eps: 0.075 | Time: 1.1s
Ep 1039 | Rw: 109.2 | Loss: 0.0022 | Q: -0.29 | Grad: 0.28 | Eps: 0.075 | Time: 1.1s
Ep 1040 | Rw: -3.8 | Loss: 0.0023 | Q: -0.29 | Grad: 0.33 | Eps: 0.074 | Time: 1.5s
Ep 1041 | Rw: 30.5 | Loss: 0.0024 | Q: -0.29 | Grad: 0.31 | Eps: 0.074 | Time: 1.5s
Ep 1042 | Rw: -9.5 | Loss: 0.0051 | Q: -0.29 | Grad: 0.30 | Eps: 0.074 | Time: 1.5s
Ep 1043 | Rw: 25.2 | Loss: 0.0024 | Q: -0.29 | Grad: 0.31 | Eps: 0.074 | Time: 1.5s
Ep 1044 | Rw: 17.1 | Loss: 0.0022 | Q: -0.29 | Grad: 0.31 | Eps: 0.073 | Time: 1.9s
Ep 1045 | Rw: 7.6 | Loss: 0.0024 | Q: -0.27 | Grad: 0.35 | Eps: 0.073 | Time: 1.5s
Ep 1046 | Rw: 19.1 | Loss: 0.0026 | Q: -0.26 | Grad: 0.33 | Eps: 0.073 | Time: 1.5s
Ep 1047 | Rw: 12.1 | Loss: 0.0024 | Q: -0.26 | Grad: 0.29 | Eps: 0.073 | Time: 1.5s
Ep 1048 | Rw: -16.6 | Loss: 0.0027 | Q: -0.26 | Grad: 0.32 | Eps: 0.073 | Time: 1.6s
Ep 1049 | Rw: 22.1 | Loss: 0.0039 | Q: -0.26 | Grad: 0.35 | Eps: 0.073 | Time: 1.7s
Ep 1050 | Rw: 17.3 | Loss: 0.0078 | Q: -0.26 | Grad: 0.33 | Eps: 0.072 | Time: 1.6s
  ✓ Saved checkpoint & updated plots in checkpoints/2026-03-12_11-17-00/plots
Ep 1051 | Rw: 29.7 | Loss: 0.0026 | Q: -0.25 | Grad: 0.38 | Eps: 0.072 | Time: 1.6s
Ep 1052 | Rw: 22.9 | Loss: 0.0052 | Q: -0.27 | Grad: 0.34 | Eps: 0.072 | Time: 1.6s
Ep 1053 | Rw: -20.4 | Loss: 0.0051 | Q: -0.25 | Grad: 0.32 | Eps: 0.072 | Time: 1.6s
Ep 1054 | Rw: -8.2 | Loss: 0.0039 | Q: -0.26 | Grad: 0.32 | Eps: 0.072 | Time: 1.6s
Ep 1055 | Rw: 26.1 | Loss: 0.0053 | Q: -0.25 | Grad: 0.36 | Eps: 0.072 | Time: 1.5s
Ep 1056 | Rw: 32.1 | Loss: 0.0023 | Q: -0.25 | Grad: 0.31 | Eps: 0.071 | Time: 1.6s
Ep 1057 | Rw: 25.8 | Loss: 0.0039 | Q: -0.25 | Grad: 0.32 | Eps: 0.071 | Time: 1.6s
Ep 1058 | Rw: 29.4 | Loss: 0.0053 | Q: -0.27 | Grad: 0.39 | Eps: 0.071 | Time: 1.9s
Ep 1059 | Rw: -11.2 | Loss: 0.0038 | Q: -0.24 | Grad: 0.27 | Eps: 0.071 | Time: 1.5s
Ep 1060 | Rw: 12.1 | Loss: 0.0022 | Q: -0.25 | Grad: 0.26 | Eps: 0.071 | Time: 1.6s
Ep 1061 | Rw: 27.2 | Loss: 0.0066 | Q: -0.25 | Grad: 0.34 | Eps: 0.071 | Time: 1.5s
Ep 1062 | Rw: 6.1 | Loss: 0.0051 | Q: -0.24 | Grad: 0.30 | Eps: 0.070 | Time: 1.6s
Ep 1063 | Rw: -24.1 | Loss: 0.0052 | Q: -0.26 | Grad: 0.33 | Eps: 0.070 | Time: 1.5s
Ep 1064 | Rw: 27.1 | Loss: 0.0026 | Q: -0.26 | Grad: 0.38 | Eps: 0.070 | Time: 1.5s
Ep 1065 | Rw: 23.7 | Loss: 0.0027 | Q: -0.21 | Grad: 0.34 | Eps: 0.070 | Time: 1.5s
Ep 1066 | Rw: 12.9 | Loss: 0.0043 | Q: -0.21 | Grad: 0.40 | Eps: 0.069 | Time: 1.5s
Ep 1067 | Rw: 29.3 | Loss: 0.0040 | Q: -0.21 | Grad: 0.33 | Eps: 0.069 | Time: 1.6s
Ep 1068 | Rw: 21.0 | Loss: 0.0041 | Q: -0.19 | Grad: 0.36 | Eps: 0.069 | Time: 1.5s
Ep 1069 | Rw: 32.3 | Loss: 0.0053 | Q: -0.21 | Grad: 0.32 | Eps: 0.069 | Time: 1.5s
Ep 1070 | Rw: 29.9 | Loss: 0.0041 | Q: -0.20 | Grad: 0.42 | Eps: 0.069 | Time: 1.6s
Ep 1071 | Rw: 21.3 | Loss: 0.0040 | Q: -0.20 | Grad: 0.38 | Eps: 0.069 | Time: 1.6s
Ep 1072 | Rw: -2.1 | Loss: 0.0028 | Q: -0.20 | Grad: 0.36 | Eps: 0.068 | Time: 1.5s
Ep 1073 | Rw: 20.9 | Loss: 0.0039 | Q: -0.19 | Grad: 0.32 | Eps: 0.068 | Time: 1.5s
Ep 1074 | Rw: 28.3 | Loss: 0.0041 | Q: -0.21 | Grad: 0.34 | Eps: 0.068 | Time: 1.5s
Ep 1075 | Rw: 13.4 | Loss: 0.0038 | Q: -0.20 | Grad: 0.33 | Eps: 0.068 | Time: 1.9s
Ep 1076 | Rw: -0.8 | Loss: 0.0043 | Q: -0.21 | Grad: 0.42 | Eps: 0.068 | Time: 1.5s
Ep 1077 | Rw: 31.8 | Loss: 0.0028 | Q: -0.21 | Grad: 0.40 | Eps: 0.068 | Time: 1.5s
Ep 1078 | Rw: 29.7 | Loss: 0.0030 | Q: -0.20 | Grad: 0.45 | Eps: 0.067 | Time: 1.6s
Ep 1079 | Rw: 25.7 | Loss: 0.0069 | Q: -0.20 | Grad: 0.44 | Eps: 0.067 | Time: 1.7s
Ep 1080 | Rw: 15.8 | Loss: 0.0027 | Q: -0.19 | Grad: 0.34 | Eps: 0.067 | Time: 2.2s
Ep 1081 | Rw: 23.6 | Loss: 0.0055 | Q: -0.19 | Grad: 0.32 | Eps: 0.067 | Time: 1.9s
Ep 1082 | Rw: 29.3 | Loss: 0.0053 | Q: -0.20 | Grad: 0.34 | Eps: 0.067 | Time: 1.7s
Ep 1083 | Rw: -4.7 | Loss: 0.0039 | Q: -0.20 | Grad: 0.32 | Eps: 0.067 | Time: 1.7s
Ep 1084 | Rw: 23.0 | Loss: 0.0027 | Q: -0.19 | Grad: 0.34 | Eps: 0.066 | Time: 1.7s
Ep 1085 | Rw: -23.6 | Loss: 0.0044 | Q: -0.17 | Grad: 0.41 | Eps: 0.066 | Time: 1.6s
Ep 1086 | Rw: 25.8 | Loss: 0.0045 | Q: -0.14 | Grad: 0.41 | Eps: 0.066 | Time: 1.7s
Ep 1087 | Rw: 11.5 | Loss: 0.0048 | Q: -0.16 | Grad: 0.44 | Eps: 0.066 | Time: 1.7s
Ep 1088 | Rw: 3.9 | Loss: 0.0047 | Q: -0.16 | Grad: 0.40 | Eps: 0.066 | Time: 1.6s
Ep 1089 | Rw: 28.5 | Loss: 0.0045 | Q: -0.15 | Grad: 0.41 | Eps: 0.066 | Time: 1.6s
Ep 1090 | Rw: 3.3 | Loss: 0.0034 | Q: -0.16 | Grad: 0.44 | Eps: 0.065 | Time: 1.6s
Ep 1091 | Rw: 30.7 | Loss: 0.0046 | Q: -0.15 | Grad: 0.37 | Eps: 0.065 | Time: 2.0s
Ep 1092 | Rw: 20.9 | Loss: 0.0031 | Q: -0.15 | Grad: 0.39 | Eps: 0.065 | Time: 1.6s
Ep 1093 | Rw: 32.2 | Loss: 0.0032 | Q: -0.15 | Grad: 0.35 | Eps: 0.065 | Time: 1.6s
Ep 1094 | Rw: 16.2 | Loss: 0.0075 | Q: -0.15 | Grad: 0.43 | Eps: 0.065 | Time: 1.6s
Ep 1095 | Rw: 15.7 | Loss: 0.0034 | Q: -0.14 | Grad: 0.46 | Eps: 0.065 | Time: 1.6s
Ep 1096 | Rw: -7.7 | Loss: 0.0030 | Q: -0.15 | Grad: 0.38 | Eps: 0.064 | Time: 1.6s
Ep 1097 | Rw: 24.1 | Loss: 0.0044 | Q: -0.14 | Grad: 0.40 | Eps: 0.064 | Time: 1.7s
Ep 1098 | Rw: 6.1 | Loss: 0.0031 | Q: -0.14 | Grad: 0.39 | Eps: 0.064 | Time: 1.7s
Ep 1099 | Rw: -16.0 | Loss: 0.0046 | Q: -0.15 | Grad: 0.39 | Eps: 0.064 | Time: 1.7s
Ep 1100 | Rw: 31.2 | Loss: 0.0060 | Q: -0.14 | Grad: 0.48 | Eps: 0.064 | Time: 1.7s
  ✓ Saved checkpoint & updated plots in checkpoints/2026-03-12_11-17-00/plots
Ep 1101 | Rw: 33.1 | Loss: 0.0045 | Q: -0.15 | Grad: 0.38 | Eps: 0.064 | Time: 1.7s
Ep 1102 | Rw: -7.2 | Loss: 0.0045 | Q: -0.14 | Grad: 0.46 | Eps: 0.063 | Time: 1.6s
Ep 1103 | Rw: 0.2 | Loss: 0.0031 | Q: -0.14 | Grad: 0.35 | Eps: 0.063 | Time: 1.6s
Ep 1104 | Rw: 9.8 | Loss: 0.0032 | Q: -0.15 | Grad: 0.39 | Eps: 0.063 | Time: 1.6s
Ep 1105 | Rw: 17.1 | Loss: 0.0032 | Q: -0.13 | Grad: 0.34 | Eps: 0.063 | Time: 1.6s
Ep 1106 | Rw: 20.5 | Loss: 0.0034 | Q: -0.13 | Grad: 0.41 | Eps: 0.063 | Time: 2.1s
Ep 1107 | Rw: 30.6 | Loss: 0.0060 | Q: -0.11 | Grad: 0.39 | Eps: 0.063 | Time: 1.6s
Ep 1108 | Rw: 28.4 | Loss: 0.0032 | Q: -0.10 | Grad: 0.36 | Eps: 0.063 | Time: 1.6s
Ep 1109 | Rw: 127.1 | Loss: 0.0034 | Q: -0.13 | Grad: 0.41 | Eps: 0.063 | Time: 1.3s
Ep 1110 | Rw: 17.6 | Loss: 0.0044 | Q: -0.11 | Grad: 0.33 | Eps: 0.063 | Time: 1.5s
Ep 1111 | Rw: 22.9 | Loss: 0.0059 | Q: -0.11 | Grad: 0.38 | Eps: 0.062 | Time: 1.5s
Ep 1112 | Rw: 11.7 | Loss: 0.0031 | Q: -0.11 | Grad: 0.38 | Eps: 0.062 | Time: 1.5s
Ep 1113 | Rw: 26.8 | Loss: 0.0033 | Q: -0.10 | Grad: 0.38 | Eps: 0.062 | Time: 1.6s
Ep 1114 | Rw: 11.5 | Loss: 0.0062 | Q: -0.11 | Grad: 0.39 | Eps: 0.062 | Time: 1.6s
Ep 1115 | Rw: 16.3 | Loss: 0.0032 | Q: -0.11 | Grad: 0.39 | Eps: 0.062 | Time: 1.6s
Ep 1116 | Rw: 10.7 | Loss: 0.0033 | Q: -0.11 | Grad: 0.45 | Eps: 0.062 | Time: 1.6s
Ep 1117 | Rw: -42.9 | Loss: 0.0033 | Q: -0.10 | Grad: 0.41 | Eps: 0.061 | Time: 1.5s
Ep 1118 | Rw: 31.2 | Loss: 0.0045 | Q: -0.11 | Grad: 0.39 | Eps: 0.061 | Time: 1.6s
Ep 1119 | Rw: 21.9 | Loss: 0.0033 | Q: -0.11 | Grad: 0.41 | Eps: 0.061 | Time: 1.6s
Ep 1120 | Rw: 30.9 | Loss: 0.0043 | Q: -0.10 | Grad: 0.36 | Eps: 0.061 | Time: 1.6s
Ep 1121 | Rw: 35.0 | Loss: 0.0034 | Q: -0.09 | Grad: 0.45 | Eps: 0.061 | Time: 1.5s
Ep 1122 | Rw: 118.4 | Loss: 0.0032 | Q: -0.10 | Grad: 0.37 | Eps: 0.061 | Time: 1.3s
Ep 1123 | Rw: 19.8 | Loss: 0.0046 | Q: -0.10 | Grad: 0.40 | Eps: 0.060 | Time: 1.9s
Ep 1124 | Rw: 31.0 | Loss: 0.0048 | Q: -0.11 | Grad: 0.46 | Eps: 0.060 | Time: 1.5s
Ep 1125 | Rw: -25.0 | Loss: 0.0047 | Q: -0.08 | Grad: 0.43 | Eps: 0.060 | Time: 1.5s
Ep 1126 | Rw: 21.8 | Loss: 0.0048 | Q: -0.08 | Grad: 0.49 | Eps: 0.060 | Time: 1.6s
Ep 1127 | Rw: 21.3 | Loss: 0.0063 | Q: -0.08 | Grad: 0.45 | Eps: 0.060 | Time: 1.6s
Ep 1128 | Rw: 2.8 | Loss: 0.0048 | Q: -0.08 | Grad: 0.40 | Eps: 0.060 | Time: 1.7s
Ep 1129 | Rw: 30.3 | Loss: 0.0033 | Q: -0.08 | Grad: 0.41 | Eps: 0.059 | Time: 1.6s
Ep 1130 | Rw: 21.5 | Loss: 0.0047 | Q: -0.07 | Grad: 0.40 | Eps: 0.059 | Time: 1.5s
Ep 1131 | Rw: 23.5 | Loss: 0.0058 | Q: -0.08 | Grad: 0.39 | Eps: 0.059 | Time: 1.6s
Ep 1132 | Rw: -9.3 | Loss: 0.0050 | Q: -0.07 | Grad: 0.50 | Eps: 0.059 | Time: 1.6s
Ep 1133 | Rw: -11.0 | Loss: 0.0049 | Q: -0.07 | Grad: 0.47 | Eps: 0.059 | Time: 1.5s
Ep 1134 | Rw: 24.4 | Loss: 0.0048 | Q: -0.08 | Grad: 0.47 | Eps: 0.059 | Time: 1.6s
Ep 1135 | Rw: 24.0 | Loss: 0.0050 | Q: -0.07 | Grad: 0.44 | Eps: 0.059 | Time: 1.6s
Ep 1136 | Rw: 30.1 | Loss: 0.0051 | Q: -0.07 | Grad: 0.54 | Eps: 0.059 | Time: 1.7s
Ep 1137 | Rw: 115.0 | Loss: 0.0125 | Q: -0.07 | Grad: 0.54 | Eps: 0.058 | Time: 1.1s
Ep 1138 | Rw: 14.8 | Loss: 0.0075 | Q: -0.06 | Grad: 0.45 | Eps: 0.058 | Time: 1.6s
Ep 1139 | Rw: 25.2 | Loss: 0.0065 | Q: -0.08 | Grad: 0.52 | Eps: 0.058 | Time: 1.6s
Ep 1140 | Rw: 18.1 | Loss: 0.0035 | Q: -0.06 | Grad: 0.47 | Eps: 0.058 | Time: 2.1s
Ep 1141 | Rw: 31.7 | Loss: 0.0047 | Q: -0.06 | Grad: 0.45 | Eps: 0.058 | Time: 1.6s
Ep 1142 | Rw: 0.4 | Loss: 0.0049 | Q: -0.05 | Grad: 0.46 | Eps: 0.058 | Time: 1.3s
Ep 1143 | Rw: 118.6 | Loss: 0.0034 | Q: -0.05 | Grad: 0.41 | Eps: 0.057 | Time: 1.2s
Ep 1144 | Rw: 28.4 | Loss: 0.0035 | Q: -0.06 | Grad: 0.44 | Eps: 0.057 | Time: 1.6s
Ep 1145 | Rw: 23.4 | Loss: 0.0047 | Q: -0.04 | Grad: 0.41 | Eps: 0.057 | Time: 1.6s
Ep 1146 | Rw: -20.5 | Loss: 0.0037 | Q: -0.03 | Grad: 0.53 | Eps: 0.057 | Time: 1.6s
Ep 1147 | Rw: -4.7 | Loss: 0.0092 | Q: -0.04 | Grad: 0.48 | Eps: 0.057 | Time: 1.6s
Ep 1148 | Rw: 3.3 | Loss: 0.0053 | Q: -0.02 | Grad: 0.56 | Eps: 0.057 | Time: 1.7s
Ep 1149 | Rw: 7.7 | Loss: 0.0035 | Q: -0.03 | Grad: 0.43 | Eps: 0.057 | Time: 1.7s
Ep 1150 | Rw: 28.7 | Loss: 0.0038 | Q: -0.03 | Grad: 0.53 | Eps: 0.057 | Time: 1.5s
  ✓ Saved checkpoint & updated plots in checkpoints/2026-03-12_11-17-00/plots
Ep 1151 | Rw: -7.2 | Loss: 0.0064 | Q: -0.04 | Grad: 0.47 | Eps: 0.056 | Time: 1.5s
Ep 1152 | Rw: 27.1 | Loss: 0.0067 | Q: -0.02 | Grad: 0.56 | Eps: 0.056 | Time: 1.6s
Ep 1153 | Rw: 25.5 | Loss: 0.0064 | Q: -0.03 | Grad: 0.47 | Eps: 0.056 | Time: 1.5s
Ep 1154 | Rw: -3.2 | Loss: 0.0089 | Q: -0.03 | Grad: 0.43 | Eps: 0.056 | Time: 1.5s
Ep 1155 | Rw: 9.3 | Loss: 0.0062 | Q: -0.01 | Grad: 0.43 | Eps: 0.056 | Time: 2.0s
Ep 1156 | Rw: 113.3 | Loss: 0.0048 | Q: -0.02 | Grad: 0.40 | Eps: 0.056 | Time: 1.3s
Ep 1157 | Rw: 18.3 | Loss: 0.0063 | Q: -0.02 | Grad: 0.49 | Eps: 0.056 | Time: 1.5s
Ep 1158 | Rw: 114.2 | Loss: 0.0056 | Q: -0.01 | Grad: 0.56 | Eps: 0.055 | Time: 1.1s
Ep 1159 | Rw: 13.0 | Loss: 0.0039 | Q: -0.01 | Grad: 0.56 | Eps: 0.055 | Time: 1.5s
Ep 1160 | Rw: 11.2 | Loss: 0.0064 | Q: -0.03 | Grad: 0.42 | Eps: 0.055 | Time: 1.5s
Ep 1161 | Rw: -11.1 | Loss: 0.0050 | Q: -0.03 | Grad: 0.48 | Eps: 0.055 | Time: 1.6s
Ep 1162 | Rw: 24.5 | Loss: 0.0077 | Q: -0.02 | Grad: 0.48 | Eps: 0.055 | Time: 1.5s
Ep 1163 | Rw: 29.1 | Loss: 0.0062 | Q: -0.02 | Grad: 0.46 | Eps: 0.055 | Time: 1.6s
Ep 1164 | Rw: 27.3 | Loss: 0.0053 | Q: -0.02 | Grad: 0.46 | Eps: 0.055 | Time: 1.5s
Ep 1165 | Rw: 1.6 | Loss: 0.0051 | Q: -0.03 | Grad: 0.42 | Eps: 0.055 | Time: 1.5s
Ep 1166 | Rw: 112.0 | Loss: 0.0094 | Q: -0.01 | Grad: 0.42 | Eps: 0.054 | Time: 1.4s
Ep 1167 | Rw: 31.8 | Loss: 0.0051 | Q: 0.03 | Grad: 0.57 | Eps: 0.054 | Time: 1.5s
Ep 1168 | Rw: 14.7 | Loss: 0.0064 | Q: 0.04 | Grad: 0.51 | Eps: 0.054 | Time: 1.6s
Ep 1169 | Rw: 128.8 | Loss: 0.0047 | Q: 0.04 | Grad: 0.45 | Eps: 0.054 | Time: 1.6s
Ep 1170 | Rw: 103.5 | Loss: 0.0055 | Q: 0.04 | Grad: 0.45 | Eps: 0.054 | Time: 1.1s
Ep 1171 | Rw: 29.2 | Loss: 0.0049 | Q: 0.03 | Grad: 0.45 | Eps: 0.054 | Time: 1.6s
Ep 1172 | Rw: 19.7 | Loss: 0.0037 | Q: 0.05 | Grad: 0.49 | Eps: 0.054 | Time: 2.2s
Ep 1173 | Rw: 31.1 | Loss: 0.0035 | Q: 0.03 | Grad: 0.45 | Eps: 0.054 | Time: 1.6s
Ep 1174 | Rw: -13.3 | Loss: 0.0064 | Q: 0.05 | Grad: 0.59 | Eps: 0.053 | Time: 1.5s
Ep 1175 | Rw: 23.3 | Loss: 0.0035 | Q: 0.04 | Grad: 0.50 | Eps: 0.053 | Time: 1.6s
Ep 1176 | Rw: 31.9 | Loss: 0.0089 | Q: 0.05 | Grad: 0.45 | Eps: 0.053 | Time: 1.6s
Ep 1177 | Rw: -16.6 | Loss: 0.0061 | Q: 0.04 | Grad: 0.42 | Eps: 0.053 | Time: 1.5s
Ep 1178 | Rw: 15.6 | Loss: 0.0099 | Q: 0.05 | Grad: 0.40 | Eps: 0.053 | Time: 1.5s
Ep 1179 | Rw: 16.8 | Loss: 0.0060 | Q: 0.05 | Grad: 0.44 | Eps: 0.053 | Time: 1.6s
Ep 1180 | Rw: 15.2 | Loss: 0.0078 | Q: 0.06 | Grad: 0.48 | Eps: 0.052 | Time: 1.5s
Ep 1181 | Rw: 25.2 | Loss: 0.0062 | Q: 0.05 | Grad: 0.48 | Eps: 0.052 | Time: 1.6s
Ep 1182 | Rw: 19.9 | Loss: 0.0062 | Q: 0.05 | Grad: 0.45 | Eps: 0.052 | Time: 1.7s
Ep 1183 | Rw: 111.9 | Loss: 0.0051 | Q: 0.05 | Grad: 0.46 | Eps: 0.052 | Time: 1.3s
Ep 1184 | Rw: 13.6 | Loss: 0.0058 | Q: 0.05 | Grad: 0.41 | Eps: 0.052 | Time: 1.6s
Ep 1185 | Rw: 34.8 | Loss: 0.0065 | Q: 0.06 | Grad: 0.56 | Eps: 0.052 | Time: 1.5s
Ep 1186 | Rw: 102.9 | Loss: 0.0129 | Q: 0.05 | Grad: 0.64 | Eps: 0.052 | Time: 0.6s
Ep 1187 | Rw: 11.5 | Loss: 0.0062 | Q: 0.05 | Grad: 0.54 | Eps: 0.052 | Time: 1.6s
Ep 1188 | Rw: 28.3 | Loss: 0.0077 | Q: 0.10 | Grad: 0.60 | Eps: 0.052 | Time: 1.6s
Ep 1189 | Rw: 20.5 | Loss: 0.0077 | Q: 0.11 | Grad: 0.52 | Eps: 0.051 | Time: 1.6s
Ep 1190 | Rw: 1.0 | Loss: 0.0090 | Q: 0.10 | Grad: 0.53 | Eps: 0.051 | Time: 2.1s
Ep 1191 | Rw: 21.7 | Loss: 0.0051 | Q: 0.11 | Grad: 0.49 | Eps: 0.051 | Time: 1.6s
Ep 1192 | Rw: 120.1 | Loss: 0.0117 | Q: 0.11 | Grad: 0.47 | Eps: 0.051 | Time: 1.4s
Ep 1193 | Rw: -15.9 | Loss: 0.0048 | Q: 0.11 | Grad: 0.44 | Eps: 0.051 | Time: 1.6s
Ep 1194 | Rw: -4.2 | Loss: 0.0091 | Q: 0.11 | Grad: 0.50 | Eps: 0.051 | Time: 1.7s
Ep 1195 | Rw: 21.4 | Loss: 0.0076 | Q: 0.12 | Grad: 0.53 | Eps: 0.051 | Time: 1.7s
Ep 1196 | Rw: 27.1 | Loss: 0.0064 | Q: 0.13 | Grad: 0.52 | Eps: 0.051 | Time: 1.7s
Ep 1197 | Rw: 32.7 | Loss: 0.0052 | Q: 0.12 | Grad: 0.51 | Eps: 0.051 | Time: 1.6s
Ep 1198 | Rw: 15.8 | Loss: 0.0067 | Q: 0.13 | Grad: 0.55 | Eps: 0.050 | Time: 1.6s
Ep 1199 | Rw: 34.3 | Loss: 0.0038 | Q: 0.12 | Grad: 0.55 | Eps: 0.050 | Time: 1.7s
Ep 1200 | Rw: -0.1 | Loss: 0.0048 | Q: 0.12 | Grad: 0.44 | Eps: 0.050 | Time: 1.6s
  ✓ Saved checkpoint & updated plots in checkpoints/2026-03-12_11-17-00/plots
Ep 1201 | Rw: -10.5 | Loss: 0.0075 | Q: 0.12 | Grad: 0.47 | Eps: 0.050 | Time: 1.6s
Ep 1202 | Rw: 31.9 | Loss: 0.0075 | Q: 0.13 | Grad: 0.49 | Eps: 0.050 | Time: 1.6s
Ep 1203 | Rw: 20.8 | Loss: 0.0038 | Q: 0.11 | Grad: 0.51 | Eps: 0.050 | Time: 1.6s
Ep 1204 | Rw: -11.5 | Loss: 0.0050 | Q: 0.12 | Grad: 0.46 | Eps: 0.050 | Time: 2.1s
Ep 1205 | Rw: 18.8 | Loss: 0.0037 | Q: 0.14 | Grad: 0.55 | Eps: 0.050 | Time: 1.7s
Ep 1206 | Rw: 25.2 | Loss: 0.0077 | Q: 0.12 | Grad: 0.59 | Eps: 0.050 | Time: 1.8s
Ep 1207 | Rw: 128.6 | Loss: 0.0066 | Q: 0.12 | Grad: 0.48 | Eps: 0.050 | Time: 1.5s
Ep 1208 | Rw: 20.8 | Loss: 0.0064 | Q: 0.13 | Grad: 0.54 | Eps: 0.050 | Time: 1.7s
Ep 1209 | Rw: 33.0 | Loss: 0.0051 | Q: 0.18 | Grad: 0.58 | Eps: 0.050 | Time: 1.7s
Ep 1210 | Rw: 20.6 | Loss: 0.0127 | Q: 0.17 | Grad: 0.52 | Eps: 0.050 | Time: 1.7s
Ep 1211 | Rw: 4.3 | Loss: 0.0062 | Q: 0.17 | Grad: 0.45 | Eps: 0.050 | Time: 1.6s
Ep 1212 | Rw: 20.8 | Loss: 0.0064 | Q: 0.19 | Grad: 0.49 | Eps: 0.050 | Time: 1.6s
Ep 1213 | Rw: 13.5 | Loss: 0.0062 | Q: 0.20 | Grad: 0.46 | Eps: 0.050 | Time: 1.6s
Ep 1214 | Rw: 27.8 | Loss: 0.0049 | Q: 0.18 | Grad: 0.44 | Eps: 0.050 | Time: 1.6s
Ep 1215 | Rw: 27.0 | Loss: 0.0064 | Q: 0.19 | Grad: 0.53 | Eps: 0.050 | Time: 1.6s
Ep 1216 | Rw: 21.5 | Loss: 0.0049 | Q: 0.20 | Grad: 0.47 | Eps: 0.050 | Time: 1.7s
Ep 1217 | Rw: 13.1 | Loss: 0.0064 | Q: 0.19 | Grad: 0.44 | Eps: 0.050 | Time: 2.0s
Ep 1218 | Rw: 32.3 | Loss: 0.0064 | Q: 0.20 | Grad: 0.47 | Eps: 0.050 | Time: 1.7s
Ep 1219 | Rw: 30.9 | Loss: 0.0063 | Q: 0.19 | Grad: 0.51 | Eps: 0.050 | Time: 1.7s
Ep 1220 | Rw: 33.4 | Loss: 0.0050 | Q: 0.21 | Grad: 0.50 | Eps: 0.050 | Time: 1.6s
Ep 1221 | Rw: 5.7 | Loss: 0.0088 | Q: 0.20 | Grad: 0.46 | Eps: 0.050 | Time: 1.6s
Ep 1222 | Rw: 29.6 | Loss: 0.0062 | Q: 0.21 | Grad: 0.49 | Eps: 0.050 | Time: 2.1s
Ep 1223 | Rw: 114.2 | Loss: 0.0052 | Q: 0.18 | Grad: 0.49 | Eps: 0.050 | Time: 1.6s
Ep 1224 | Rw: 28.2 | Loss: 0.0078 | Q: 0.20 | Grad: 0.47 | Eps: 0.050 | Time: 1.7s
Ep 1225 | Rw: 20.7 | Loss: 0.0103 | Q: 0.20 | Grad: 0.47 | Eps: 0.050 | Time: 1.6s
Ep 1226 | Rw: 8.5 | Loss: 0.0051 | Q: 0.20 | Grad: 0.49 | Eps: 0.050 | Time: 1.5s
Ep 1227 | Rw: 26.0 | Loss: 0.0064 | Q: 0.20 | Grad: 0.46 | Eps: 0.050 | Time: 1.6s
Ep 1228 | Rw: 24.8 | Loss: 0.0091 | Q: 0.22 | Grad: 0.58 | Eps: 0.050 | Time: 1.6s
Ep 1229 | Rw: 24.3 | Loss: 0.0076 | Q: 0.28 | Grad: 0.53 | Eps: 0.050 | Time: 1.7s
Ep 1230 | Rw: 33.7 | Loss: 0.0090 | Q: 0.28 | Grad: 0.54 | Eps: 0.050 | Time: 1.7s
Ep 1231 | Rw: 27.4 | Loss: 0.0069 | Q: 0.28 | Grad: 0.61 | Eps: 0.050 | Time: 1.6s
Ep 1232 | Rw: 8.9 | Loss: 0.0077 | Q: 0.29 | Grad: 0.45 | Eps: 0.050 | Time: 1.5s
Ep 1233 | Rw: 25.5 | Loss: 0.0092 | Q: 0.29 | Grad: 0.56 | Eps: 0.050 | Time: 1.6s
Ep 1234 | Rw: 37.1 | Loss: 0.0077 | Q: 0.29 | Grad: 0.50 | Eps: 0.050 | Time: 1.6s
Ep 1235 | Rw: 10.5 | Loss: 0.0076 | Q: 0.28 | Grad: 0.44 | Eps: 0.050 | Time: 1.7s
Ep 1236 | Rw: 16.3 | Loss: 0.0092 | Q: 0.31 | Grad: 0.49 | Eps: 0.050 | Time: 1.6s
Ep 1237 | Rw: 14.9 | Loss: 0.0066 | Q: 0.29 | Grad: 0.52 | Eps: 0.050 | Time: 1.6s
Ep 1238 | Rw: 37.4 | Loss: 0.0091 | Q: 0.30 | Grad: 0.53 | Eps: 0.050 | Time: 1.6s
Ep 1239 | Rw: 30.9 | Loss: 0.0041 | Q: 0.30 | Grad: 0.57 | Eps: 0.050 | Time: 1.6s
Ep 1240 | Rw: 31.5 | Loss: 0.0078 | Q: 0.29 | Grad: 0.49 | Eps: 0.050 | Time: 2.1s
Ep 1241 | Rw: -0.2 | Loss: 0.0061 | Q: 0.29 | Grad: 0.48 | Eps: 0.050 | Time: 1.5s
Ep 1242 | Rw: -13.7 | Loss: 0.0080 | Q: 0.30 | Grad: 0.58 | Eps: 0.050 | Time: 1.5s
Ep 1243 | Rw: 5.2 | Loss: 0.0075 | Q: 0.27 | Grad: 0.47 | Eps: 0.050 | Time: 1.6s
Ep 1244 | Rw: -27.8 | Loss: 0.0081 | Q: 0.30 | Grad: 0.65 | Eps: 0.050 | Time: 1.6s
Ep 1245 | Rw: 26.5 | Loss: 0.0077 | Q: 0.29 | Grad: 0.53 | Eps: 0.050 | Time: 1.6s
Ep 1246 | Rw: 37.2 | Loss: 0.0068 | Q: 0.30 | Grad: 0.61 | Eps: 0.050 | Time: 1.6s
Ep 1247 | Rw: 102.2 | Loss: 0.0040 | Q: 0.31 | Grad: 0.45 | Eps: 0.050 | Time: 0.6s
Ep 1248 | Rw: 32.8 | Loss: 0.0089 | Q: 0.29 | Grad: 0.55 | Eps: 0.050 | Time: 1.6s
Ep 1249 | Rw: 25.3 | Loss: 0.0078 | Q: 0.33 | Grad: 0.52 | Eps: 0.050 | Time: 1.6s
Ep 1250 | Rw: 18.0 | Loss: 0.0078 | Q: 0.38 | Grad: 0.50 | Eps: 0.050 | Time: 1.6s
  ✓ Saved checkpoint & updated plots in checkpoints/2026-03-12_11-17-00/plots
Ep 1251 | Rw: 22.0 | Loss: 0.0102 | Q: 0.37 | Grad: 0.52 | Eps: 0.050 | Time: 1.5s
Ep 1252 | Rw: 23.8 | Loss: 0.0068 | Q: 0.35 | Grad: 0.54 | Eps: 0.050 | Time: 1.5s
Ep 1253 | Rw: -8.6 | Loss: 0.0065 | Q: 0.36 | Grad: 0.51 | Eps: 0.050 | Time: 1.5s
Ep 1254 | Rw: 14.7 | Loss: 0.0103 | Q: 0.38 | Grad: 0.55 | Eps: 0.050 | Time: 1.5s
Ep 1255 | Rw: -2.8 | Loss: 0.0070 | Q: 0.37 | Grad: 0.65 | Eps: 0.050 | Time: 1.9s
Ep 1256 | Rw: 113.9 | Loss: 0.0075 | Q: 0.36 | Grad: 0.46 | Eps: 0.050 | Time: 1.1s
Ep 1257 | Rw: 8.5 | Loss: 0.0067 | Q: 0.37 | Grad: 0.52 | Eps: 0.050 | Time: 1.5s
Ep 1258 | Rw: 19.9 | Loss: 0.0063 | Q: 0.37 | Grad: 0.45 | Eps: 0.050 | Time: 1.5s
Ep 1259 | Rw: 16.8 | Loss: 0.0088 | Q: 0.37 | Grad: 0.50 | Eps: 0.050 | Time: 1.5s
Ep 1260 | Rw: 29.6 | Loss: 0.0052 | Q: 0.36 | Grad: 0.52 | Eps: 0.050 | Time: 1.5s
Ep 1261 | Rw: 22.9 | Loss: 0.0050 | Q: 0.36 | Grad: 0.47 | Eps: 0.050 | Time: 1.5s
Ep 1262 | Rw: 22.5 | Loss: 0.0075 | Q: 0.37 | Grad: 0.43 | Eps: 0.050 | Time: 1.5s
Ep 1263 | Rw: 29.9 | Loss: 0.0089 | Q: 0.38 | Grad: 0.49 | Eps: 0.050 | Time: 1.5s
Ep 1264 | Rw: 18.1 | Loss: 0.0039 | Q: 0.36 | Grad: 0.50 | Eps: 0.050 | Time: 1.5s
Ep 1265 | Rw: 23.8 | Loss: 0.0102 | Q: 0.38 | Grad: 0.49 | Eps: 0.050 | Time: 1.5s
Ep 1266 | Rw: 23.0 | Loss: 0.0120 | Q: 0.39 | Grad: 0.59 | Eps: 0.050 | Time: 1.5s
Ep 1267 | Rw: 29.9 | Loss: 0.0075 | Q: 0.39 | Grad: 0.54 | Eps: 0.050 | Time: 1.5s
Ep 1268 | Rw: 34.9 | Loss: 0.0078 | Q: 0.39 | Grad: 0.50 | Eps: 0.050 | Time: 1.5s
Ep 1269 | Rw: 31.7 | Loss: 0.0080 | Q: 0.38 | Grad: 0.53 | Eps: 0.050 | Time: 1.5s
Ep 1270 | Rw: 22.7 | Loss: 0.0105 | Q: 0.42 | Grad: 0.56 | Eps: 0.050 | Time: 1.5s
Ep 1271 | Rw: -4.4 | Loss: 0.0104 | Q: 0.42 | Grad: 0.56 | Eps: 0.050 | Time: 1.5s
Ep 1272 | Rw: 31.7 | Loss: 0.0130 | Q: 0.42 | Grad: 0.59 | Eps: 0.050 | Time: 1.6s
Ep 1273 | Rw: 21.4 | Loss: 0.0082 | Q: 0.44 | Grad: 0.58 | Eps: 0.050 | Time: 1.6s
Ep 1274 | Rw: 120.5 | Loss: 0.0128 | Q: 0.42 | Grad: 0.59 | Eps: 0.050 | Time: 1.7s
Ep 1275 | Rw: 19.9 | Loss: 0.0068 | Q: 0.42 | Grad: 0.53 | Eps: 0.050 | Time: 1.5s
Ep 1276 | Rw: 21.1 | Loss: 0.0068 | Q: 0.45 | Grad: 0.59 | Eps: 0.050 | Time: 1.5s
Ep 1277 | Rw: 31.1 | Loss: 0.0067 | Q: 0.44 | Grad: 0.60 | Eps: 0.050 | Time: 1.5s
Ep 1278 | Rw: 19.6 | Loss: 0.0091 | Q: 0.44 | Grad: 0.49 | Eps: 0.050 | Time: 1.3s
Ep 1279 | Rw: 30.8 | Loss: 0.0066 | Q: 0.46 | Grad: 0.45 | Eps: 0.050 | Time: 1.6s
Ep 1280 | Rw: 19.4 | Loss: 0.0078 | Q: 0.43 | Grad: 0.54 | Eps: 0.050 | Time: 1.5s
Ep 1281 | Rw: -20.6 | Loss: 0.0066 | Q: 0.45 | Grad: 0.51 | Eps: 0.050 | Time: 1.6s
Ep 1282 | Rw: 19.6 | Loss: 0.0094 | Q: 0.43 | Grad: 0.56 | Eps: 0.050 | Time: 1.6s
Ep 1283 | Rw: -2.5 | Loss: 0.0053 | Q: 0.44 | Grad: 0.50 | Eps: 0.050 | Time: 1.6s
Ep 1284 | Rw: -4.7 | Loss: 0.0053 | Q: 0.44 | Grad: 0.46 | Eps: 0.050 | Time: 1.6s
Ep 1285 | Rw: 23.7 | Loss: 0.0083 | Q: 0.44 | Grad: 0.56 | Eps: 0.050 | Time: 1.6s
Ep 1286 | Rw: 25.2 | Loss: 0.0065 | Q: 0.46 | Grad: 0.49 | Eps: 0.050 | Time: 1.7s
Ep 1287 | Rw: 13.4 | Loss: 0.0068 | Q: 0.46 | Grad: 0.53 | Eps: 0.050 | Time: 1.6s
Ep 1288 | Rw: 111.5 | Loss: 0.0042 | Q: 0.45 | Grad: 0.62 | Eps: 0.050 | Time: 1.0s
Ep 1289 | Rw: 33.1 | Loss: 0.0090 | Q: 0.46 | Grad: 0.53 | Eps: 0.050 | Time: 1.5s
Ep 1290 | Rw: 32.9 | Loss: 0.0059 | Q: 0.49 | Grad: 0.63 | Eps: 0.050 | Time: 1.5s
Ep 1291 | Rw: 31.8 | Loss: 0.0059 | Q: 0.49 | Grad: 0.67 | Eps: 0.050 | Time: 0.9s
Ep 1292 | Rw: 25.0 | Loss: 0.0100 | Q: 0.50 | Grad: 0.69 | Eps: 0.050 | Time: 1.4s
Ep 1293 | Rw: 15.1 | Loss: 0.0071 | Q: 0.51 | Grad: 0.59 | Eps: 0.050 | Time: 0.9s
Ep 1294 | Rw: 12.7 | Loss: 0.0099 | Q: 0.51 | Grad: 0.69 | Eps: 0.050 | Time: 0.9s
Ep 1295 | Rw: 19.9 | Loss: 0.0119 | Q: 0.51 | Grad: 0.56 | Eps: 0.050 | Time: 0.9s
Ep 1296 | Rw: 18.2 | Loss: 0.0120 | Q: 0.51 | Grad: 0.54 | Eps: 0.050 | Time: 0.9s
Ep 1297 | Rw: 11.2 | Loss: 0.0086 | Q: 0.51 | Grad: 0.64 | Eps: 0.050 | Time: 0.9s
Ep 1298 | Rw: 15.5 | Loss: 0.0095 | Q: 0.52 | Grad: 0.58 | Eps: 0.050 | Time: 0.9s
Ep 1299 | Rw: 32.9 | Loss: 0.0084 | Q: 0.52 | Grad: 0.60 | Eps: 0.050 | Time: 0.9s
Ep 1300 | Rw: -5.3 | Loss: 0.0096 | Q: 0.53 | Grad: 0.54 | Eps: 0.050 | Time: 0.9s
  ✓ Saved checkpoint & updated plots in checkpoints/2026-03-12_11-17-00/plots
Ep 1301 | Rw: 26.5 | Loss: 0.0058 | Q: 0.53 | Grad: 0.54 | Eps: 0.050 | Time: 0.8s
Ep 1302 | Rw: 9.3 | Loss: 0.0110 | Q: 0.52 | Grad: 0.55 | Eps: 0.050 | Time: 0.9s
Ep 1303 | Rw: 26.4 | Loss: 0.0057 | Q: 0.52 | Grad: 0.57 | Eps: 0.050 | Time: 1.0s
Ep 1304 | Rw: 11.3 | Loss: 0.0068 | Q: 0.55 | Grad: 0.56 | Eps: 0.050 | Time: 0.9s
Ep 1305 | Rw: 19.3 | Loss: 0.0068 | Q: 0.54 | Grad: 0.55 | Eps: 0.050 | Time: 0.9s
Ep 1306 | Rw: 33.4 | Loss: 0.0081 | Q: 0.53 | Grad: 0.55 | Eps: 0.050 | Time: 0.9s
Ep 1307 | Rw: 24.3 | Loss: 0.0055 | Q: 0.53 | Grad: 0.54 | Eps: 0.050 | Time: 1.6s
Ep 1308 | Rw: 29.3 | Loss: 0.0080 | Q: 0.55 | Grad: 0.59 | Eps: 0.050 | Time: 1.6s
Ep 1309 | Rw: 24.2 | Loss: 0.0074 | Q: 0.55 | Grad: 0.67 | Eps: 0.050 | Time: 0.9s
Ep 1310 | Rw: 21.0 | Loss: 0.0107 | Q: 0.56 | Grad: 0.58 | Eps: 0.050 | Time: 0.9s
Ep 1311 | Rw: 19.5 | Loss: 0.0106 | Q: 0.59 | Grad: 0.58 | Eps: 0.050 | Time: 1.0s
Ep 1312 | Rw: 15.2 | Loss: 0.0086 | Q: 0.60 | Grad: 0.62 | Eps: 0.050 | Time: 1.0s
Ep 1313 | Rw: -41.7 | Loss: 0.0050 | Q: 0.60 | Grad: 0.68 | Eps: 0.050 | Time: 0.9s
Ep 1314 | Rw: 20.2 | Loss: 0.0084 | Q: 0.60 | Grad: 0.56 | Eps: 0.050 | Time: 0.9s
Ep 1315 | Rw: 19.2 | Loss: 0.0060 | Q: 0.57 | Grad: 0.57 | Eps: 0.050 | Time: 1.0s
Ep 1316 | Rw: 20.7 | Loss: 0.0069 | Q: 0.60 | Grad: 0.52 | Eps: 0.050 | Time: 0.9s
Ep 1317 | Rw: 10.0 | Loss: 0.0108 | Q: 0.61 | Grad: 0.62 | Eps: 0.050 | Time: 1.0s
Ep 1318 | Rw: 101.3 | Loss: 0.0046 | Q: 0.60 | Grad: 0.66 | Eps: 0.050 | Time: 0.3s
Ep 1319 | Rw: 26.3 | Loss: 0.0057 | Q: 0.59 | Grad: 0.56 | Eps: 0.050 | Time: 0.9s
Ep 1320 | Rw: 30.9 | Loss: 0.0130 | Q: 0.60 | Grad: 0.53 | Eps: 0.050 | Time: 1.0s
Ep 1321 | Rw: 108.4 | Loss: 0.0086 | Q: 0.62 | Grad: 0.59 | Eps: 0.050 | Time: 0.5s
Ep 1322 | Rw: 120.7 | Loss: 0.0081 | Q: 0.59 | Grad: 0.55 | Eps: 0.050 | Time: 0.7s
Ep 1323 | Rw: 101.6 | Loss: 0.0136 | Q: 0.60 | Grad: 0.74 | Eps: 0.050 | Time: 0.3s
Ep 1324 | Rw: 17.8 | Loss: 0.0081 | Q: 0.61 | Grad: 0.57 | Eps: 0.050 | Time: 0.9s
Ep 1325 | Rw: -24.0 | Loss: 0.0073 | Q: 0.60 | Grad: 0.54 | Eps: 0.050 | Time: 0.9s
Ep 1326 | Rw: 26.7 | Loss: 0.0072 | Q: 0.61 | Grad: 0.58 | Eps: 0.050 | Time: 1.0s
Ep 1327 | Rw: 16.3 | Loss: 0.0085 | Q: 0.59 | Grad: 0.65 | Eps: 0.050 | Time: 1.4s
Ep 1328 | Rw: -5.7 | Loss: 0.0108 | Q: 0.61 | Grad: 0.54 | Eps: 0.050 | Time: 1.0s
Ep 1329 | Rw: 23.8 | Loss: 0.0084 | Q: 0.60 | Grad: 0.54 | Eps: 0.050 | Time: 0.9s
Ep 1330 | Rw: 30.3 | Loss: 0.0084 | Q: 0.61 | Grad: 0.65 | Eps: 0.050 | Time: 0.9s
Ep 1331 | Rw: 22.2 | Loss: 0.0099 | Q: 0.62 | Grad: 0.68 | Eps: 0.050 | Time: 0.9s
Ep 1332 | Rw: 10.8 | Loss: 0.0074 | Q: 0.63 | Grad: 0.65 | Eps: 0.050 | Time: 0.9s
Ep 1333 | Rw: 28.3 | Loss: 0.0087 | Q: 0.63 | Grad: 0.71 | Eps: 0.050 | Time: 1.0s
Ep 1334 | Rw: 29.0 | Loss: 0.0105 | Q: 0.66 | Grad: 0.68 | Eps: 0.050 | Time: 0.9s
Ep 1335 | Rw: 10.3 | Loss: 0.0089 | Q: 0.68 | Grad: 0.58 | Eps: 0.050 | Time: 0.9s
Ep 1336 | Rw: 108.3 | Loss: 0.0071 | Q: 0.66 | Grad: 0.53 | Eps: 0.050 | Time: 0.6s
Ep 1337 | Rw: 109.7 | Loss: 0.0115 | Q: 0.67 | Grad: 0.63 | Eps: 0.050 | Time: 0.7s
Ep 1338 | Rw: -17.5 | Loss: 0.0088 | Q: 0.66 | Grad: 0.71 | Eps: 0.050 | Time: 0.9s
Ep 1339 | Rw: 15.5 | Loss: 0.0156 | Q: 0.66 | Grad: 0.57 | Eps: 0.050 | Time: 0.9s
Ep 1340 | Rw: 109.7 | Loss: 0.0102 | Q: 0.66 | Grad: 0.74 | Eps: 0.050 | Time: 0.7s
Ep 1341 | Rw: 0.7 | Loss: 0.0087 | Q: 0.68 | Grad: 0.62 | Eps: 0.050 | Time: 0.9s
Ep 1342 | Rw: 20.9 | Loss: 0.0089 | Q: 0.67 | Grad: 0.71 | Eps: 0.050 | Time: 0.9s
Ep 1343 | Rw: 30.1 | Loss: 0.0089 | Q: 0.68 | Grad: 0.63 | Eps: 0.050 | Time: 0.9s
Ep 1344 | Rw: 18.8 | Loss: 0.0124 | Q: 0.67 | Grad: 0.64 | Eps: 0.050 | Time: 0.9s
Ep 1345 | Rw: 21.1 | Loss: 0.0076 | Q: 0.68 | Grad: 0.66 | Eps: 0.050 | Time: 1.5s
Ep 1346 | Rw: 26.6 | Loss: 0.0134 | Q: 0.66 | Grad: 0.59 | Eps: 0.050 | Time: 2.1s
Ep 1347 | Rw: 16.1 | Loss: 0.0085 | Q: 0.68 | Grad: 0.63 | Eps: 0.050 | Time: 1.6s
Ep 1348 | Rw: 11.2 | Loss: 0.0061 | Q: 0.69 | Grad: 0.58 | Eps: 0.050 | Time: 1.6s
Ep 1349 | Rw: 33.6 | Loss: 0.0105 | Q: 0.66 | Grad: 0.51 | Eps: 0.050 | Time: 1.6s
Ep 1350 | Rw: 25.6 | Loss: 0.0100 | Q: 0.68 | Grad: 0.69 | Eps: 0.050 | Time: 1.6s
  ✓ Saved checkpoint & updated plots in checkpoints/2026-03-12_11-17-00/plots
Ep 1351 | Rw: 20.1 | Loss: 0.0112 | Q: 0.69 | Grad: 0.69 | Eps: 0.050 | Time: 1.6s
Ep 1352 | Rw: 10.7 | Loss: 0.0098 | Q: 0.68 | Grad: 0.68 | Eps: 0.050 | Time: 1.6s
Ep 1353 | Rw: 24.8 | Loss: 0.0137 | Q: 0.69 | Grad: 0.74 | Eps: 0.050 | Time: 1.6s
Ep 1354 | Rw: -30.7 | Loss: 0.0076 | Q: 0.73 | Grad: 0.68 | Eps: 0.050 | Time: 1.5s
Ep 1355 | Rw: 25.5 | Loss: 0.0056 | Q: 0.74 | Grad: 0.70 | Eps: 0.050 | Time: 1.6s
Ep 1356 | Rw: 21.8 | Loss: 0.0101 | Q: 0.74 | Grad: 0.65 | Eps: 0.050 | Time: 1.6s
Ep 1357 | Rw: 29.9 | Loss: 0.0123 | Q: 0.75 | Grad: 0.66 | Eps: 0.050 | Time: 1.6s
Ep 1358 | Rw: -6.6 | Loss: 0.0076 | Q: 0.74 | Grad: 0.65 | Eps: 0.050 | Time: 1.6s
Ep 1359 | Rw: 23.5 | Loss: 0.0109 | Q: 0.75 | Grad: 0.66 | Eps: 0.050 | Time: 1.6s
Ep 1360 | Rw: 34.4 | Loss: 0.0099 | Q: 0.74 | Grad: 0.64 | Eps: 0.050 | Time: 1.6s
Ep 1361 | Rw: 25.7 | Loss: 0.0093 | Q: 0.75 | Grad: 0.81 | Eps: 0.050 | Time: 1.6s
Ep 1362 | Rw: -13.8 | Loss: 0.0092 | Q: 0.75 | Grad: 0.71 | Eps: 0.050 | Time: 1.5s
Ep 1363 | Rw: 27.7 | Loss: 0.0127 | Q: 0.76 | Grad: 0.68 | Eps: 0.050 | Time: 2.1s
Ep 1364 | Rw: 31.4 | Loss: 0.0114 | Q: 0.76 | Grad: 0.61 | Eps: 0.050 | Time: 1.6s
Ep 1365 | Rw: 27.1 | Loss: 0.0100 | Q: 0.76 | Grad: 0.67 | Eps: 0.050 | Time: 1.6s
Ep 1366 | Rw: 30.1 | Loss: 0.0111 | Q: 0.75 | Grad: 0.54 | Eps: 0.050 | Time: 1.6s
Ep 1367 | Rw: 20.7 | Loss: 0.0103 | Q: 0.76 | Grad: 0.70 | Eps: 0.050 | Time: 1.6s
Ep 1368 | Rw: 3.7 | Loss: 0.0114 | Q: 0.75 | Grad: 0.69 | Eps: 0.050 | Time: 1.6s
Ep 1369 | Rw: 20.5 | Loss: 0.0076 | Q: 0.75 | Grad: 0.69 | Eps: 0.050 | Time: 1.7s
Ep 1370 | Rw: 29.1 | Loss: 0.0100 | Q: 0.75 | Grad: 0.67 | Eps: 0.050 | Time: 1.7s
Ep 1371 | Rw: -18.0 | Loss: 0.0162 | Q: 0.78 | Grad: 0.71 | Eps: 0.050 | Time: 1.6s
Ep 1372 | Rw: 128.9 | Loss: 0.0086 | Q: 0.75 | Grad: 0.53 | Eps: 0.050 | Time: 1.6s
Ep 1373 | Rw: 22.5 | Loss: 0.0141 | Q: 0.77 | Grad: 0.73 | Eps: 0.050 | Time: 1.7s
Ep 1374 | Rw: 118.4 | Loss: 0.0109 | Q: 0.79 | Grad: 0.76 | Eps: 0.050 | Time: 1.2s
Ep 1375 | Rw: 27.6 | Loss: 0.0084 | Q: 0.80 | Grad: 0.64 | Eps: 0.050 | Time: 1.6s
Ep 1376 | Rw: 15.0 | Loss: 0.0134 | Q: 0.84 | Grad: 0.62 | Eps: 0.050 | Time: 1.6s
Ep 1377 | Rw: 23.7 | Loss: 0.0066 | Q: 0.83 | Grad: 0.82 | Eps: 0.050 | Time: 1.6s
Ep 1378 | Rw: 33.1 | Loss: 0.0100 | Q: 0.83 | Grad: 0.62 | Eps: 0.050 | Time: 1.7s
Ep 1379 | Rw: 19.7 | Loss: 0.0086 | Q: 0.82 | Grad: 0.55 | Eps: 0.050 | Time: 1.6s
Ep 1380 | Rw: 34.2 | Loss: 0.0110 | Q: 0.81 | Grad: 0.65 | Eps: 0.050 | Time: 1.6s
Ep 1381 | Rw: 24.1 | Loss: 0.0086 | Q: 0.85 | Grad: 0.62 | Eps: 0.050 | Time: 1.6s
Ep 1382 | Rw: 11.2 | Loss: 0.0058 | Q: 0.84 | Grad: 0.53 | Eps: 0.050 | Time: 2.1s
Ep 1383 | Rw: -10.6 | Loss: 0.0083 | Q: 0.83 | Grad: 0.55 | Eps: 0.050 | Time: 1.6s
Ep 1384 | Rw: 2.7 | Loss: 0.0070 | Q: 0.84 | Grad: 0.54 | Eps: 0.050 | Time: 1.6s
Ep 1385 | Rw: 26.9 | Loss: 0.0085 | Q: 0.82 | Grad: 0.58 | Eps: 0.050 | Time: 1.6s
Ep 1386 | Rw: 26.6 | Loss: 0.0086 | Q: 0.82 | Grad: 0.66 | Eps: 0.050 | Time: 1.6s
Ep 1387 | Rw: 13.5 | Loss: 0.0137 | Q: 0.82 | Grad: 0.64 | Eps: 0.050 | Time: 1.6s
Ep 1388 | Rw: 20.1 | Loss: 0.0134 | Q: 0.83 | Grad: 0.64 | Eps: 0.050 | Time: 1.0s
Ep 1389 | Rw: -17.8 | Loss: 0.0143 | Q: 0.83 | Grad: 0.83 | Eps: 0.050 | Time: 0.9s
Ep 1390 | Rw: 31.2 | Loss: 0.0087 | Q: 0.84 | Grad: 0.67 | Eps: 0.050 | Time: 0.9s
Ep 1391 | Rw: 4.7 | Loss: 0.0094 | Q: 0.84 | Grad: 0.55 | Eps: 0.050 | Time: 0.9s
Ep 1392 | Rw: -15.9 | Loss: 0.0111 | Q: 0.82 | Grad: 0.66 | Eps: 0.050 | Time: 0.9s
Ep 1393 | Rw: 34.3 | Loss: 0.0096 | Q: 0.82 | Grad: 0.63 | Eps: 0.050 | Time: 0.9s
Ep 1394 | Rw: 28.2 | Loss: 0.0076 | Q: 0.86 | Grad: 0.65 | Eps: 0.050 | Time: 0.9s
Ep 1395 | Rw: 5.5 | Loss: 0.0087 | Q: 0.90 | Grad: 0.70 | Eps: 0.050 | Time: 0.9s
Ep 1396 | Rw: 18.6 | Loss: 0.0135 | Q: 0.90 | Grad: 0.63 | Eps: 0.050 | Time: 0.9s
Ep 1397 | Rw: 14.6 | Loss: 0.0111 | Q: 0.90 | Grad: 0.61 | Eps: 0.050 | Time: 0.9s
Ep 1398 | Rw: 28.3 | Loss: 0.0125 | Q: 0.91 | Grad: 0.76 | Eps: 0.050 | Time: 0.9s
Ep 1399 | Rw: 130.7 | Loss: 0.0080 | Q: 0.91 | Grad: 0.66 | Eps: 0.050 | Time: 0.8s
Ep 1400 | Rw: 27.7 | Loss: 0.0064 | Q: 0.91 | Grad: 0.69 | Eps: 0.050 | Time: 0.9s
  ✓ Saved checkpoint & updated plots in checkpoints/2026-03-12_11-17-00/plots
Ep 1401 | Rw: 32.6 | Loss: 0.0122 | Q: 0.91 | Grad: 0.60 | Eps: 0.050 | Time: 1.5s
Ep 1402 | Rw: -9.5 | Loss: 0.0100 | Q: 0.91 | Grad: 0.69 | Eps: 0.050 | Time: 1.5s
Ep 1403 | Rw: 28.7 | Loss: 0.0064 | Q: 0.92 | Grad: 0.69 | Eps: 0.050 | Time: 1.6s
Ep 1404 | Rw: 19.9 | Loss: 0.0110 | Q: 0.93 | Grad: 0.58 | Eps: 0.050 | Time: 1.6s
Ep 1405 | Rw: 26.5 | Loss: 0.0104 | Q: 0.89 | Grad: 0.78 | Eps: 0.050 | Time: 1.6s
Ep 1406 | Rw: 123.5 | Loss: 0.0122 | Q: 0.91 | Grad: 0.58 | Eps: 0.050 | Time: 1.7s
Ep 1407 | Rw: 18.8 | Loss: 0.0111 | Q: 0.92 | Grad: 0.70 | Eps: 0.050 | Time: 1.6s
Ep 1408 | Rw: 108.9 | Loss: 0.0096 | Q: 0.92 | Grad: 0.70 | Eps: 0.050 | Time: 1.0s
Ep 1409 | Rw: -19.6 | Loss: 0.0124 | Q: 0.92 | Grad: 0.71 | Eps: 0.050 | Time: 1.5s
Ep 1410 | Rw: 12.9 | Loss: 0.0095 | Q: 0.92 | Grad: 0.62 | Eps: 0.050 | Time: 1.6s
Ep 1411 | Rw: -10.8 | Loss: 0.0124 | Q: 0.90 | Grad: 0.74 | Eps: 0.050 | Time: 1.6s
Ep 1412 | Rw: 10.5 | Loss: 0.0074 | Q: 0.90 | Grad: 0.66 | Eps: 0.050 | Time: 1.7s
Ep 1413 | Rw: 23.0 | Loss: 0.0084 | Q: 0.92 | Grad: 0.69 | Eps: 0.050 | Time: 1.7s
Ep 1414 | Rw: -7.3 | Loss: 0.0152 | Q: 0.93 | Grad: 0.78 | Eps: 0.050 | Time: 1.6s
Ep 1415 | Rw: 28.8 | Loss: 0.0103 | Q: 0.96 | Grad: 0.73 | Eps: 0.050 | Time: 1.7s
Ep 1416 | Rw: 35.0 | Loss: 0.0160 | Q: 0.97 | Grad: 0.67 | Eps: 0.050 | Time: 1.7s
Ep 1417 | Rw: 25.3 | Loss: 0.0091 | Q: 0.97 | Grad: 0.69 | Eps: 0.050 | Time: 1.6s
Ep 1418 | Rw: 24.2 | Loss: 0.0099 | Q: 0.95 | Grad: 0.62 | Eps: 0.050 | Time: 2.2s
Ep 1419 | Rw: 16.0 | Loss: 0.0087 | Q: 0.96 | Grad: 0.64 | Eps: 0.050 | Time: 1.7s
Ep 1420 | Rw: 30.1 | Loss: 0.0074 | Q: 0.98 | Grad: 0.66 | Eps: 0.050 | Time: 1.7s
Ep 1421 | Rw: 9.2 | Loss: 0.0091 | Q: 0.97 | Grad: 0.75 | Eps: 0.050 | Time: 1.6s
Ep 1422 | Rw: 28.3 | Loss: 0.0102 | Q: 0.97 | Grad: 0.70 | Eps: 0.050 | Time: 1.6s
Ep 1423 | Rw: 18.9 | Loss: 0.0090 | Q: 0.96 | Grad: 0.63 | Eps: 0.050 | Time: 1.6s
Ep 1424 | Rw: 18.6 | Loss: 0.0063 | Q: 0.98 | Grad: 0.64 | Eps: 0.050 | Time: 1.6s
Ep 1425 | Rw: 24.2 | Loss: 0.0086 | Q: 0.98 | Grad: 0.59 | Eps: 0.050 | Time: 1.6s
Ep 1426 | Rw: 9.4 | Loss: 0.0139 | Q: 0.98 | Grad: 0.76 | Eps: 0.050 | Time: 1.5s
Ep 1427 | Rw: 7.3 | Loss: 0.0135 | Q: 0.97 | Grad: 0.67 | Eps: 0.050 | Time: 1.5s
Ep 1428 | Rw: 10.4 | Loss: 0.0090 | Q: 1.00 | Grad: 0.78 | Eps: 0.050 | Time: 1.5s
Ep 1429 | Rw: 33.0 | Loss: 0.0122 | Q: 0.98 | Grad: 0.59 | Eps: 0.050 | Time: 1.6s
Ep 1430 | Rw: 36.1 | Loss: 0.0125 | Q: 0.99 | Grad: 0.69 | Eps: 0.050 | Time: 1.6s
Ep 1431 | Rw: 34.2 | Loss: 0.0082 | Q: 0.98 | Grad: 0.63 | Eps: 0.050 | Time: 1.6s
Ep 1432 | Rw: 19.3 | Loss: 0.0096 | Q: 0.99 | Grad: 0.55 | Eps: 0.050 | Time: 1.6s
Ep 1433 | Rw: 20.6 | Loss: 0.0116 | Q: 0.98 | Grad: 0.70 | Eps: 0.050 | Time: 1.6s
Ep 1434 | Rw: -17.7 | Loss: 0.0063 | Q: 0.98 | Grad: 0.72 | Eps: 0.050 | Time: 1.6s
Ep 1435 | Rw: 25.9 | Loss: 0.0171 | Q: 1.06 | Grad: 0.68 | Eps: 0.050 | Time: 1.6s
Ep 1436 | Rw: 24.6 | Loss: 0.0113 | Q: 1.06 | Grad: 0.77 | Eps: 0.050 | Time: 1.6s
Ep 1437 | Rw: 26.1 | Loss: 0.0059 | Q: 1.05 | Grad: 0.58 | Eps: 0.050 | Time: 1.6s
Ep 1438 | Rw: 17.4 | Loss: 0.0094 | Q: 1.07 | Grad: 0.59 | Eps: 0.050 | Time: 2.1s
Ep 1439 | Rw: 23.8 | Loss: 0.0120 | Q: 1.06 | Grad: 0.71 | Eps: 0.050 | Time: 1.6s
Ep 1440 | Rw: 26.4 | Loss: 0.0105 | Q: 1.07 | Grad: 0.57 | Eps: 0.050 | Time: 1.6s
Ep 1441 | Rw: -13.5 | Loss: 0.0158 | Q: 1.06 | Grad: 0.68 | Eps: 0.050 | Time: 1.5s
Ep 1442 | Rw: 26.4 | Loss: 0.0106 | Q: 1.06 | Grad: 0.74 | Eps: 0.050 | Time: 1.6s
Ep 1443 | Rw: -12.2 | Loss: 0.0130 | Q: 1.07 | Grad: 0.66 | Eps: 0.050 | Time: 1.6s
Ep 1444 | Rw: 18.1 | Loss: 0.0099 | Q: 1.06 | Grad: 0.68 | Eps: 0.050 | Time: 1.5s
Ep 1445 | Rw: 25.6 | Loss: 0.0087 | Q: 1.08 | Grad: 0.64 | Eps: 0.050 | Time: 1.6s
Ep 1446 | Rw: 36.3 | Loss: 0.0113 | Q: 1.08 | Grad: 0.79 | Eps: 0.050 | Time: 1.6s
Ep 1447 | Rw: 19.3 | Loss: 0.0077 | Q: 1.07 | Grad: 0.82 | Eps: 0.050 | Time: 1.6s
Ep 1448 | Rw: -13.0 | Loss: 0.0061 | Q: 1.07 | Grad: 0.62 | Eps: 0.050 | Time: 1.6s
Ep 1449 | Rw: 29.7 | Loss: 0.0083 | Q: 1.08 | Grad: 0.61 | Eps: 0.050 | Time: 1.7s
Ep 1450 | Rw: 19.4 | Loss: 0.0122 | Q: 1.10 | Grad: 0.71 | Eps: 0.050 | Time: 1.6s
  ✓ Saved checkpoint & updated plots in checkpoints/2026-03-12_11-17-00/plots
Ep 1451 | Rw: 22.9 | Loss: 0.0118 | Q: 1.09 | Grad: 0.60 | Eps: 0.050 | Time: 1.5s
Ep 1452 | Rw: -11.9 | Loss: 0.0136 | Q: 1.08 | Grad: 0.82 | Eps: 0.050 | Time: 1.5s
Ep 1453 | Rw: 126.3 | Loss: 0.0156 | Q: 1.10 | Grad: 0.65 | Eps: 0.050 | Time: 1.3s
Ep 1454 | Rw: -8.4 | Loss: 0.0086 | Q: 1.07 | Grad: 0.66 | Eps: 0.050 | Time: 1.5s
Ep 1455 | Rw: 18.2 | Loss: 0.0113 | Q: 1.11 | Grad: 0.72 | Eps: 0.050 | Time: 1.5s
Ep 1456 | Rw: 117.4 | Loss: 0.0069 | Q: 1.14 | Grad: 0.62 | Eps: 0.050 | Time: 1.8s
Ep 1457 | Rw: 15.3 | Loss: 0.0126 | Q: 1.13 | Grad: 0.76 | Eps: 0.050 | Time: 1.5s
Ep 1458 | Rw: 27.0 | Loss: 0.0088 | Q: 1.16 | Grad: 0.67 | Eps: 0.050 | Time: 1.5s
Ep 1459 | Rw: -8.2 | Loss: 0.0109 | Q: 1.15 | Grad: 0.66 | Eps: 0.050 | Time: 1.5s
Ep 1460 | Rw: 27.7 | Loss: 0.0066 | Q: 1.14 | Grad: 0.76 | Eps: 0.050 | Time: 1.5s
Ep 1461 | Rw: 27.1 | Loss: 0.0119 | Q: 1.14 | Grad: 0.62 | Eps: 0.050 | Time: 1.5s
Ep 1462 | Rw: 30.9 | Loss: 0.0113 | Q: 1.16 | Grad: 0.73 | Eps: 0.050 | Time: 1.6s
Ep 1463 | Rw: 13.9 | Loss: 0.0099 | Q: 1.13 | Grad: 0.61 | Eps: 0.050 | Time: 1.6s
Ep 1464 | Rw: -34.6 | Loss: 0.0104 | Q: 1.13 | Grad: 0.72 | Eps: 0.050 | Time: 1.5s
Ep 1465 | Rw: 20.3 | Loss: 0.0123 | Q: 1.14 | Grad: 0.77 | Eps: 0.050 | Time: 1.5s
Ep 1466 | Rw: 16.0 | Loss: 0.0074 | Q: 1.15 | Grad: 0.75 | Eps: 0.050 | Time: 1.5s
Ep 1467 | Rw: 107.0 | Loss: 0.0196 | Q: 1.12 | Grad: 0.80 | Eps: 0.050 | Time: 0.7s
Ep 1468 | Rw: 26.8 | Loss: 0.0086 | Q: 1.16 | Grad: 0.65 | Eps: 0.050 | Time: 1.5s
Ep 1469 | Rw: 35.3 | Loss: 0.0121 | Q: 1.15 | Grad: 0.63 | Eps: 0.050 | Time: 1.5s
Ep 1470 | Rw: 27.2 | Loss: 0.0136 | Q: 1.14 | Grad: 0.70 | Eps: 0.050 | Time: 1.6s
Ep 1471 | Rw: 109.7 | Loss: 0.0084 | Q: 1.14 | Grad: 0.61 | Eps: 0.050 | Time: 0.7s
Ep 1472 | Rw: 23.7 | Loss: 0.0094 | Q: 1.17 | Grad: 0.60 | Eps: 0.050 | Time: 1.5s
Ep 1473 | Rw: 18.7 | Loss: 0.0152 | Q: 1.15 | Grad: 0.66 | Eps: 0.050 | Time: 1.6s
Ep 1474 | Rw: 0.2 | Loss: 0.0152 | Q: 1.16 | Grad: 0.75 | Eps: 0.050 | Time: 1.6s
Ep 1475 | Rw: -3.4 | Loss: 0.0119 | Q: 1.16 | Grad: 0.64 | Eps: 0.050 | Time: 1.6s
Ep 1476 | Rw: 26.3 | Loss: 0.0101 | Q: 1.17 | Grad: 0.69 | Eps: 0.050 | Time: 2.2s
Ep 1477 | Rw: 21.5 | Loss: 0.0113 | Q: 1.23 | Grad: 0.78 | Eps: 0.050 | Time: 1.6s
Ep 1478 | Rw: 21.3 | Loss: 0.0126 | Q: 1.25 | Grad: 0.77 | Eps: 0.050 | Time: 1.6s
Ep 1479 | Rw: 26.3 | Loss: 0.0129 | Q: 1.26 | Grad: 0.75 | Eps: 0.050 | Time: 1.6s
Ep 1480 | Rw: 29.8 | Loss: 0.0148 | Q: 1.25 | Grad: 0.71 | Eps: 0.050 | Time: 1.6s
Ep 1481 | Rw: 6.5 | Loss: 0.0114 | Q: 1.24 | Grad: 0.69 | Eps: 0.050 | Time: 1.6s
Ep 1482 | Rw: 33.3 | Loss: 0.0126 | Q: 1.26 | Grad: 0.68 | Eps: 0.050 | Time: 1.6s
Ep 1483 | Rw: 31.7 | Loss: 0.0139 | Q: 1.25 | Grad: 0.72 | Eps: 0.050 | Time: 1.6s
Ep 1484 | Rw: 30.1 | Loss: 0.0145 | Q: 1.25 | Grad: 0.69 | Eps: 0.050 | Time: 1.6s
Ep 1485 | Rw: 114.0 | Loss: 0.0120 | Q: 1.24 | Grad: 0.76 | Eps: 0.050 | Time: 1.2s
Ep 1486 | Rw: 29.2 | Loss: 0.0082 | Q: 1.26 | Grad: 0.78 | Eps: 0.050 | Time: 1.6s
Ep 1487 | Rw: 23.1 | Loss: 0.0146 | Q: 1.25 | Grad: 1.01 | Eps: 0.050 | Time: 1.6s
Ep 1488 | Rw: 23.3 | Loss: 0.0116 | Q: 1.25 | Grad: 0.70 | Eps: 0.050 | Time: 1.6s
Ep 1489 | Rw: 17.7 | Loss: 0.0105 | Q: 1.25 | Grad: 0.80 | Eps: 0.050 | Time: 1.6s
Ep 1490 | Rw: 28.1 | Loss: 0.0132 | Q: 1.26 | Grad: 0.97 | Eps: 0.050 | Time: 1.6s
Ep 1491 | Rw: 34.4 | Loss: 0.0096 | Q: 1.25 | Grad: 0.58 | Eps: 0.050 | Time: 1.6s
Ep 1492 | Rw: 23.6 | Loss: 0.0100 | Q: 1.25 | Grad: 0.72 | Eps: 0.050 | Time: 1.6s
Ep 1493 | Rw: 23.4 | Loss: 0.0111 | Q: 1.24 | Grad: 0.62 | Eps: 0.050 | Time: 1.6s
Ep 1494 | Rw: 27.1 | Loss: 0.0078 | Q: 1.26 | Grad: 0.72 | Eps: 0.050 | Time: 1.5s
Ep 1495 | Rw: 23.9 | Loss: 0.0130 | Q: 1.25 | Grad: 0.70 | Eps: 0.050 | Time: 1.5s
Ep 1496 | Rw: 31.7 | Loss: 0.0123 | Q: 1.25 | Grad: 0.60 | Eps: 0.050 | Time: 2.1s
Ep 1497 | Rw: 18.8 | Loss: 0.0116 | Q: 1.30 | Grad: 0.73 | Eps: 0.050 | Time: 1.6s
Ep 1498 | Rw: -14.9 | Loss: 0.0068 | Q: 1.29 | Grad: 0.71 | Eps: 0.050 | Time: 1.6s
Ep 1499 | Rw: 34.6 | Loss: 0.0162 | Q: 1.32 | Grad: 0.85 | Eps: 0.050 | Time: 1.6s
Ep 1500 | Rw: -10.8 | Loss: 0.0090 | Q: 1.30 | Grad: 0.70 | Eps: 0.050 | Time: 1.6s
  ✓ Saved checkpoint & updated plots in checkpoints/2026-03-12_11-17-00/plots
Ep 1501 | Rw: 23.3 | Loss: 0.0149 | Q: 1.31 | Grad: 0.65 | Eps: 0.050 | Time: 1.6s
Ep 1502 | Rw: 119.4 | Loss: 0.0125 | Q: 1.31 | Grad: 0.70 | Eps: 0.050 | Time: 1.5s
Ep 1503 | Rw: 17.9 | Loss: 0.0114 | Q: 1.32 | Grad: 0.67 | Eps: 0.050 | Time: 1.6s
Ep 1504 | Rw: 18.7 | Loss: 0.0127 | Q: 1.30 | Grad: 0.73 | Eps: 0.050 | Time: 1.5s
Ep 1505 | Rw: 20.7 | Loss: 0.0115 | Q: 1.31 | Grad: 0.70 | Eps: 0.050 | Time: 1.6s
Ep 1506 | Rw: -8.2 | Loss: 0.0099 | Q: 1.32 | Grad: 0.65 | Eps: 0.050 | Time: 1.5s
Ep 1507 | Rw: -7.1 | Loss: 0.0083 | Q: 1.32 | Grad: 0.79 | Eps: 0.050 | Time: 1.5s
Ep 1508 | Rw: 21.6 | Loss: 0.0139 | Q: 1.31 | Grad: 0.79 | Eps: 0.050 | Time: 1.5s
Ep 1509 | Rw: 24.4 | Loss: 0.0115 | Q: 1.32 | Grad: 0.73 | Eps: 0.050 | Time: 1.5s
Ep 1510 | Rw: 33.3 | Loss: 0.0136 | Q: 1.30 | Grad: 0.76 | Eps: 0.050 | Time: 1.5s
Ep 1511 | Rw: 27.0 | Loss: 0.0134 | Q: 1.33 | Grad: 0.68 | Eps: 0.050 | Time: 1.5s
Ep 1512 | Rw: 32.5 | Loss: 0.0135 | Q: 1.34 | Grad: 0.64 | Eps: 0.050 | Time: 1.5s
Ep 1513 | Rw: 120.3 | Loss: 0.0139 | Q: 1.32 | Grad: 0.75 | Eps: 0.050 | Time: 1.3s
Ep 1514 | Rw: -34.3 | Loss: 0.0159 | Q: 1.33 | Grad: 0.69 | Eps: 0.050 | Time: 1.6s
Ep 1515 | Rw: 20.8 | Loss: 0.0107 | Q: 1.34 | Grad: 0.80 | Eps: 0.050 | Time: 2.1s
Ep 1516 | Rw: -14.9 | Loss: 0.0114 | Q: 1.33 | Grad: 0.79 | Eps: 0.050 | Time: 1.5s
Ep 1517 | Rw: 4.7 | Loss: 0.0133 | Q: 1.38 | Grad: 0.75 | Eps: 0.050 | Time: 1.5s
Ep 1518 | Rw: 19.9 | Loss: 0.0100 | Q: 1.39 | Grad: 0.68 | Eps: 0.050 | Time: 1.5s
Ep 1519 | Rw: 25.8 | Loss: 0.0135 | Q: 1.39 | Grad: 0.73 | Eps: 0.050 | Time: 1.6s
Ep 1520 | Rw: 22.5 | Loss: 0.0086 | Q: 1.42 | Grad: 0.65 | Eps: 0.050 | Time: 1.6s
Ep 1521 | Rw: 113.2 | Loss: 0.0168 | Q: 1.39 | Grad: 0.63 | Eps: 0.050 | Time: 1.2s
Ep 1522 | Rw: 16.5 | Loss: 0.0096 | Q: 1.40 | Grad: 0.66 | Eps: 0.050 | Time: 1.6s
Ep 1523 | Rw: 23.0 | Loss: 0.0161 | Q: 1.41 | Grad: 0.68 | Eps: 0.050 | Time: 1.6s
Ep 1524 | Rw: 14.2 | Loss: 0.0099 | Q: 1.41 | Grad: 0.70 | Eps: 0.050 | Time: 1.6s
Ep 1525 | Rw: 9.2 | Loss: 0.0125 | Q: 1.40 | Grad: 0.74 | Eps: 0.050 | Time: 1.6s
Ep 1526 | Rw: 19.5 | Loss: 0.0155 | Q: 1.41 | Grad: 0.75 | Eps: 0.050 | Time: 1.6s
Ep 1527 | Rw: 21.1 | Loss: 0.0136 | Q: 1.40 | Grad: 0.79 | Eps: 0.050 | Time: 1.6s
Ep 1528 | Rw: 30.2 | Loss: 0.0082 | Q: 1.41 | Grad: 0.57 | Eps: 0.050 | Time: 1.6s
Ep 1529 | Rw: 30.7 | Loss: 0.0109 | Q: 1.39 | Grad: 0.66 | Eps: 0.050 | Time: 1.6s
Ep 1530 | Rw: 28.7 | Loss: 0.0132 | Q: 1.39 | Grad: 0.78 | Eps: 0.050 | Time: 1.6s
Ep 1531 | Rw: 25.6 | Loss: 0.0097 | Q: 1.42 | Grad: 0.70 | Eps: 0.050 | Time: 1.6s
Ep 1532 | Rw: 17.9 | Loss: 0.0141 | Q: 1.41 | Grad: 0.57 | Eps: 0.050 | Time: 1.6s
Ep 1533 | Rw: 28.3 | Loss: 0.0140 | Q: 1.42 | Grad: 0.65 | Eps: 0.050 | Time: 1.5s
Ep 1534 | Rw: 24.1 | Loss: 0.0146 | Q: 1.43 | Grad: 0.68 | Eps: 0.050 | Time: 1.6s
Ep 1535 | Rw: 21.5 | Loss: 0.0127 | Q: 1.39 | Grad: 0.63 | Eps: 0.050 | Time: 2.1s
Ep 1536 | Rw: 13.9 | Loss: 0.0108 | Q: 1.42 | Grad: 0.67 | Eps: 0.050 | Time: 1.6s
Ep 1537 | Rw: 17.1 | Loss: 0.0118 | Q: 1.44 | Grad: 0.85 | Eps: 0.050 | Time: 1.5s
Ep 1538 | Rw: 117.1 | Loss: 0.0088 | Q: 1.46 | Grad: 0.75 | Eps: 0.050 | Time: 1.2s
Ep 1539 | Rw: 5.0 | Loss: 0.0083 | Q: 1.46 | Grad: 0.87 | Eps: 0.050 | Time: 1.6s
Ep 1540 | Rw: 16.9 | Loss: 0.0138 | Q: 1.47 | Grad: 0.90 | Eps: 0.050 | Time: 1.6s
Ep 1541 | Rw: 24.5 | Loss: 0.0094 | Q: 1.48 | Grad: 0.65 | Eps: 0.050 | Time: 1.6s
Ep 1542 | Rw: 123.7 | Loss: 0.0149 | Q: 1.47 | Grad: 0.65 | Eps: 0.050 | Time: 1.3s
Ep 1543 | Rw: 26.4 | Loss: 0.0094 | Q: 1.46 | Grad: 0.60 | Eps: 0.050 | Time: 1.5s
Ep 1544 | Rw: 29.8 | Loss: 0.0097 | Q: 1.49 | Grad: 0.71 | Eps: 0.050 | Time: 1.6s
Ep 1545 | Rw: 17.3 | Loss: 0.0085 | Q: 1.47 | Grad: 0.65 | Eps: 0.050 | Time: 1.4s
Ep 1546 | Rw: 35.1 | Loss: 0.0157 | Q: 1.47 | Grad: 0.80 | Eps: 0.050 | Time: 1.6s
Ep 1547 | Rw: 28.8 | Loss: 0.0064 | Q: 1.47 | Grad: 0.76 | Eps: 0.050 | Time: 1.5s
Ep 1548 | Rw: 32.6 | Loss: 0.0086 | Q: 1.48 | Grad: 0.63 | Eps: 0.050 | Time: 1.5s
Ep 1549 | Rw: 38.5 | Loss: 0.0093 | Q: 1.49 | Grad: 0.58 | Eps: 0.050 | Time: 1.5s
Ep 1550 | Rw: 16.1 | Loss: 0.0098 | Q: 1.49 | Grad: 0.71 | Eps: 0.050 | Time: 1.5s
  ✓ Saved checkpoint & updated plots in checkpoints/2026-03-12_11-17-00/plots
Ep 1551 | Rw: 26.9 | Loss: 0.0136 | Q: 1.49 | Grad: 0.60 | Eps: 0.050 | Time: 1.5s
Ep 1552 | Rw: 15.5 | Loss: 0.0100 | Q: 1.49 | Grad: 0.73 | Eps: 0.050 | Time: 0.9s
Ep 1553 | Rw: 22.5 | Loss: 0.0109 | Q: 1.49 | Grad: 0.65 | Eps: 0.050 | Time: 1.5s
Ep 1554 | Rw: 20.8 | Loss: 0.0102 | Q: 1.48 | Grad: 0.73 | Eps: 0.050 | Time: 2.1s
Ep 1555 | Rw: 29.7 | Loss: 0.0129 | Q: 1.49 | Grad: 0.61 | Eps: 0.050 | Time: 1.6s
Ep 1556 | Rw: -7.2 | Loss: 0.0098 | Q: 1.50 | Grad: 0.71 | Eps: 0.050 | Time: 1.5s
Ep 1557 | Rw: 124.6 | Loss: 0.0110 | Q: 1.49 | Grad: 0.65 | Eps: 0.050 | Time: 1.5s
Ep 1558 | Rw: -10.9 | Loss: 0.0101 | Q: 1.52 | Grad: 0.75 | Eps: 0.050 | Time: 1.5s
Ep 1559 | Rw: 11.8 | Loss: 0.0118 | Q: 1.55 | Grad: 0.60 | Eps: 0.050 | Time: 1.6s
Ep 1560 | Rw: 19.7 | Loss: 0.0148 | Q: 1.55 | Grad: 0.76 | Eps: 0.050 | Time: 1.6s
Ep 1561 | Rw: 131.3 | Loss: 0.0106 | Q: 1.54 | Grad: 0.63 | Eps: 0.050 | Time: 1.4s
Ep 1562 | Rw: 20.3 | Loss: 0.0083 | Q: 1.52 | Grad: 0.91 | Eps: 0.050 | Time: 1.5s
Ep 1563 | Rw: 15.8 | Loss: 0.0114 | Q: 1.55 | Grad: 0.80 | Eps: 0.050 | Time: 1.5s
Ep 1564 | Rw: 31.1 | Loss: 0.0148 | Q: 1.54 | Grad: 0.78 | Eps: 0.050 | Time: 1.6s
Ep 1565 | Rw: 16.4 | Loss: 0.0110 | Q: 1.56 | Grad: 0.64 | Eps: 0.050 | Time: 1.5s
Ep 1566 | Rw: 28.0 | Loss: 0.0142 | Q: 1.54 | Grad: 0.69 | Eps: 0.050 | Time: 1.6s
Ep 1567 | Rw: 11.2 | Loss: 0.0063 | Q: 1.54 | Grad: 0.65 | Eps: 0.050 | Time: 1.6s
Ep 1568 | Rw: 33.0 | Loss: 0.0090 | Q: 1.54 | Grad: 0.77 | Eps: 0.050 | Time: 1.6s
Ep 1569 | Rw: 22.4 | Loss: 0.0145 | Q: 1.55 | Grad: 0.66 | Eps: 0.050 | Time: 1.6s
Ep 1570 | Rw: 26.2 | Loss: 0.0134 | Q: 1.56 | Grad: 0.66 | Eps: 0.050 | Time: 1.6s
Ep 1571 | Rw: 27.6 | Loss: 0.0135 | Q: 1.57 | Grad: 0.70 | Eps: 0.050 | Time: 1.6s
Ep 1572 | Rw: 18.6 | Loss: 0.0107 | Q: 1.54 | Grad: 0.89 | Eps: 0.050 | Time: 1.6s
Ep 1573 | Rw: -4.7 | Loss: 0.0173 | Q: 1.54 | Grad: 0.77 | Eps: 0.050 | Time: 1.5s
Ep 1574 | Rw: 15.4 | Loss: 0.0121 | Q: 1.56 | Grad: 0.64 | Eps: 0.050 | Time: 1.6s
Ep 1575 | Rw: 25.5 | Loss: 0.0145 | Q: 1.57 | Grad: 0.73 | Eps: 0.050 | Time: 1.6s
Ep 1576 | Rw: 27.0 | Loss: 0.0172 | Q: 1.57 | Grad: 0.84 | Eps: 0.050 | Time: 2.2s
Ep 1577 | Rw: 34.3 | Loss: 0.0096 | Q: 1.55 | Grad: 0.69 | Eps: 0.050 | Time: 1.6s
Ep 1578 | Rw: 22.6 | Loss: 0.0118 | Q: 1.59 | Grad: 0.73 | Eps: 0.050 | Time: 1.5s
Ep 1579 | Rw: 29.6 | Loss: 0.0153 | Q: 1.62 | Grad: 0.63 | Eps: 0.050 | Time: 1.6s
Ep 1580 | Rw: 25.0 | Loss: 0.0205 | Q: 1.62 | Grad: 0.66 | Eps: 0.050 | Time: 1.6s
Ep 1581 | Rw: 3.4 | Loss: 0.0092 | Q: 1.62 | Grad: 0.64 | Eps: 0.050 | Time: 1.6s
Ep 1582 | Rw: 23.4 | Loss: 0.0107 | Q: 1.61 | Grad: 0.65 | Eps: 0.050 | Time: 1.6s
Ep 1583 | Rw: 31.5 | Loss: 0.0148 | Q: 1.63 | Grad: 0.62 | Eps: 0.050 | Time: 1.6s
Ep 1584 | Rw: 34.7 | Loss: 0.0138 | Q: 1.63 | Grad: 0.57 | Eps: 0.050 | Time: 1.5s
Ep 1585 | Rw: 32.3 | Loss: 0.0105 | Q: 1.60 | Grad: 0.59 | Eps: 0.050 | Time: 1.5s
Ep 1586 | Rw: 29.3 | Loss: 0.0125 | Q: 1.62 | Grad: 0.64 | Eps: 0.050 | Time: 1.5s
Ep 1587 | Rw: 11.6 | Loss: 0.0120 | Q: 1.63 | Grad: 0.71 | Eps: 0.050 | Time: 1.5s
Ep 1588 | Rw: 28.5 | Loss: 0.0083 | Q: 1.64 | Grad: 0.66 | Eps: 0.050 | Time: 1.5s
Ep 1589 | Rw: 19.6 | Loss: 0.0113 | Q: 1.64 | Grad: 0.53 | Eps: 0.050 | Time: 1.5s
Ep 1590 | Rw: 32.6 | Loss: 0.0146 | Q: 1.64 | Grad: 0.57 | Eps: 0.050 | Time: 1.5s
Ep 1591 | Rw: 28.4 | Loss: 0.0138 | Q: 1.63 | Grad: 0.66 | Eps: 0.050 | Time: 1.5s
Ep 1592 | Rw: -9.3 | Loss: 0.0171 | Q: 1.66 | Grad: 0.71 | Eps: 0.050 | Time: 1.5s
Ep 1593 | Rw: 105.8 | Loss: 0.0097 | Q: 1.63 | Grad: 0.75 | Eps: 0.050 | Time: 0.6s
Ep 1594 | Rw: 24.7 | Loss: 0.0080 | Q: 1.65 | Grad: 0.67 | Eps: 0.050 | Time: 1.5s
Ep 1595 | Rw: -15.5 | Loss: 0.0116 | Q: 1.63 | Grad: 0.72 | Eps: 0.050 | Time: 1.5s
Ep 1596 | Rw: 31.8 | Loss: 0.0170 | Q: 1.63 | Grad: 0.60 | Eps: 0.050 | Time: 1.6s
Ep 1597 | Rw: 28.6 | Loss: 0.0183 | Q: 1.63 | Grad: 0.62 | Eps: 0.050 | Time: 2.2s
Ep 1598 | Rw: 36.2 | Loss: 0.0145 | Q: 1.63 | Grad: 0.52 | Eps: 0.050 | Time: 1.6s
Ep 1599 | Rw: 20.0 | Loss: 0.0065 | Q: 1.71 | Grad: 0.51 | Eps: 0.050 | Time: 1.6s
Ep 1600 | Rw: 110.7 | Loss: 0.0112 | Q: 1.69 | Grad: 0.62 | Eps: 0.050 | Time: 0.9s
  ✓ Saved checkpoint & updated plots in checkpoints/2026-03-12_11-17-00/plots
Ep 1601 | Rw: 106.5 | Loss: 0.0177 | Q: 1.73 | Grad: 0.69 | Eps: 0.050 | Time: 0.8s
Ep 1602 | Rw: 116.0 | Loss: 0.0081 | Q: 1.68 | Grad: 0.77 | Eps: 0.050 | Time: 1.2s
Ep 1603 | Rw: 27.2 | Loss: 0.0157 | Q: 1.70 | Grad: 0.63 | Eps: 0.050 | Time: 1.6s
Ep 1604 | Rw: 25.4 | Loss: 0.0087 | Q: 1.71 | Grad: 0.58 | Eps: 0.050 | Time: 1.6s
Ep 1605 | Rw: 21.5 | Loss: 0.0100 | Q: 1.70 | Grad: 0.59 | Eps: 0.050 | Time: 1.6s
Ep 1606 | Rw: 130.8 | Loss: 0.0172 | Q: 1.71 | Grad: 0.61 | Eps: 0.050 | Time: 1.4s
Ep 1607 | Rw: 28.4 | Loss: 0.0115 | Q: 1.69 | Grad: 0.56 | Eps: 0.050 | Time: 1.5s
Ep 1608 | Rw: 29.8 | Loss: 0.0111 | Q: 1.71 | Grad: 0.59 | Eps: 0.050 | Time: 1.5s
Ep 1609 | Rw: 11.8 | Loss: 0.0135 | Q: 1.68 | Grad: 0.57 | Eps: 0.050 | Time: 1.5s
Ep 1610 | Rw: 117.6 | Loss: 0.0109 | Q: 1.72 | Grad: 0.46 | Eps: 0.050 | Time: 1.2s
Ep 1611 | Rw: 28.7 | Loss: 0.0140 | Q: 1.71 | Grad: 0.53 | Eps: 0.050 | Time: 1.4s
Ep 1612 | Rw: -8.2 | Loss: 0.0113 | Q: 1.70 | Grad: 0.64 | Eps: 0.050 | Time: 1.4s
Ep 1613 | Rw: 25.2 | Loss: 0.0118 | Q: 1.71 | Grad: 0.66 | Eps: 0.050 | Time: 1.4s
Ep 1614 | Rw: -18.7 | Loss: 0.0137 | Q: 1.72 | Grad: 0.66 | Eps: 0.050 | Time: 1.4s
Ep 1615 | Rw: 113.4 | Loss: 0.0146 | Q: 1.71 | Grad: 0.76 | Eps: 0.050 | Time: 0.9s
Ep 1616 | Rw: 25.6 | Loss: 0.0165 | Q: 1.71 | Grad: 0.67 | Eps: 0.050 | Time: 1.4s
Ep 1617 | Rw: 23.3 | Loss: 0.0118 | Q: 1.71 | Grad: 0.49 | Eps: 0.050 | Time: 2.1s
Ep 1618 | Rw: 25.5 | Loss: 0.0090 | Q: 1.68 | Grad: 0.61 | Eps: 0.050 | Time: 1.5s
Ep 1619 | Rw: 30.9 | Loss: 0.0103 | Q: 1.72 | Grad: 0.73 | Eps: 0.050 | Time: 1.5s
Ep 1620 | Rw: 114.8 | Loss: 0.0093 | Q: 1.71 | Grad: 0.59 | Eps: 0.050 | Time: 1.1s
Ep 1621 | Rw: -15.8 | Loss: 0.0084 | Q: 1.71 | Grad: 0.80 | Eps: 0.050 | Time: 1.5s
Ep 1622 | Rw: 26.2 | Loss: 0.0092 | Q: 1.72 | Grad: 0.68 | Eps: 0.050 | Time: 1.5s
Ep 1623 | Rw: 29.5 | Loss: 0.0067 | Q: 1.74 | Grad: 0.60 | Eps: 0.050 | Time: 1.5s
Ep 1624 | Rw: 122.3 | Loss: 0.0112 | Q: 1.74 | Grad: 0.52 | Eps: 0.050 | Time: 1.3s
Ep 1625 | Rw: 27.3 | Loss: 0.0172 | Q: 1.74 | Grad: 0.71 | Eps: 0.050 | Time: 1.5s
Ep 1626 | Rw: 121.4 | Loss: 0.0120 | Q: 1.75 | Grad: 0.67 | Eps: 0.050 | Time: 1.2s
Ep 1627 | Rw: 20.7 | Loss: 0.0100 | Q: 1.75 | Grad: 0.65 | Eps: 0.050 | Time: 1.5s
Ep 1628 | Rw: -7.4 | Loss: 0.0125 | Q: 1.74 | Grad: 0.69 | Eps: 0.050 | Time: 1.5s
Ep 1629 | Rw: 27.1 | Loss: 0.0152 | Q: 1.76 | Grad: 0.78 | Eps: 0.050 | Time: 1.6s
Ep 1630 | Rw: 33.4 | Loss: 0.0109 | Q: 1.74 | Grad: 0.79 | Eps: 0.050 | Time: 1.6s
Ep 1631 | Rw: -17.2 | Loss: 0.0102 | Q: 1.74 | Grad: 0.59 | Eps: 0.050 | Time: 1.1s
Ep 1632 | Rw: 9.4 | Loss: 0.0180 | Q: 1.74 | Grad: 0.59 | Eps: 0.050 | Time: 1.5s
Ep 1633 | Rw: -16.3 | Loss: 0.0150 | Q: 1.73 | Grad: 0.70 | Eps: 0.050 | Time: 1.6s
Ep 1634 | Rw: 115.1 | Loss: 0.0096 | Q: 1.76 | Grad: 0.58 | Eps: 0.050 | Time: 1.0s
Ep 1635 | Rw: 25.7 | Loss: 0.0144 | Q: 1.74 | Grad: 0.60 | Eps: 0.050 | Time: 1.6s
Ep 1636 | Rw: 123.8 | Loss: 0.0170 | Q: 1.74 | Grad: 0.64 | Eps: 0.050 | Time: 1.4s
Ep 1637 | Rw: 25.7 | Loss: 0.0105 | Q: 1.73 | Grad: 0.69 | Eps: 0.050 | Time: 1.5s
Ep 1638 | Rw: 11.5 | Loss: 0.0110 | Q: 1.74 | Grad: 0.55 | Eps: 0.050 | Time: 2.2s
Ep 1639 | Rw: -16.7 | Loss: 0.0102 | Q: 1.75 | Grad: 0.64 | Eps: 0.050 | Time: 1.6s
Ep 1640 | Rw: 28.8 | Loss: 0.0104 | Q: 1.74 | Grad: 0.72 | Eps: 0.050 | Time: 1.8s
Ep 1641 | Rw: 111.5 | Loss: 0.0189 | Q: 1.74 | Grad: 0.64 | Eps: 0.050 | Time: 1.1s
Ep 1642 | Rw: 26.3 | Loss: 0.0160 | Q: 1.75 | Grad: 0.66 | Eps: 0.050 | Time: 1.6s
Ep 1643 | Rw: 13.1 | Loss: 0.0135 | Q: 1.82 | Grad: 0.63 | Eps: 0.050 | Time: 1.5s
Ep 1644 | Rw: 21.3 | Loss: 0.0079 | Q: 1.80 | Grad: 0.61 | Eps: 0.050 | Time: 1.5s
Ep 1645 | Rw: 25.5 | Loss: 0.0121 | Q: 1.81 | Grad: 0.59 | Eps: 0.050 | Time: 1.5s
Ep 1646 | Rw: 17.1 | Loss: 0.0137 | Q: 1.82 | Grad: 0.58 | Eps: 0.050 | Time: 1.6s
Ep 1647 | Rw: 24.5 | Loss: 0.0096 | Q: 1.82 | Grad: 0.69 | Eps: 0.050 | Time: 1.6s
Ep 1648 | Rw: 22.6 | Loss: 0.0180 | Q: 1.83 | Grad: 0.76 | Eps: 0.050 | Time: 1.6s
Ep 1649 | Rw: 29.6 | Loss: 0.0155 | Q: 1.83 | Grad: 0.56 | Eps: 0.050 | Time: 1.6s
Ep 1650 | Rw: 34.6 | Loss: 0.0125 | Q: 1.83 | Grad: 0.63 | Eps: 0.050 | Time: 1.6s
  ✓ Saved checkpoint & updated plots in checkpoints/2026-03-12_11-17-00/plots
Ep 1651 | Rw: 17.2 | Loss: 0.0150 | Q: 1.82 | Grad: 0.70 | Eps: 0.050 | Time: 1.6s
Ep 1652 | Rw: 29.1 | Loss: 0.0157 | Q: 1.83 | Grad: 0.66 | Eps: 0.050 | Time: 1.6s
Ep 1653 | Rw: 27.6 | Loss: 0.0125 | Q: 1.83 | Grad: 0.62 | Eps: 0.050 | Time: 1.5s
Ep 1654 | Rw: 27.8 | Loss: 0.0095 | Q: 1.83 | Grad: 0.62 | Eps: 0.050 | Time: 1.5s
Ep 1655 | Rw: 123.1 | Loss: 0.0122 | Q: 1.84 | Grad: 0.60 | Eps: 0.050 | Time: 1.4s
Ep 1656 | Rw: 23.4 | Loss: 0.0112 | Q: 1.83 | Grad: 0.62 | Eps: 0.050 | Time: 1.5s
Ep 1657 | Rw: 21.9 | Loss: 0.0164 | Q: 1.86 | Grad: 0.60 | Eps: 0.050 | Time: 1.5s
Ep 1658 | Rw: 127.7 | Loss: 0.0146 | Q: 1.82 | Grad: 0.58 | Eps: 0.050 | Time: 2.1s
Ep 1659 | Rw: 26.3 | Loss: 0.0155 | Q: 1.83 | Grad: 0.59 | Eps: 0.050 | Time: 1.6s
Ep 1660 | Rw: 31.3 | Loss: 0.0134 | Q: 1.83 | Grad: 0.65 | Eps: 0.050 | Time: 1.5s
Ep 1661 | Rw: 17.6 | Loss: 0.0192 | Q: 1.83 | Grad: 0.65 | Eps: 0.050 | Time: 1.5s
Ep 1662 | Rw: 26.7 | Loss: 0.0146 | Q: 1.83 | Grad: 0.68 | Eps: 0.050 | Time: 1.5s
Ep 1663 | Rw: 17.4 | Loss: 0.0142 | Q: 1.88 | Grad: 0.77 | Eps: 0.050 | Time: 1.5s
Ep 1664 | Rw: 107.4 | Loss: 0.0085 | Q: 1.90 | Grad: 0.66 | Eps: 0.050 | Time: 0.6s
Ep 1665 | Rw: 111.1 | Loss: 0.0082 | Q: 1.88 | Grad: 0.56 | Eps: 0.050 | Time: 1.0s
Ep 1666 | Rw: 27.9 | Loss: 0.0161 | Q: 1.90 | Grad: 0.65 | Eps: 0.050 | Time: 1.5s
Ep 1667 | Rw: 16.3 | Loss: 0.0128 | Q: 1.88 | Grad: 0.69 | Eps: 0.050 | Time: 1.4s
Ep 1668 | Rw: 20.8 | Loss: 0.0109 | Q: 1.92 | Grad: 0.76 | Eps: 0.050 | Time: 1.5s
Ep 1669 | Rw: 20.4 | Loss: 0.0160 | Q: 1.89 | Grad: 0.79 | Eps: 0.050 | Time: 1.5s
Ep 1670 | Rw: 33.1 | Loss: 0.0191 | Q: 1.91 | Grad: 0.60 | Eps: 0.050 | Time: 1.5s
Ep 1671 | Rw: 30.9 | Loss: 0.0220 | Q: 1.89 | Grad: 0.83 | Eps: 0.050 | Time: 1.5s
Ep 1672 | Rw: 32.8 | Loss: 0.0117 | Q: 1.88 | Grad: 0.71 | Eps: 0.050 | Time: 1.6s
Ep 1673 | Rw: 31.1 | Loss: 0.0118 | Q: 1.90 | Grad: 0.74 | Eps: 0.050 | Time: 1.7s
Ep 1674 | Rw: 19.2 | Loss: 0.0180 | Q: 1.90 | Grad: 0.64 | Eps: 0.050 | Time: 1.5s
Ep 1675 | Rw: 30.5 | Loss: 0.0091 | Q: 1.90 | Grad: 0.65 | Eps: 0.050 | Time: 1.4s
Ep 1676 | Rw: 23.0 | Loss: 0.0148 | Q: 1.90 | Grad: 0.65 | Eps: 0.050 | Time: 1.5s
Ep 1677 | Rw: 25.3 | Loss: 0.0122 | Q: 1.92 | Grad: 0.82 | Eps: 0.050 | Time: 1.4s
Ep 1678 | Rw: 22.5 | Loss: 0.0104 | Q: 1.89 | Grad: 0.67 | Eps: 0.050 | Time: 1.5s
Ep 1679 | Rw: 31.6 | Loss: 0.0215 | Q: 1.91 | Grad: 0.69 | Eps: 0.050 | Time: 1.5s
Ep 1680 | Rw: 25.5 | Loss: 0.0171 | Q: 1.92 | Grad: 0.72 | Eps: 0.050 | Time: 1.5s
Ep 1681 | Rw: 17.7 | Loss: 0.0148 | Q: 1.91 | Grad: 0.69 | Eps: 0.050 | Time: 2.1s
Ep 1682 | Rw: 30.1 | Loss: 0.0123 | Q: 1.93 | Grad: 0.59 | Eps: 0.050 | Time: 1.5s
Ep 1683 | Rw: 27.0 | Loss: 0.0183 | Q: 1.93 | Grad: 0.70 | Eps: 0.050 | Time: 1.5s
Ep 1684 | Rw: -5.5 | Loss: 0.0179 | Q: 2.00 | Grad: 0.96 | Eps: 0.050 | Time: 1.5s
Ep 1685 | Rw: 18.3 | Loss: 0.0148 | Q: 1.99 | Grad: 0.93 | Eps: 0.050 | Time: 1.5s
Ep 1686 | Rw: 33.5 | Loss: 0.0112 | Q: 1.97 | Grad: 0.79 | Eps: 0.050 | Time: 1.5s
Ep 1687 | Rw: 102.6 | Loss: 0.0115 | Q: 2.00 | Grad: 0.73 | Eps: 0.050 | Time: 1.0s
Ep 1688 | Rw: 8.0 | Loss: 0.0229 | Q: 1.97 | Grad: 0.89 | Eps: 0.050 | Time: 1.5s
Ep 1689 | Rw: 18.9 | Loss: 0.0152 | Q: 1.96 | Grad: 0.72 | Eps: 0.050 | Time: 1.5s
Ep 1690 | Rw: 117.0 | Loss: 0.0151 | Q: 1.97 | Grad: 0.76 | Eps: 0.050 | Time: 1.3s
Ep 1691 | Rw: 14.7 | Loss: 0.0106 | Q: 1.99 | Grad: 0.55 | Eps: 0.050 | Time: 1.5s
Ep 1692 | Rw: 29.3 | Loss: 0.0169 | Q: 2.00 | Grad: 0.72 | Eps: 0.050 | Time: 1.5s
Ep 1693 | Rw: 31.8 | Loss: 0.0104 | Q: 2.00 | Grad: 0.86 | Eps: 0.050 | Time: 1.5s
Ep 1694 | Rw: 122.8 | Loss: 0.0237 | Q: 2.00 | Grad: 0.83 | Eps: 0.050 | Time: 1.2s
Ep 1695 | Rw: 30.8 | Loss: 0.0108 | Q: 1.98 | Grad: 0.63 | Eps: 0.050 | Time: 1.5s
Ep 1696 | Rw: 16.7 | Loss: 0.0101 | Q: 1.97 | Grad: 0.65 | Eps: 0.050 | Time: 1.4s
Ep 1697 | Rw: 20.1 | Loss: 0.0187 | Q: 1.99 | Grad: 0.73 | Eps: 0.050 | Time: 1.5s
Ep 1698 | Rw: 14.3 | Loss: 0.0167 | Q: 1.99 | Grad: 0.75 | Eps: 0.050 | Time: 1.4s
Ep 1699 | Rw: 29.7 | Loss: 0.0132 | Q: 1.99 | Grad: 0.73 | Eps: 0.050 | Time: 1.5s
Ep 1700 | Rw: 8.0 | Loss: 0.0145 | Q: 2.00 | Grad: 0.81 | Eps: 0.050 | Time: 1.4s
  ✓ Saved checkpoint & updated plots in checkpoints/2026-03-12_11-17-00/plots
Ep 1701 | Rw: -8.2 | Loss: 0.0111 | Q: 1.97 | Grad: 0.74 | Eps: 0.050 | Time: 1.5s
Ep 1702 | Rw: 27.5 | Loss: 0.0177 | Q: 1.99 | Grad: 0.81 | Eps: 0.050 | Time: 1.5s
Ep 1703 | Rw: 22.9 | Loss: 0.0142 | Q: 2.00 | Grad: 0.74 | Eps: 0.050 | Time: 1.5s
Ep 1704 | Rw: 22.3 | Loss: 0.0202 | Q: 2.04 | Grad: 0.65 | Eps: 0.050 | Time: 1.5s
Ep 1705 | Rw: 16.5 | Loss: 0.0171 | Q: 2.08 | Grad: 0.74 | Eps: 0.050 | Time: 1.5s
Ep 1706 | Rw: 29.2 | Loss: 0.0159 | Q: 2.07 | Grad: 0.63 | Eps: 0.050 | Time: 1.5s
Ep 1707 | Rw: 25.6 | Loss: 0.0216 | Q: 2.06 | Grad: 0.74 | Eps: 0.050 | Time: 1.5s
Ep 1708 | Rw: 10.5 | Loss: 0.0151 | Q: 2.07 | Grad: 0.75 | Eps: 0.050 | Time: 1.5s
Ep 1709 | Rw: -38.1 | Loss: 0.0155 | Q: 2.08 | Grad: 0.66 | Eps: 0.050 | Time: 1.5s
Ep 1710 | Rw: 12.5 | Loss: 0.0137 | Q: 2.08 | Grad: 0.62 | Eps: 0.050 | Time: 1.5s
Ep 1711 | Rw: 18.7 | Loss: 0.0163 | Q: 2.07 | Grad: 0.71 | Eps: 0.050 | Time: 1.5s
Ep 1712 | Rw: 30.0 | Loss: 0.0169 | Q: 2.08 | Grad: 0.94 | Eps: 0.050 | Time: 1.5s
Ep 1713 | Rw: -21.1 | Loss: 0.0144 | Q: 2.06 | Grad: 0.65 | Eps: 0.050 | Time: 1.5s
Ep 1714 | Rw: 14.0 | Loss: 0.0119 | Q: 2.09 | Grad: 0.68 | Eps: 0.050 | Time: 1.6s
Ep 1715 | Rw: 19.2 | Loss: 0.0074 | Q: 2.07 | Grad: 0.64 | Eps: 0.050 | Time: 1.6s
Ep 1716 | Rw: 22.4 | Loss: 0.0151 | Q: 2.08 | Grad: 0.74 | Eps: 0.050 | Time: 1.5s
Ep 1717 | Rw: 27.6 | Loss: 0.0141 | Q: 2.07 | Grad: 0.78 | Eps: 0.050 | Time: 1.6s
Ep 1718 | Rw: 27.5 | Loss: 0.0189 | Q: 2.09 | Grad: 0.63 | Eps: 0.050 | Time: 1.6s
Ep 1719 | Rw: 9.6 | Loss: 0.0170 | Q: 2.08 | Grad: 0.72 | Eps: 0.050 | Time: 1.6s
Ep 1720 | Rw: 19.7 | Loss: 0.0102 | Q: 2.09 | Grad: 0.63 | Eps: 0.050 | Time: 1.5s
Ep 1721 | Rw: 6.5 | Loss: 0.0147 | Q: 2.07 | Grad: 0.70 | Eps: 0.050 | Time: 1.5s
Ep 1722 | Rw: 21.0 | Loss: 0.0153 | Q: 2.09 | Grad: 0.78 | Eps: 0.050 | Time: 1.5s
Ep 1723 | Rw: 14.6 | Loss: 0.0082 | Q: 2.09 | Grad: 0.57 | Eps: 0.050 | Time: 2.1s
Ep 1724 | Rw: 27.2 | Loss: 0.0136 | Q: 2.12 | Grad: 0.72 | Eps: 0.050 | Time: 1.5s
Ep 1725 | Rw: 100.4 | Loss: 0.0052 | Q: 2.17 | Grad: 0.68 | Eps: 0.050 | Time: 0.8s
Ep 1726 | Rw: 31.8 | Loss: 0.0159 | Q: 2.17 | Grad: 0.65 | Eps: 0.050 | Time: 1.5s
Ep 1727 | Rw: 21.4 | Loss: 0.0126 | Q: 2.18 | Grad: 0.67 | Eps: 0.050 | Time: 1.5s
Ep 1728 | Rw: 17.6 | Loss: 0.0175 | Q: 2.18 | Grad: 0.64 | Eps: 0.050 | Time: 1.5s
Ep 1729 | Rw: 31.6 | Loss: 0.0166 | Q: 2.16 | Grad: 0.60 | Eps: 0.050 | Time: 1.6s
Ep 1730 | Rw: 27.1 | Loss: 0.0101 | Q: 2.17 | Grad: 0.65 | Eps: 0.050 | Time: 1.6s
Ep 1731 | Rw: 27.9 | Loss: 0.0175 | Q: 2.17 | Grad: 0.61 | Eps: 0.050 | Time: 1.6s
Ep 1732 | Rw: 26.2 | Loss: 0.0145 | Q: 2.17 | Grad: 0.62 | Eps: 0.050 | Time: 1.5s
Ep 1733 | Rw: 134.2 | Loss: 0.0131 | Q: 2.16 | Grad: 0.68 | Eps: 0.050 | Time: 1.5s
Ep 1734 | Rw: 29.9 | Loss: 0.0096 | Q: 2.17 | Grad: 0.64 | Eps: 0.050 | Time: 1.5s
Ep 1735 | Rw: 124.9 | Loss: 0.0159 | Q: 2.18 | Grad: 0.56 | Eps: 0.050 | Time: 1.3s
Ep 1736 | Rw: 24.4 | Loss: 0.0172 | Q: 2.17 | Grad: 0.59 | Eps: 0.050 | Time: 1.5s
Ep 1737 | Rw: 21.6 | Loss: 0.0165 | Q: 2.17 | Grad: 0.60 | Eps: 0.050 | Time: 1.5s
Ep 1738 | Rw: 35.6 | Loss: 0.0154 | Q: 2.17 | Grad: 0.63 | Eps: 0.050 | Time: 1.5s
Ep 1739 | Rw: 111.7 | Loss: 0.0191 | Q: 2.20 | Grad: 0.75 | Eps: 0.050 | Time: 1.3s
Ep 1740 | Rw: 131.9 | Loss: 0.0149 | Q: 2.17 | Grad: 0.69 | Eps: 0.050 | Time: 1.5s
Ep 1741 | Rw: 12.6 | Loss: 0.0163 | Q: 2.18 | Grad: 0.60 | Eps: 0.050 | Time: 1.6s
Ep 1742 | Rw: 105.2 | Loss: 0.0098 | Q: 2.18 | Grad: 0.67 | Eps: 0.050 | Time: 0.8s
Ep 1743 | Rw: 21.9 | Loss: 0.0153 | Q: 2.18 | Grad: 0.63 | Eps: 0.050 | Time: 1.6s
Ep 1744 | Rw: 21.5 | Loss: 0.0101 | Q: 2.18 | Grad: 0.59 | Eps: 0.050 | Time: 1.6s
Ep 1745 | Rw: 108.2 | Loss: 0.0170 | Q: 2.18 | Grad: 0.59 | Eps: 0.050 | Time: 1.0s
Ep 1746 | Rw: 20.7 | Loss: 0.0204 | Q: 2.19 | Grad: 0.65 | Eps: 0.050 | Time: 2.2s
Ep 1747 | Rw: 17.5 | Loss: 0.0172 | Q: 2.23 | Grad: 0.63 | Eps: 0.050 | Time: 1.6s
Ep 1748 | Rw: 30.6 | Loss: 0.0194 | Q: 2.23 | Grad: 0.64 | Eps: 0.050 | Time: 1.6s
Ep 1749 | Rw: 5.0 | Loss: 0.0158 | Q: 2.24 | Grad: 0.69 | Eps: 0.050 | Time: 1.6s
Ep 1750 | Rw: 22.2 | Loss: 0.0113 | Q: 2.23 | Grad: 0.65 | Eps: 0.050 | Time: 1.6s
  ✓ Saved checkpoint & updated plots in checkpoints/2026-03-12_11-17-00/plots
Ep 1751 | Rw: 11.5 | Loss: 0.0164 | Q: 2.26 | Grad: 0.66 | Eps: 0.050 | Time: 1.6s
Ep 1752 | Rw: 24.9 | Loss: 0.0157 | Q: 2.21 | Grad: 0.72 | Eps: 0.050 | Time: 1.6s
Ep 1753 | Rw: 10.0 | Loss: 0.0141 | Q: 2.23 | Grad: 0.68 | Eps: 0.050 | Time: 1.6s
Ep 1754 | Rw: 18.7 | Loss: 0.0136 | Q: 2.25 | Grad: 0.65 | Eps: 0.050 | Time: 1.6s
Ep 1755 | Rw: 30.3 | Loss: 0.0122 | Q: 2.25 | Grad: 0.68 | Eps: 0.050 | Time: 1.6s
Ep 1756 | Rw: 30.1 | Loss: 0.0140 | Q: 2.24 | Grad: 0.56 | Eps: 0.050 | Time: 1.5s
Ep 1757 | Rw: 29.3 | Loss: 0.0136 | Q: 2.23 | Grad: 0.51 | Eps: 0.050 | Time: 1.6s
Ep 1758 | Rw: 18.9 | Loss: 0.0141 | Q: 2.23 | Grad: 0.62 | Eps: 0.050 | Time: 1.5s
Ep 1759 | Rw: 27.2 | Loss: 0.0219 | Q: 2.25 | Grad: 0.69 | Eps: 0.050 | Time: 1.5s
Ep 1760 | Rw: 18.2 | Loss: 0.0108 | Q: 2.25 | Grad: 0.60 | Eps: 0.050 | Time: 1.5s
Ep 1761 | Rw: 112.5 | Loss: 0.0164 | Q: 2.25 | Grad: 0.65 | Eps: 0.050 | Time: 1.4s
Ep 1762 | Rw: 30.9 | Loss: 0.0055 | Q: 2.25 | Grad: 0.54 | Eps: 0.050 | Time: 1.5s
Ep 1763 | Rw: -20.9 | Loss: 0.0180 | Q: 2.25 | Grad: 0.63 | Eps: 0.050 | Time: 1.5s
Ep 1764 | Rw: 17.5 | Loss: 0.0152 | Q: 2.25 | Grad: 0.58 | Eps: 0.050 | Time: 1.5s
Ep 1765 | Rw: 28.0 | Loss: 0.0130 | Q: 2.23 | Grad: 0.60 | Eps: 0.050 | Time: 1.6s
Ep 1766 | Rw: 21.4 | Loss: 0.0139 | Q: 2.28 | Grad: 0.61 | Eps: 0.050 | Time: 1.5s
Ep 1767 | Rw: 17.8 | Loss: 0.0171 | Q: 2.32 | Grad: 0.68 | Eps: 0.050 | Time: 2.2s
Ep 1768 | Rw: 20.1 | Loss: 0.0209 | Q: 2.32 | Grad: 0.56 | Eps: 0.050 | Time: 1.6s
Ep 1769 | Rw: 17.9 | Loss: 0.0137 | Q: 2.33 | Grad: 0.55 | Eps: 0.050 | Time: 1.6s
Ep 1770 | Rw: 27.8 | Loss: 0.0141 | Q: 2.32 | Grad: 0.61 | Eps: 0.050 | Time: 1.6s
Ep 1771 | Rw: 24.1 | Loss: 0.0128 | Q: 2.33 | Grad: 0.61 | Eps: 0.050 | Time: 1.6s
Ep 1772 | Rw: 15.7 | Loss: 0.0157 | Q: 2.33 | Grad: 0.55 | Eps: 0.050 | Time: 1.5s
Ep 1773 | Rw: 16.3 | Loss: 0.0157 | Q: 2.32 | Grad: 0.60 | Eps: 0.050 | Time: 1.5s
Ep 1774 | Rw: 11.6 | Loss: 0.0178 | Q: 2.32 | Grad: 0.57 | Eps: 0.050 | Time: 1.5s
Ep 1775 | Rw: 23.8 | Loss: 0.0105 | Q: 2.32 | Grad: 0.50 | Eps: 0.050 | Time: 1.6s
Ep 1776 | Rw: 107.1 | Loss: 0.0111 | Q: 2.32 | Grad: 0.61 | Eps: 0.050 | Time: 1.1s
Ep 1777 | Rw: 25.1 | Loss: 0.0179 | Q: 2.31 | Grad: 0.62 | Eps: 0.050 | Time: 1.6s
Ep 1778 | Rw: 10.2 | Loss: 0.0193 | Q: 2.33 | Grad: 0.65 | Eps: 0.050 | Time: 1.5s
Ep 1779 | Rw: 16.2 | Loss: 0.0139 | Q: 2.32 | Grad: 0.62 | Eps: 0.050 | Time: 1.5s
Ep 1780 | Rw: 22.3 | Loss: 0.0118 | Q: 2.32 | Grad: 0.54 | Eps: 0.050 | Time: 1.5s
Ep 1781 | Rw: 14.2 | Loss: 0.0169 | Q: 2.33 | Grad: 0.65 | Eps: 0.050 | Time: 1.5s
Ep 1782 | Rw: 14.4 | Loss: 0.0161 | Q: 2.32 | Grad: 0.62 | Eps: 0.050 | Time: 1.5s
Ep 1783 | Rw: 23.5 | Loss: 0.0171 | Q: 2.32 | Grad: 0.59 | Eps: 0.050 | Time: 1.5s
Ep 1784 | Rw: -6.3 | Loss: 0.0115 | Q: 2.34 | Grad: 0.53 | Eps: 0.050 | Time: 1.5s
Ep 1785 | Rw: 17.4 | Loss: 0.0149 | Q: 2.32 | Grad: 0.65 | Eps: 0.050 | Time: 1.4s
Ep 1786 | Rw: 20.6 | Loss: 0.0200 | Q: 2.31 | Grad: 0.60 | Eps: 0.050 | Time: 1.4s
Ep 1787 | Rw: 12.0 | Loss: 0.0142 | Q: 2.37 | Grad: 0.61 | Eps: 0.050 | Time: 1.4s
Ep 1788 | Rw: 12.6 | Loss: 0.0138 | Q: 2.38 | Grad: 0.61 | Eps: 0.050 | Time: 1.5s
Ep 1789 | Rw: 27.0 | Loss: 0.0103 | Q: 2.37 | Grad: 0.51 | Eps: 0.050 | Time: 1.5s
Ep 1790 | Rw: 121.3 | Loss: 0.0159 | Q: 2.35 | Grad: 0.70 | Eps: 0.050 | Time: 1.5s
Ep 1791 | Rw: 9.7 | Loss: 0.0136 | Q: 2.36 | Grad: 0.58 | Eps: 0.050 | Time: 2.1s
Ep 1792 | Rw: 115.1 | Loss: 0.0110 | Q: 2.36 | Grad: 0.53 | Eps: 0.050 | Time: 0.9s
Ep 1793 | Rw: 4.7 | Loss: 0.0137 | Q: 2.33 | Grad: 0.55 | Eps: 0.050 | Time: 1.5s
Ep 1794 | Rw: 21.0 | Loss: 0.0238 | Q: 2.35 | Grad: 0.55 | Eps: 0.050 | Time: 1.5s
Ep 1795 | Rw: 24.2 | Loss: 0.0135 | Q: 2.36 | Grad: 0.55 | Eps: 0.050 | Time: 1.5s
Ep 1796 | Rw: 21.7 | Loss: 0.0156 | Q: 2.35 | Grad: 0.85 | Eps: 0.050 | Time: 1.5s
Ep 1797 | Rw: 19.6 | Loss: 0.0164 | Q: 2.36 | Grad: 0.57 | Eps: 0.050 | Time: 1.5s
Ep 1798 | Rw: 27.3 | Loss: 0.0154 | Q: 2.36 | Grad: 0.53 | Eps: 0.050 | Time: 1.5s
Ep 1799 | Rw: 25.8 | Loss: 0.0090 | Q: 2.36 | Grad: 0.50 | Eps: 0.050 | Time: 1.5s
Ep 1800 | Rw: 7.8 | Loss: 0.0144 | Q: 2.37 | Grad: 0.48 | Eps: 0.050 | Time: 1.5s
  ✓ Saved checkpoint & updated plots in checkpoints/2026-03-12_11-17-00/plots
Ep 1801 | Rw: 15.8 | Loss: 0.0188 | Q: 2.38 | Grad: 0.58 | Eps: 0.050 | Time: 1.5s
Ep 1802 | Rw: 27.0 | Loss: 0.0133 | Q: 2.37 | Grad: 0.61 | Eps: 0.050 | Time: 1.5s
Ep 1803 | Rw: 111.7 | Loss: 0.0119 | Q: 2.36 | Grad: 0.52 | Eps: 0.050 | Time: 0.9s
Ep 1804 | Rw: 27.1 | Loss: 0.0133 | Q: 2.38 | Grad: 0.54 | Eps: 0.050 | Time: 1.5s
Ep 1805 | Rw: 34.9 | Loss: 0.0177 | Q: 2.38 | Grad: 0.60 | Eps: 0.050 | Time: 1.5s
Ep 1806 | Rw: 19.2 | Loss: 0.0188 | Q: 2.36 | Grad: 0.68 | Eps: 0.050 | Time: 1.5s
Ep 1807 | Rw: 23.6 | Loss: 0.0116 | Q: 2.34 | Grad: 0.59 | Eps: 0.050 | Time: 1.5s
Ep 1808 | Rw: 5.9 | Loss: 0.0159 | Q: 2.43 | Grad: 0.63 | Eps: 0.050 | Time: 1.5s
Ep 1809 | Rw: 12.8 | Loss: 0.0147 | Q: 2.44 | Grad: 0.71 | Eps: 0.050 | Time: 1.5s
Ep 1810 | Rw: 21.9 | Loss: 0.0169 | Q: 2.42 | Grad: 0.63 | Eps: 0.050 | Time: 1.5s
Ep 1811 | Rw: 31.2 | Loss: 0.0164 | Q: 2.44 | Grad: 0.51 | Eps: 0.050 | Time: 1.5s
Ep 1812 | Rw: 110.9 | Loss: 0.0185 | Q: 2.43 | Grad: 0.54 | Eps: 0.050 | Time: 1.6s
Ep 1813 | Rw: 36.5 | Loss: 0.0181 | Q: 2.43 | Grad: 0.63 | Eps: 0.050 | Time: 1.3s
Ep 1814 | Rw: 31.2 | Loss: 0.0109 | Q: 2.45 | Grad: 0.55 | Eps: 0.050 | Time: 1.4s
Ep 1815 | Rw: 9.1 | Loss: 0.0121 | Q: 2.45 | Grad: 0.49 | Eps: 0.050 | Time: 1.4s
Ep 1816 | Rw: 35.3 | Loss: 0.0166 | Q: 2.46 | Grad: 0.56 | Eps: 0.050 | Time: 1.5s
Ep 1817 | Rw: 29.1 | Loss: 0.0088 | Q: 2.42 | Grad: 0.59 | Eps: 0.050 | Time: 1.5s
Ep 1818 | Rw: 6.9 | Loss: 0.0123 | Q: 2.42 | Grad: 0.51 | Eps: 0.050 | Time: 1.4s
Ep 1819 | Rw: 6.9 | Loss: 0.0093 | Q: 2.45 | Grad: 0.53 | Eps: 0.050 | Time: 1.4s
Ep 1820 | Rw: 20.5 | Loss: 0.0127 | Q: 2.43 | Grad: 0.57 | Eps: 0.050 | Time: 1.4s
Ep 1821 | Rw: 26.0 | Loss: 0.0135 | Q: 2.43 | Grad: 0.57 | Eps: 0.050 | Time: 1.4s
Ep 1822 | Rw: 24.0 | Loss: 0.0158 | Q: 2.45 | Grad: 0.60 | Eps: 0.050 | Time: 1.4s
Ep 1823 | Rw: 33.8 | Loss: 0.0163 | Q: 2.43 | Grad: 0.51 | Eps: 0.050 | Time: 1.4s
Ep 1824 | Rw: 25.0 | Loss: 0.0169 | Q: 2.46 | Grad: 0.60 | Eps: 0.050 | Time: 1.4s
Ep 1825 | Rw: 35.3 | Loss: 0.0123 | Q: 2.46 | Grad: 0.58 | Eps: 0.050 | Time: 1.4s
Ep 1826 | Rw: 23.4 | Loss: 0.0135 | Q: 2.45 | Grad: 0.60 | Eps: 0.050 | Time: 1.4s
Ep 1827 | Rw: 107.1 | Loss: 0.0187 | Q: 2.44 | Grad: 0.57 | Eps: 0.050 | Time: 1.0s
Ep 1828 | Rw: 29.2 | Loss: 0.0136 | Q: 2.45 | Grad: 0.51 | Eps: 0.050 | Time: 1.4s
Ep 1829 | Rw: 21.9 | Loss: 0.0170 | Q: 2.48 | Grad: 0.71 | Eps: 0.050 | Time: 1.4s
Ep 1830 | Rw: 32.5 | Loss: 0.0167 | Q: 2.50 | Grad: 0.56 | Eps: 0.050 | Time: 1.4s
Ep 1831 | Rw: 17.2 | Loss: 0.0148 | Q: 2.47 | Grad: 0.61 | Eps: 0.050 | Time: 1.4s
Ep 1832 | Rw: 17.7 | Loss: 0.0183 | Q: 2.48 | Grad: 0.61 | Eps: 0.050 | Time: 1.4s
Ep 1833 | Rw: 23.9 | Loss: 0.0181 | Q: 2.49 | Grad: 0.65 | Eps: 0.050 | Time: 1.4s
Ep 1834 | Rw: 16.5 | Loss: 0.0171 | Q: 2.52 | Grad: 0.65 | Eps: 0.050 | Time: 1.4s
Ep 1835 | Rw: 32.5 | Loss: 0.0137 | Q: 2.48 | Grad: 0.63 | Eps: 0.050 | Time: 1.4s
Ep 1836 | Rw: 28.5 | Loss: 0.0114 | Q: 2.48 | Grad: 0.57 | Eps: 0.050 | Time: 2.1s
Ep 1837 | Rw: 34.4 | Loss: 0.0192 | Q: 2.51 | Grad: 0.68 | Eps: 0.050 | Time: 1.4s
Ep 1838 | Rw: 16.6 | Loss: 0.0140 | Q: 2.50 | Grad: 0.45 | Eps: 0.050 | Time: 1.4s
Ep 1839 | Rw: 33.9 | Loss: 0.0196 | Q: 2.49 | Grad: 0.51 | Eps: 0.050 | Time: 1.4s
Ep 1840 | Rw: 19.4 | Loss: 0.0082 | Q: 2.49 | Grad: 0.55 | Eps: 0.050 | Time: 1.4s
Ep 1841 | Rw: 30.4 | Loss: 0.0114 | Q: 2.49 | Grad: 0.50 | Eps: 0.050 | Time: 1.4s
Ep 1842 | Rw: 33.2 | Loss: 0.0136 | Q: 2.49 | Grad: 0.50 | Eps: 0.050 | Time: 1.4s
Ep 1843 | Rw: 29.8 | Loss: 0.0139 | Q: 2.50 | Grad: 0.55 | Eps: 0.050 | Time: 1.4s
Ep 1844 | Rw: 33.6 | Loss: 0.0197 | Q: 2.49 | Grad: 0.59 | Eps: 0.050 | Time: 1.4s
Ep 1845 | Rw: 18.1 | Loss: 0.0145 | Q: 2.50 | Grad: 0.57 | Eps: 0.050 | Time: 1.4s
Ep 1846 | Rw: 17.3 | Loss: 0.0177 | Q: 2.50 | Grad: 0.55 | Eps: 0.050 | Time: 1.4s
Ep 1847 | Rw: 31.0 | Loss: 0.0200 | Q: 2.48 | Grad: 0.63 | Eps: 0.050 | Time: 1.4s
Ep 1848 | Rw: 107.0 | Loss: 0.0096 | Q: 2.51 | Grad: 0.52 | Eps: 0.050 | Time: 0.5s
Ep 1849 | Rw: 28.4 | Loss: 0.0168 | Q: 2.50 | Grad: 0.61 | Eps: 0.050 | Time: 1.4s
Ep 1850 | Rw: 16.9 | Loss: 0.0168 | Q: 2.56 | Grad: 0.60 | Eps: 0.050 | Time: 1.4s
  ✓ Saved checkpoint & updated plots in checkpoints/2026-03-12_11-17-00/plots
Ep 1851 | Rw: 30.2 | Loss: 0.0126 | Q: 2.54 | Grad: 0.54 | Eps: 0.050 | Time: 1.5s
Ep 1852 | Rw: 10.3 | Loss: 0.0186 | Q: 2.54 | Grad: 0.62 | Eps: 0.050 | Time: 1.4s
Ep 1853 | Rw: 33.6 | Loss: 0.0187 | Q: 2.55 | Grad: 0.67 | Eps: 0.050 | Time: 1.4s
Ep 1854 | Rw: 14.6 | Loss: 0.0166 | Q: 2.56 | Grad: 0.60 | Eps: 0.050 | Time: 1.4s
Ep 1855 | Rw: 14.8 | Loss: 0.0175 | Q: 2.54 | Grad: 0.55 | Eps: 0.050 | Time: 1.4s
Ep 1856 | Rw: 22.0 | Loss: 0.0145 | Q: 2.54 | Grad: 0.54 | Eps: 0.050 | Time: 1.4s
Ep 1857 | Rw: 33.3 | Loss: 0.0137 | Q: 2.55 | Grad: 0.60 | Eps: 0.050 | Time: 1.4s
Ep 1858 | Rw: -7.5 | Loss: 0.0112 | Q: 2.55 | Grad: 0.54 | Eps: 0.050 | Time: 2.0s
Ep 1859 | Rw: 119.8 | Loss: 0.0134 | Q: 2.54 | Grad: 0.54 | Eps: 0.050 | Time: 1.3s
Ep 1860 | Rw: 26.8 | Loss: 0.0156 | Q: 2.54 | Grad: 0.53 | Eps: 0.050 | Time: 1.4s
Ep 1861 | Rw: 22.4 | Loss: 0.0175 | Q: 2.56 | Grad: 0.63 | Eps: 0.050 | Time: 1.4s
Ep 1862 | Rw: 116.3 | Loss: 0.0146 | Q: 2.56 | Grad: 0.55 | Eps: 0.050 | Time: 0.8s
Ep 1863 | Rw: -16.4 | Loss: 0.0128 | Q: 2.56 | Grad: 0.68 | Eps: 0.050 | Time: 1.4s
Ep 1864 | Rw: 32.5 | Loss: 0.0132 | Q: 2.55 | Grad: 0.57 | Eps: 0.050 | Time: 1.4s
Ep 1865 | Rw: 12.7 | Loss: 0.0181 | Q: 2.55 | Grad: 0.48 | Eps: 0.050 | Time: 1.4s
Ep 1866 | Rw: 28.8 | Loss: 0.0145 | Q: 2.54 | Grad: 0.55 | Eps: 0.050 | Time: 1.4s
Ep 1867 | Rw: 30.0 | Loss: 0.0142 | Q: 2.53 | Grad: 0.49 | Eps: 0.050 | Time: 1.5s
Ep 1868 | Rw: 23.3 | Loss: 0.0157 | Q: 2.55 | Grad: 0.58 | Eps: 0.050 | Time: 1.4s
Ep 1869 | Rw: 9.9 | Loss: 0.0248 | Q: 2.54 | Grad: 0.63 | Eps: 0.050 | Time: 1.4s
Ep 1870 | Rw: 22.6 | Loss: 0.0227 | Q: 2.58 | Grad: 0.56 | Eps: 0.050 | Time: 1.4s
Ep 1871 | Rw: 26.8 | Loss: 0.0143 | Q: 2.62 | Grad: 0.55 | Eps: 0.050 | Time: 1.5s
Ep 1872 | Rw: -2.8 | Loss: 0.0157 | Q: 2.60 | Grad: 0.62 | Eps: 0.050 | Time: 1.4s
Ep 1873 | Rw: 17.3 | Loss: 0.0151 | Q: 2.61 | Grad: 0.52 | Eps: 0.050 | Time: 1.5s
Ep 1874 | Rw: 9.4 | Loss: 0.0184 | Q: 2.60 | Grad: 0.56 | Eps: 0.050 | Time: 1.4s
Ep 1875 | Rw: 26.0 | Loss: 0.0165 | Q: 2.60 | Grad: 0.60 | Eps: 0.050 | Time: 1.4s
Ep 1876 | Rw: 33.4 | Loss: 0.0135 | Q: 2.61 | Grad: 0.55 | Eps: 0.050 | Time: 1.4s
Ep 1877 | Rw: -14.6 | Loss: 0.0101 | Q: 2.59 | Grad: 0.46 | Eps: 0.050 | Time: 1.4s
Ep 1878 | Rw: -5.6 | Loss: 0.0137 | Q: 2.59 | Grad: 0.60 | Eps: 0.050 | Time: 1.4s
Ep 1879 | Rw: 130.2 | Loss: 0.0178 | Q: 2.59 | Grad: 0.57 | Eps: 0.050 | Time: 1.3s
Ep 1880 | Rw: 13.2 | Loss: 0.0131 | Q: 2.62 | Grad: 0.51 | Eps: 0.050 | Time: 1.4s
Ep 1881 | Rw: 24.5 | Loss: 0.0176 | Q: 2.59 | Grad: 0.58 | Eps: 0.050 | Time: 1.4s
Ep 1882 | Rw: 22.3 | Loss: 0.0138 | Q: 2.60 | Grad: 0.66 | Eps: 0.050 | Time: 1.4s
Ep 1883 | Rw: 17.7 | Loss: 0.0159 | Q: 2.60 | Grad: 0.65 | Eps: 0.050 | Time: 2.1s
Ep 1884 | Rw: 36.5 | Loss: 0.0207 | Q: 2.58 | Grad: 0.54 | Eps: 0.050 | Time: 1.4s
Ep 1885 | Rw: -7.3 | Loss: 0.0137 | Q: 2.59 | Grad: 0.65 | Eps: 0.050 | Time: 1.4s
Ep 1886 | Rw: 25.7 | Loss: 0.0197 | Q: 2.59 | Grad: 0.67 | Eps: 0.050 | Time: 1.4s
Ep 1887 | Rw: 33.5 | Loss: 0.0124 | Q: 2.61 | Grad: 0.56 | Eps: 0.050 | Time: 1.4s
Ep 1888 | Rw: 21.4 | Loss: 0.0185 | Q: 2.61 | Grad: 0.65 | Eps: 0.050 | Time: 1.4s
Ep 1889 | Rw: 17.0 | Loss: 0.0162 | Q: 2.60 | Grad: 0.54 | Eps: 0.050 | Time: 1.4s
Ep 1890 | Rw: 15.7 | Loss: 0.0126 | Q: 2.62 | Grad: 0.61 | Eps: 0.050 | Time: 1.4s
Ep 1891 | Rw: 30.6 | Loss: 0.0144 | Q: 2.66 | Grad: 0.59 | Eps: 0.050 | Time: 1.4s
Ep 1892 | Rw: 12.4 | Loss: 0.0183 | Q: 2.65 | Grad: 0.59 | Eps: 0.050 | Time: 1.4s
Ep 1893 | Rw: 99.9 | Loss: 0.0258 | Q: 2.65 | Grad: 0.55 | Eps: 0.050 | Time: 0.6s
Ep 1894 | Rw: 23.3 | Loss: 0.0155 | Q: 2.64 | Grad: 0.61 | Eps: 0.050 | Time: 1.4s
Ep 1895 | Rw: 132.5 | Loss: 0.0162 | Q: 2.66 | Grad: 0.59 | Eps: 0.050 | Time: 1.3s
Ep 1896 | Rw: 19.6 | Loss: 0.0179 | Q: 2.63 | Grad: 0.48 | Eps: 0.050 | Time: 1.4s
Ep 1897 | Rw: 31.1 | Loss: 0.0154 | Q: 2.67 | Grad: 0.62 | Eps: 0.050 | Time: 1.4s
Ep 1898 | Rw: 10.4 | Loss: 0.0165 | Q: 2.67 | Grad: 0.54 | Eps: 0.050 | Time: 1.4s
Ep 1899 | Rw: 8.0 | Loss: 0.0149 | Q: 2.63 | Grad: 0.50 | Eps: 0.050 | Time: 1.4s
Ep 1900 | Rw: 31.1 | Loss: 0.0185 | Q: 2.65 | Grad: 0.58 | Eps: 0.050 | Time: 1.4s
  ✓ Saved checkpoint & updated plots in checkpoints/2026-03-12_11-17-00/plots
Ep 1901 | Rw: 27.3 | Loss: 0.0194 | Q: 2.66 | Grad: 0.71 | Eps: 0.050 | Time: 0.9s
Ep 1902 | Rw: 28.7 | Loss: 0.0160 | Q: 2.67 | Grad: 0.57 | Eps: 0.050 | Time: 0.8s
Ep 1903 | Rw: 15.7 | Loss: 0.0224 | Q: 2.66 | Grad: 0.61 | Eps: 0.050 | Time: 0.8s
Ep 1904 | Rw: 28.1 | Loss: 0.0164 | Q: 2.67 | Grad: 0.65 | Eps: 0.050 | Time: 1.5s
Ep 1905 | Rw: 133.0 | Loss: 0.0151 | Q: 2.67 | Grad: 0.55 | Eps: 0.050 | Time: 1.4s
Ep 1906 | Rw: 24.3 | Loss: 0.0121 | Q: 2.67 | Grad: 0.48 | Eps: 0.050 | Time: 1.4s
Ep 1907 | Rw: 118.0 | Loss: 0.0204 | Q: 2.65 | Grad: 0.63 | Eps: 0.050 | Time: 1.2s
Ep 1908 | Rw: 33.5 | Loss: 0.0163 | Q: 2.67 | Grad: 0.67 | Eps: 0.050 | Time: 1.4s
Ep 1909 | Rw: -2.9 | Loss: 0.0176 | Q: 2.67 | Grad: 0.61 | Eps: 0.050 | Time: 1.4s
Ep 1910 | Rw: 13.3 | Loss: 0.0170 | Q: 2.65 | Grad: 0.53 | Eps: 0.050 | Time: 1.4s
Ep 1911 | Rw: 27.1 | Loss: 0.0158 | Q: 2.69 | Grad: 0.63 | Eps: 0.050 | Time: 1.5s
Ep 1912 | Rw: 14.9 | Loss: 0.0148 | Q: 2.72 | Grad: 0.61 | Eps: 0.050 | Time: 1.4s
Ep 1913 | Rw: 32.1 | Loss: 0.0263 | Q: 2.73 | Grad: 0.61 | Eps: 0.050 | Time: 1.4s
Ep 1914 | Rw: 26.2 | Loss: 0.0182 | Q: 2.73 | Grad: 0.49 | Eps: 0.050 | Time: 1.4s
Ep 1915 | Rw: 29.0 | Loss: 0.0160 | Q: 2.72 | Grad: 0.70 | Eps: 0.050 | Time: 1.4s
Ep 1916 | Rw: 34.9 | Loss: 0.0132 | Q: 2.72 | Grad: 0.50 | Eps: 0.050 | Time: 1.4s
Ep 1917 | Rw: 18.1 | Loss: 0.0210 | Q: 2.71 | Grad: 0.53 | Eps: 0.050 | Time: 1.4s
Ep 1918 | Rw: 36.2 | Loss: 0.0205 | Q: 2.73 | Grad: 0.57 | Eps: 0.050 | Time: 1.5s
Ep 1919 | Rw: 13.4 | Loss: 0.0100 | Q: 2.72 | Grad: 0.74 | Eps: 0.050 | Time: 1.5s
Ep 1920 | Rw: 107.7 | Loss: 0.0136 | Q: 2.72 | Grad: 0.55 | Eps: 0.050 | Time: 0.7s
Ep 1921 | Rw: 12.3 | Loss: 0.0161 | Q: 2.74 | Grad: 0.57 | Eps: 0.050 | Time: 1.4s
Ep 1922 | Rw: 31.2 | Loss: 0.0159 | Q: 2.72 | Grad: 0.64 | Eps: 0.050 | Time: 1.5s
Ep 1923 | Rw: 7.8 | Loss: 0.0154 | Q: 2.73 | Grad: 0.59 | Eps: 0.050 | Time: 1.4s
Ep 1924 | Rw: -13.6 | Loss: 0.0152 | Q: 2.71 | Grad: 0.70 | Eps: 0.050 | Time: 1.4s
Ep 1925 | Rw: 31.5 | Loss: 0.0136 | Q: 2.70 | Grad: 0.59 | Eps: 0.050 | Time: 1.5s
Ep 1926 | Rw: 23.1 | Loss: 0.0214 | Q: 2.71 | Grad: 0.55 | Eps: 0.050 | Time: 1.4s
Ep 1927 | Rw: 29.0 | Loss: 0.0203 | Q: 2.71 | Grad: 0.55 | Eps: 0.050 | Time: 1.4s
Ep 1928 | Rw: 34.1 | Loss: 0.0184 | Q: 2.74 | Grad: 0.51 | Eps: 0.050 | Time: 1.4s
Ep 1929 | Rw: 114.7 | Loss: 0.0139 | Q: 2.73 | Grad: 0.53 | Eps: 0.050 | Time: 1.5s
Ep 1930 | Rw: 117.2 | Loss: 0.0157 | Q: 2.71 | Grad: 0.54 | Eps: 0.050 | Time: 1.1s
Ep 1931 | Rw: 113.1 | Loss: 0.0257 | Q: 2.72 | Grad: 0.58 | Eps: 0.050 | Time: 0.8s
Ep 1932 | Rw: 15.6 | Loss: 0.0213 | Q: 2.72 | Grad: 0.53 | Eps: 0.050 | Time: 1.4s
Ep 1933 | Rw: 26.5 | Loss: 0.0149 | Q: 2.76 | Grad: 0.57 | Eps: 0.050 | Time: 1.4s
Ep 1934 | Rw: 17.9 | Loss: 0.0167 | Q: 2.77 | Grad: 0.63 | Eps: 0.050 | Time: 1.4s
Ep 1935 | Rw: 34.2 | Loss: 0.0105 | Q: 2.76 | Grad: 0.62 | Eps: 0.050 | Time: 1.4s
Ep 1936 | Rw: 8.9 | Loss: 0.0090 | Q: 2.77 | Grad: 0.63 | Eps: 0.050 | Time: 1.4s
Ep 1937 | Rw: 24.9 | Loss: 0.0144 | Q: 2.76 | Grad: 0.56 | Eps: 0.050 | Time: 1.4s
Ep 1938 | Rw: 118.9 | Loss: 0.0163 | Q: 2.76 | Grad: 0.52 | Eps: 0.050 | Time: 1.0s
Ep 1939 | Rw: 126.2 | Loss: 0.0134 | Q: 2.77 | Grad: 0.55 | Eps: 0.050 | Time: 1.3s
Ep 1940 | Rw: -1.0 | Loss: 0.0143 | Q: 2.76 | Grad: 0.63 | Eps: 0.050 | Time: 1.4s
Ep 1941 | Rw: 16.5 | Loss: 0.0129 | Q: 2.77 | Grad: 0.60 | Eps: 0.050 | Time: 1.4s
Ep 1942 | Rw: 24.3 | Loss: 0.0104 | Q: 2.79 | Grad: 0.56 | Eps: 0.050 | Time: 1.5s
Ep 1943 | Rw: 14.6 | Loss: 0.0137 | Q: 2.76 | Grad: 0.69 | Eps: 0.050 | Time: 1.4s
Ep 1944 | Rw: 11.6 | Loss: 0.0156 | Q: 2.75 | Grad: 0.62 | Eps: 0.050 | Time: 1.4s
Ep 1945 | Rw: 24.3 | Loss: 0.0171 | Q: 2.80 | Grad: 0.60 | Eps: 0.050 | Time: 1.4s
Ep 1946 | Rw: 29.9 | Loss: 0.0122 | Q: 2.77 | Grad: 0.50 | Eps: 0.050 | Time: 1.4s
Ep 1947 | Rw: 15.4 | Loss: 0.0142 | Q: 2.78 | Grad: 0.57 | Eps: 0.050 | Time: 1.5s
Ep 1948 | Rw: 21.0 | Loss: 0.0204 | Q: 2.77 | Grad: 0.56 | Eps: 0.050 | Time: 1.4s
Ep 1949 | Rw: 31.0 | Loss: 0.0163 | Q: 2.79 | Grad: 0.58 | Eps: 0.050 | Time: 1.4s
Ep 1950 | Rw: 25.3 | Loss: 0.0172 | Q: 2.79 | Grad: 0.54 | Eps: 0.050 | Time: 1.5s
  ✓ Saved checkpoint & updated plots in checkpoints/2026-03-12_11-17-00/plots
Ep 1951 | Rw: 13.3 | Loss: 0.0115 | Q: 2.76 | Grad: 0.59 | Eps: 0.050 | Time: 1.4s
Ep 1952 | Rw: 26.0 | Loss: 0.0181 | Q: 2.78 | Grad: 0.59 | Eps: 0.050 | Time: 2.1s
Ep 1953 | Rw: 27.3 | Loss: 0.0200 | Q: 2.78 | Grad: 0.57 | Eps: 0.050 | Time: 1.4s
Ep 1954 | Rw: 102.4 | Loss: 0.0076 | Q: 2.85 | Grad: 0.53 | Eps: 0.050 | Time: 0.6s
Ep 1955 | Rw: 26.2 | Loss: 0.0199 | Q: 2.83 | Grad: 0.59 | Eps: 0.050 | Time: 1.4s
Ep 1956 | Rw: 35.2 | Loss: 0.0141 | Q: 2.84 | Grad: 0.52 | Eps: 0.050 | Time: 1.4s
Ep 1957 | Rw: 26.7 | Loss: 0.0146 | Q: 2.86 | Grad: 0.48 | Eps: 0.050 | Time: 1.5s
Ep 1958 | Rw: 22.0 | Loss: 0.0177 | Q: 2.84 | Grad: 0.59 | Eps: 0.050 | Time: 1.4s
Ep 1959 | Rw: 23.9 | Loss: 0.0165 | Q: 2.84 | Grad: 0.68 | Eps: 0.050 | Time: 1.4s
Ep 1960 | Rw: 28.0 | Loss: 0.0172 | Q: 2.82 | Grad: 0.54 | Eps: 0.050 | Time: 1.5s
Ep 1961 | Rw: 18.6 | Loss: 0.0151 | Q: 2.83 | Grad: 0.51 | Eps: 0.050 | Time: 1.5s
Ep 1962 | Rw: 26.6 | Loss: 0.0169 | Q: 2.85 | Grad: 0.56 | Eps: 0.050 | Time: 1.4s
Ep 1963 | Rw: 10.2 | Loss: 0.0187 | Q: 2.84 | Grad: 0.52 | Eps: 0.050 | Time: 1.4s
Ep 1964 | Rw: 28.1 | Loss: 0.0167 | Q: 2.85 | Grad: 0.52 | Eps: 0.050 | Time: 1.5s
Ep 1965 | Rw: 115.0 | Loss: 0.0241 | Q: 2.84 | Grad: 0.54 | Eps: 0.050 | Time: 1.2s
Ep 1966 | Rw: 33.4 | Loss: 0.0117 | Q: 2.86 | Grad: 0.42 | Eps: 0.050 | Time: 1.5s
Ep 1967 | Rw: 27.2 | Loss: 0.0162 | Q: 2.85 | Grad: 0.61 | Eps: 0.050 | Time: 1.5s
Ep 1968 | Rw: 2.5 | Loss: 0.0182 | Q: 2.85 | Grad: 0.60 | Eps: 0.050 | Time: 1.4s
Ep 1969 | Rw: 36.6 | Loss: 0.0189 | Q: 2.86 | Grad: 0.54 | Eps: 0.050 | Time: 1.5s
Ep 1970 | Rw: -35.5 | Loss: 0.0102 | Q: 2.84 | Grad: 0.51 | Eps: 0.050 | Time: 1.4s
Ep 1971 | Rw: 26.5 | Loss: 0.0247 | Q: 2.84 | Grad: 0.53 | Eps: 0.050 | Time: 1.5s
Ep 1972 | Rw: 33.4 | Loss: 0.0110 | Q: 2.84 | Grad: 0.57 | Eps: 0.050 | Time: 1.5s
Ep 1973 | Rw: 28.3 | Loss: 0.0156 | Q: 2.85 | Grad: 0.50 | Eps: 0.050 | Time: 1.5s
Ep 1974 | Rw: 27.5 | Loss: 0.0150 | Q: 2.87 | Grad: 0.55 | Eps: 0.050 | Time: 1.5s
Ep 1975 | Rw: 37.2 | Loss: 0.0175 | Q: 2.87 | Grad: 0.67 | Eps: 0.050 | Time: 1.5s
Ep 1976 | Rw: 31.3 | Loss: 0.0133 | Q: 2.88 | Grad: 0.57 | Eps: 0.050 | Time: 1.5s
Ep 1977 | Rw: 25.5 | Loss: 0.0132 | Q: 2.88 | Grad: 0.53 | Eps: 0.050 | Time: 2.1s
Ep 1978 | Rw: 18.1 | Loss: 0.0177 | Q: 2.88 | Grad: 0.62 | Eps: 0.050 | Time: 1.5s
Ep 1979 | Rw: 21.8 | Loss: 0.0148 | Q: 2.90 | Grad: 0.62 | Eps: 0.050 | Time: 1.5s
Ep 1980 | Rw: 12.1 | Loss: 0.0163 | Q: 2.89 | Grad: 0.52 | Eps: 0.050 | Time: 1.5s
Ep 1981 | Rw: 28.7 | Loss: 0.0138 | Q: 2.88 | Grad: 0.56 | Eps: 0.050 | Time: 1.5s
Ep 1982 | Rw: 23.6 | Loss: 0.0184 | Q: 2.89 | Grad: 0.73 | Eps: 0.050 | Time: 1.5s
Ep 1983 | Rw: 15.7 | Loss: 0.0111 | Q: 2.90 | Grad: 0.54 | Eps: 0.050 | Time: 1.5s
Ep 1984 | Rw: 125.9 | Loss: 0.0111 | Q: 2.90 | Grad: 0.59 | Eps: 0.050 | Time: 1.3s
Ep 1985 | Rw: 23.9 | Loss: 0.0210 | Q: 2.91 | Grad: 0.61 | Eps: 0.050 | Time: 1.5s
Ep 1986 | Rw: 10.1 | Loss: 0.0160 | Q: 2.89 | Grad: 0.51 | Eps: 0.050 | Time: 1.5s
Ep 1987 | Rw: 20.9 | Loss: 0.0159 | Q: 2.89 | Grad: 0.51 | Eps: 0.050 | Time: 1.5s
Ep 1988 | Rw: 26.5 | Loss: 0.0195 | Q: 2.88 | Grad: 0.60 | Eps: 0.050 | Time: 1.5s
Ep 1989 | Rw: 21.1 | Loss: 0.0196 | Q: 2.89 | Grad: 0.55 | Eps: 0.050 | Time: 1.5s
Ep 1990 | Rw: 31.7 | Loss: 0.0167 | Q: 2.91 | Grad: 0.47 | Eps: 0.050 | Time: 1.5s
Ep 1991 | Rw: 33.9 | Loss: 0.0157 | Q: 2.91 | Grad: 0.51 | Eps: 0.050 | Time: 1.4s
Ep 1992 | Rw: 26.8 | Loss: 0.0162 | Q: 2.89 | Grad: 0.60 | Eps: 0.050 | Time: 1.4s
Ep 1993 | Rw: 26.2 | Loss: 0.0161 | Q: 2.88 | Grad: 0.56 | Eps: 0.050 | Time: 1.4s
Ep 1994 | Rw: 19.6 | Loss: 0.0192 | Q: 2.88 | Grad: 0.58 | Eps: 0.050 | Time: 1.5s
Ep 1995 | Rw: 29.1 | Loss: 0.0197 | Q: 2.93 | Grad: 0.71 | Eps: 0.050 | Time: 1.5s
Ep 1996 | Rw: 123.1 | Loss: 0.0139 | Q: 2.91 | Grad: 0.52 | Eps: 0.050 | Time: 1.3s
Ep 1997 | Rw: 28.5 | Loss: 0.0151 | Q: 2.89 | Grad: 0.60 | Eps: 0.050 | Time: 1.4s
Ep 1998 | Rw: -15.3 | Loss: 0.0164 | Q: 2.91 | Grad: 0.60 | Eps: 0.050 | Time: 1.4s
Ep 1999 | Rw: 29.9 | Loss: 0.0129 | Q: 2.91 | Grad: 0.53 | Eps: 0.050 | Time: 1.4s
Ep 2000 | Rw: 28.2 | Loss: 0.0162 | Q: 2.91 | Grad: 0.58 | Eps: 0.050 | Time: 1.4s
  ✓ Saved checkpoint & updated plots in checkpoints/2026-03-12_11-17-00/plots
Ep 2001 | Rw: 17.7 | Loss: 0.0164 | Q: 2.91 | Grad: 0.68 | Eps: 0.050 | Time: 2.2s
Ep 2002 | Rw: 19.6 | Loss: 0.0175 | Q: 2.94 | Grad: 0.71 | Eps: 0.050 | Time: 1.5s
Ep 2003 | Rw: 28.9 | Loss: 0.0163 | Q: 2.91 | Grad: 0.61 | Eps: 0.050 | Time: 1.5s
Ep 2004 | Rw: 29.9 | Loss: 0.0198 | Q: 2.92 | Grad: 0.62 | Eps: 0.050 | Time: 1.5s
Ep 2005 | Rw: 14.5 | Loss: 0.0164 | Q: 2.92 | Grad: 0.68 | Eps: 0.050 | Time: 1.5s
Ep 2006 | Rw: 22.3 | Loss: 0.0168 | Q: 2.91 | Grad: 0.54 | Eps: 0.050 | Time: 1.5s
Ep 2007 | Rw: 129.0 | Loss: 0.0150 | Q: 2.94 | Grad: 0.58 | Eps: 0.050 | Time: 1.3s
Ep 2008 | Rw: 12.9 | Loss: 0.0181 | Q: 2.92 | Grad: 0.62 | Eps: 0.050 | Time: 1.5s
Ep 2009 | Rw: 122.4 | Loss: 0.0181 | Q: 2.93 | Grad: 0.56 | Eps: 0.050 | Time: 1.1s
Ep 2010 | Rw: 106.8 | Loss: 0.0255 | Q: 2.91 | Grad: 0.60 | Eps: 0.050 | Time: 1.1s
Ep 2011 | Rw: 30.4 | Loss: 0.0222 | Q: 2.92 | Grad: 0.67 | Eps: 0.050 | Time: 1.5s
Ep 2012 | Rw: -2.6 | Loss: 0.0197 | Q: 2.91 | Grad: 0.51 | Eps: 0.050 | Time: 1.4s
Ep 2013 | Rw: 34.4 | Loss: 0.0189 | Q: 2.91 | Grad: 0.56 | Eps: 0.050 | Time: 1.5s
Ep 2014 | Rw: 32.1 | Loss: 0.0189 | Q: 2.93 | Grad: 0.63 | Eps: 0.050 | Time: 1.5s
Ep 2015 | Rw: 15.2 | Loss: 0.0188 | Q: 2.95 | Grad: 0.60 | Eps: 0.050 | Time: 1.5s
Ep 2016 | Rw: 14.4 | Loss: 0.0181 | Q: 2.98 | Grad: 0.64 | Eps: 0.050 | Time: 1.5s
Ep 2017 | Rw: 11.9 | Loss: 0.0126 | Q: 2.96 | Grad: 0.62 | Eps: 0.050 | Time: 1.5s
Ep 2018 | Rw: 34.2 | Loss: 0.0161 | Q: 2.96 | Grad: 0.80 | Eps: 0.050 | Time: 1.5s
Ep 2019 | Rw: 22.7 | Loss: 0.0132 | Q: 2.96 | Grad: 0.55 | Eps: 0.050 | Time: 1.5s
Ep 2020 | Rw: 20.3 | Loss: 0.0128 | Q: 2.98 | Grad: 0.50 | Eps: 0.050 | Time: 1.5s
Ep 2021 | Rw: 27.1 | Loss: 0.0185 | Q: 2.98 | Grad: 0.64 | Eps: 0.050 | Time: 1.5s
Ep 2022 | Rw: 34.2 | Loss: 0.0198 | Q: 2.97 | Grad: 0.60 | Eps: 0.050 | Time: 1.5s
Ep 2023 | Rw: -48.9 | Loss: 0.0217 | Q: 2.96 | Grad: 0.65 | Eps: 0.050 | Time: 1.5s
Ep 2024 | Rw: 20.0 | Loss: 0.0152 | Q: 2.96 | Grad: 0.60 | Eps: 0.050 | Time: 1.5s
Ep 2025 | Rw: 10.1 | Loss: 0.0145 | Q: 2.97 | Grad: 0.68 | Eps: 0.050 | Time: 1.4s
Ep 2026 | Rw: 19.9 | Loss: 0.0176 | Q: 2.97 | Grad: 0.54 | Eps: 0.050 | Time: 1.4s
Ep 2027 | Rw: 31.2 | Loss: 0.0151 | Q: 2.95 | Grad: 0.60 | Eps: 0.050 | Time: 2.2s
Ep 2028 | Rw: 16.6 | Loss: 0.0103 | Q: 2.97 | Grad: 0.58 | Eps: 0.050 | Time: 1.5s
Ep 2029 | Rw: 36.3 | Loss: 0.0179 | Q: 2.97 | Grad: 0.60 | Eps: 0.050 | Time: 1.5s
Ep 2030 | Rw: 16.9 | Loss: 0.0188 | Q: 2.97 | Grad: 0.57 | Eps: 0.050 | Time: 1.4s
Ep 2031 | Rw: 113.5 | Loss: 0.0070 | Q: 2.97 | Grad: 0.49 | Eps: 0.050 | Time: 1.1s
Ep 2032 | Rw: 14.1 | Loss: 0.0139 | Q: 2.96 | Grad: 0.60 | Eps: 0.050 | Time: 1.4s
Ep 2033 | Rw: 16.1 | Loss: 0.0252 | Q: 2.97 | Grad: 0.65 | Eps: 0.050 | Time: 1.4s
Ep 2034 | Rw: 31.9 | Loss: 0.0185 | Q: 2.99 | Grad: 0.62 | Eps: 0.050 | Time: 1.5s
Ep 2035 | Rw: 11.4 | Loss: 0.0131 | Q: 2.97 | Grad: 0.54 | Eps: 0.050 | Time: 1.5s
Ep 2036 | Rw: 15.6 | Loss: 0.0142 | Q: 3.01 | Grad: 0.70 | Eps: 0.050 | Time: 1.5s
Ep 2037 | Rw: 22.6 | Loss: 0.0185 | Q: 3.01 | Grad: 0.55 | Eps: 0.050 | Time: 1.5s
Ep 2038 | Rw: 14.2 | Loss: 0.0153 | Q: 3.02 | Grad: 0.62 | Eps: 0.050 | Time: 1.5s
Ep 2039 | Rw: 105.4 | Loss: 0.0161 | Q: 3.01 | Grad: 0.73 | Eps: 0.050 | Time: 0.6s
Ep 2040 | Rw: 26.1 | Loss: 0.0152 | Q: 3.00 | Grad: 0.76 | Eps: 0.050 | Time: 1.5s
Ep 2041 | Rw: 24.2 | Loss: 0.0137 | Q: 3.02 | Grad: 0.50 | Eps: 0.050 | Time: 1.5s
Ep 2042 | Rw: 114.3 | Loss: 0.0253 | Q: 2.99 | Grad: 0.54 | Eps: 0.050 | Time: 1.2s
Ep 2043 | Rw: 14.8 | Loss: 0.0202 | Q: 3.01 | Grad: 0.58 | Eps: 0.050 | Time: 1.5s
Ep 2044 | Rw: 35.5 | Loss: 0.0144 | Q: 3.02 | Grad: 0.51 | Eps: 0.050 | Time: 1.5s
Ep 2045 | Rw: 27.4 | Loss: 0.0170 | Q: 3.01 | Grad: 0.57 | Eps: 0.050 | Time: 1.5s
Ep 2046 | Rw: 17.2 | Loss: 0.0138 | Q: 3.02 | Grad: 0.55 | Eps: 0.050 | Time: 1.5s
Ep 2047 | Rw: 26.7 | Loss: 0.0153 | Q: 3.02 | Grad: 0.56 | Eps: 0.050 | Time: 1.5s
Ep 2048 | Rw: 30.5 | Loss: 0.0132 | Q: 3.01 | Grad: 0.63 | Eps: 0.050 | Time: 1.5s
Ep 2049 | Rw: 19.0 | Loss: 0.0203 | Q: 3.01 | Grad: 0.63 | Eps: 0.050 | Time: 1.5s
Ep 2050 | Rw: 33.8 | Loss: 0.0148 | Q: 3.03 | Grad: 0.60 | Eps: 0.050 | Time: 1.5s
  ✓ Saved checkpoint & updated plots in checkpoints/2026-03-12_11-17-00/plots
Ep 2051 | Rw: 129.2 | Loss: 0.0216 | Q: 3.03 | Grad: 0.56 | Eps: 0.050 | Time: 2.1s
Ep 2052 | Rw: 25.3 | Loss: 0.0147 | Q: 3.03 | Grad: 0.59 | Eps: 0.050 | Time: 1.5s
Ep 2053 | Rw: 12.2 | Loss: 0.0224 | Q: 3.00 | Grad: 0.55 | Eps: 0.050 | Time: 1.5s
Ep 2054 | Rw: 21.0 | Loss: 0.0129 | Q: 3.01 | Grad: 0.59 | Eps: 0.050 | Time: 1.5s
Ep 2055 | Rw: 111.2 | Loss: 0.0180 | Q: 3.02 | Grad: 0.57 | Eps: 0.050 | Time: 1.0s
Ep 2056 | Rw: 19.9 | Loss: 0.0252 | Q: 3.03 | Grad: 0.68 | Eps: 0.050 | Time: 1.5s
Ep 2057 | Rw: 21.4 | Loss: 0.0182 | Q: 3.06 | Grad: 0.61 | Eps: 0.050 | Time: 1.5s
Ep 2058 | Rw: 9.5 | Loss: 0.0179 | Q: 3.07 | Grad: 0.59 | Eps: 0.050 | Time: 1.4s
Ep 2059 | Rw: 4.3 | Loss: 0.0152 | Q: 3.08 | Grad: 0.50 | Eps: 0.050 | Time: 1.4s
Ep 2060 | Rw: 32.1 | Loss: 0.0167 | Q: 3.07 | Grad: 0.61 | Eps: 0.050 | Time: 1.4s
Ep 2061 | Rw: -18.7 | Loss: 0.0147 | Q: 3.05 | Grad: 0.58 | Eps: 0.050 | Time: 1.4s
Ep 2062 | Rw: 27.1 | Loss: 0.0177 | Q: 3.04 | Grad: 0.65 | Eps: 0.050 | Time: 1.5s
Ep 2063 | Rw: -16.9 | Loss: 0.0190 | Q: 3.08 | Grad: 0.66 | Eps: 0.050 | Time: 1.4s
Ep 2064 | Rw: 33.6 | Loss: 0.0160 | Q: 3.08 | Grad: 0.70 | Eps: 0.050 | Time: 1.4s
Ep 2065 | Rw: 28.8 | Loss: 0.0147 | Q: 3.07 | Grad: 0.59 | Eps: 0.050 | Time: 1.5s
Ep 2066 | Rw: 30.3 | Loss: 0.0196 | Q: 3.05 | Grad: 0.59 | Eps: 0.050 | Time: 1.4s
Ep 2067 | Rw: -5.2 | Loss: 0.0171 | Q: 3.08 | Grad: 0.55 | Eps: 0.050 | Time: 1.4s
Ep 2068 | Rw: 23.0 | Loss: 0.0258 | Q: 3.08 | Grad: 0.57 | Eps: 0.050 | Time: 1.4s
Ep 2069 | Rw: 14.1 | Loss: 0.0188 | Q: 3.05 | Grad: 0.57 | Eps: 0.050 | Time: 1.4s
Ep 2070 | Rw: 116.7 | Loss: 0.0115 | Q: 3.07 | Grad: 0.44 | Eps: 0.050 | Time: 1.1s
Ep 2071 | Rw: 8.8 | Loss: 0.0214 | Q: 3.07 | Grad: 0.59 | Eps: 0.050 | Time: 1.5s
Ep 2072 | Rw: 109.2 | Loss: 0.0201 | Q: 3.05 | Grad: 0.55 | Eps: 0.050 | Time: 0.9s
Ep 2073 | Rw: 14.9 | Loss: 0.0126 | Q: 3.08 | Grad: 0.54 | Eps: 0.050 | Time: 1.4s
Ep 2074 | Rw: 8.9 | Loss: 0.0121 | Q: 3.08 | Grad: 0.60 | Eps: 0.050 | Time: 1.4s
Ep 2075 | Rw: 20.4 | Loss: 0.0121 | Q: 3.06 | Grad: 0.57 | Eps: 0.050 | Time: 1.4s
Ep 2076 | Rw: 19.9 | Loss: 0.0233 | Q: 3.05 | Grad: 0.63 | Eps: 0.050 | Time: 1.5s
Ep 2077 | Rw: 29.5 | Loss: 0.0185 | Q: 3.07 | Grad: 0.72 | Eps: 0.050 | Time: 2.2s
Ep 2078 | Rw: -0.4 | Loss: 0.0210 | Q: 3.12 | Grad: 0.61 | Eps: 0.050 | Time: 1.5s
Ep 2079 | Rw: 14.8 | Loss: 0.0157 | Q: 3.14 | Grad: 0.60 | Eps: 0.050 | Time: 1.5s
Ep 2080 | Rw: 34.9 | Loss: 0.0147 | Q: 3.13 | Grad: 0.56 | Eps: 0.050 | Time: 1.5s
Ep 2081 | Rw: 122.7 | Loss: 0.0118 | Q: 3.10 | Grad: 0.62 | Eps: 0.050 | Time: 1.2s
Ep 2082 | Rw: 22.7 | Loss: 0.0138 | Q: 3.13 | Grad: 0.62 | Eps: 0.050 | Time: 1.5s
Ep 2083 | Rw: 12.0 | Loss: 0.0166 | Q: 3.13 | Grad: 0.57 | Eps: 0.050 | Time: 1.5s
Ep 2084 | Rw: 20.6 | Loss: 0.0129 | Q: 3.12 | Grad: 0.60 | Eps: 0.050 | Time: 1.4s
Ep 2085 | Rw: 26.5 | Loss: 0.0171 | Q: 3.13 | Grad: 0.69 | Eps: 0.050 | Time: 1.5s
Ep 2086 | Rw: 112.2 | Loss: 0.0119 | Q: 3.14 | Grad: 0.53 | Eps: 0.050 | Time: 1.0s
Ep 2087 | Rw: 15.1 | Loss: 0.0188 | Q: 3.13 | Grad: 0.63 | Eps: 0.050 | Time: 1.5s
Ep 2088 | Rw: 30.4 | Loss: 0.0240 | Q: 3.13 | Grad: 0.59 | Eps: 0.050 | Time: 1.5s
Ep 2089 | Rw: 15.7 | Loss: 0.0166 | Q: 3.14 | Grad: 0.63 | Eps: 0.050 | Time: 1.5s
Ep 2090 | Rw: 5.6 | Loss: 0.0152 | Q: 3.13 | Grad: 0.70 | Eps: 0.050 | Time: 1.5s
Ep 2091 | Rw: 22.0 | Loss: 0.0172 | Q: 3.14 | Grad: 0.76 | Eps: 0.050 | Time: 1.5s
Ep 2092 | Rw: 1.8 | Loss: 0.0139 | Q: 3.13 | Grad: 0.63 | Eps: 0.050 | Time: 1.5s
Ep 2093 | Rw: 15.1 | Loss: 0.0208 | Q: 3.13 | Grad: 0.65 | Eps: 0.050 | Time: 1.5s
Ep 2094 | Rw: 18.5 | Loss: 0.0208 | Q: 3.12 | Grad: 0.65 | Eps: 0.050 | Time: 1.5s
Ep 2095 | Rw: 18.6 | Loss: 0.0185 | Q: 3.12 | Grad: 0.66 | Eps: 0.050 | Time: 1.5s
Ep 2096 | Rw: 32.8 | Loss: 0.0137 | Q: 3.14 | Grad: 0.61 | Eps: 0.050 | Time: 1.5s
Ep 2097 | Rw: 25.2 | Loss: 0.0167 | Q: 3.12 | Grad: 0.62 | Eps: 0.050 | Time: 1.5s
Ep 2098 | Rw: 21.6 | Loss: 0.0117 | Q: 3.16 | Grad: 0.62 | Eps: 0.050 | Time: 1.5s
Ep 2099 | Rw: 110.1 | Loss: 0.0292 | Q: 3.19 | Grad: 0.73 | Eps: 0.050 | Time: 0.8s
Ep 2100 | Rw: 28.4 | Loss: 0.0127 | Q: 3.19 | Grad: 0.50 | Eps: 0.050 | Time: 1.5s
  ✓ Saved checkpoint & updated plots in checkpoints/2026-03-12_11-17-00/plots
Ep 2101 | Rw: 13.3 | Loss: 0.0142 | Q: 3.20 | Grad: 0.47 | Eps: 0.050 | Time: 1.5s
Ep 2102 | Rw: 19.8 | Loss: 0.0188 | Q: 3.20 | Grad: 0.48 | Eps: 0.050 | Time: 2.3s
Ep 2103 | Rw: 25.5 | Loss: 0.0132 | Q: 3.21 | Grad: 0.52 | Eps: 0.050 | Time: 1.5s
Ep 2104 | Rw: 24.2 | Loss: 0.0175 | Q: 3.18 | Grad: 0.56 | Eps: 0.050 | Time: 1.5s
Ep 2105 | Rw: 7.9 | Loss: 0.0144 | Q: 3.19 | Grad: 0.59 | Eps: 0.050 | Time: 1.5s
Ep 2106 | Rw: 24.7 | Loss: 0.0224 | Q: 3.19 | Grad: 0.55 | Eps: 0.050 | Time: 1.5s
Ep 2107 | Rw: 25.7 | Loss: 0.0253 | Q: 3.21 | Grad: 0.54 | Eps: 0.050 | Time: 1.5s
Ep 2108 | Rw: 114.9 | Loss: 0.0124 | Q: 3.19 | Grad: 0.52 | Eps: 0.050 | Time: 1.4s
Ep 2109 | Rw: 105.4 | Loss: 0.0070 | Q: 3.19 | Grad: 0.54 | Eps: 0.050 | Time: 0.6s
Ep 2110 | Rw: 24.4 | Loss: 0.0177 | Q: 3.19 | Grad: 0.56 | Eps: 0.050 | Time: 1.5s
Ep 2111 | Rw: 33.1 | Loss: 0.0140 | Q: 3.20 | Grad: 0.52 | Eps: 0.050 | Time: 1.5s
Ep 2112 | Rw: 29.8 | Loss: 0.0199 | Q: 3.21 | Grad: 0.52 | Eps: 0.050 | Time: 1.5s
Ep 2113 | Rw: 129.7 | Loss: 0.0150 | Q: 3.19 | Grad: 0.61 | Eps: 0.050 | Time: 1.5s
Ep 2114 | Rw: 115.9 | Loss: 0.0206 | Q: 3.19 | Grad: 0.51 | Eps: 0.050 | Time: 1.2s
Ep 2115 | Rw: 30.2 | Loss: 0.0127 | Q: 3.20 | Grad: 0.50 | Eps: 0.050 | Time: 1.5s
Ep 2116 | Rw: 24.3 | Loss: 0.0199 | Q: 3.20 | Grad: 0.50 | Eps: 0.050 | Time: 1.4s
Ep 2117 | Rw: 38.2 | Loss: 0.0206 | Q: 3.19 | Grad: 0.66 | Eps: 0.050 | Time: 1.5s
Ep 2118 | Rw: 30.1 | Loss: 0.0174 | Q: 3.19 | Grad: 0.61 | Eps: 0.050 | Time: 1.5s
Ep 2119 | Rw: 102.1 | Loss: 0.0309 | Q: 3.18 | Grad: 0.64 | Eps: 0.050 | Time: 0.4s
Ep 2120 | Rw: 32.3 | Loss: 0.0167 | Q: 3.21 | Grad: 0.63 | Eps: 0.050 | Time: 1.4s
Ep 2121 | Rw: 35.4 | Loss: 0.0139 | Q: 3.27 | Grad: 0.46 | Eps: 0.050 | Time: 1.5s
Ep 2122 | Rw: 24.8 | Loss: 0.0145 | Q: 3.29 | Grad: 0.47 | Eps: 0.050 | Time: 1.4s
Ep 2123 | Rw: 20.0 | Loss: 0.0200 | Q: 3.29 | Grad: 0.51 | Eps: 0.050 | Time: 1.4s
Ep 2124 | Rw: 31.9 | Loss: 0.0102 | Q: 3.25 | Grad: 0.56 | Eps: 0.050 | Time: 1.4s
Ep 2125 | Rw: 10.2 | Loss: 0.0234 | Q: 3.28 | Grad: 0.62 | Eps: 0.050 | Time: 1.4s
Ep 2126 | Rw: 14.2 | Loss: 0.0190 | Q: 3.28 | Grad: 0.52 | Eps: 0.050 | Time: 1.4s
Ep 2127 | Rw: 12.5 | Loss: 0.0167 | Q: 3.28 | Grad: 0.56 | Eps: 0.050 | Time: 1.4s
Ep 2128 | Rw: 34.4 | Loss: 0.0235 | Q: 3.26 | Grad: 0.56 | Eps: 0.050 | Time: 1.4s
Ep 2129 | Rw: 28.0 | Loss: 0.0119 | Q: 3.27 | Grad: 0.48 | Eps: 0.050 | Time: 2.2s
Ep 2130 | Rw: 25.8 | Loss: 0.0209 | Q: 3.28 | Grad: 0.57 | Eps: 0.050 | Time: 1.5s
Ep 2131 | Rw: 25.8 | Loss: 0.0121 | Q: 3.28 | Grad: 0.57 | Eps: 0.050 | Time: 1.5s
Ep 2132 | Rw: 24.0 | Loss: 0.0214 | Q: 3.29 | Grad: 0.52 | Eps: 0.050 | Time: 1.4s
Ep 2133 | Rw: 3.4 | Loss: 0.0211 | Q: 3.29 | Grad: 0.66 | Eps: 0.050 | Time: 1.4s
Ep 2134 | Rw: 32.8 | Loss: 0.0162 | Q: 3.28 | Grad: 0.57 | Eps: 0.050 | Time: 0.8s
Ep 2135 | Rw: -19.8 | Loss: 0.0155 | Q: 3.27 | Grad: 0.65 | Eps: 0.050 | Time: 0.8s
Ep 2136 | Rw: -8.6 | Loss: 0.0196 | Q: 3.28 | Grad: 0.52 | Eps: 0.050 | Time: 0.8s
Ep 2137 | Rw: 31.2 | Loss: 0.0153 | Q: 3.26 | Grad: 0.60 | Eps: 0.050 | Time: 0.8s
Ep 2138 | Rw: 33.9 | Loss: 0.0151 | Q: 3.27 | Grad: 0.50 | Eps: 0.050 | Time: 0.8s
Ep 2139 | Rw: 27.0 | Loss: 0.0157 | Q: 3.28 | Grad: 0.48 | Eps: 0.050 | Time: 0.8s
Ep 2140 | Rw: 30.5 | Loss: 0.0191 | Q: 3.27 | Grad: 0.63 | Eps: 0.050 | Time: 0.8s
Ep 2141 | Rw: 35.6 | Loss: 0.0201 | Q: 3.32 | Grad: 0.52 | Eps: 0.050 | Time: 0.8s
Ep 2142 | Rw: 31.0 | Loss: 0.0180 | Q: 3.33 | Grad: 0.57 | Eps: 0.050 | Time: 0.8s
Ep 2143 | Rw: 17.7 | Loss: 0.0157 | Q: 3.34 | Grad: 0.67 | Eps: 0.050 | Time: 0.8s
Ep 2144 | Rw: 10.6 | Loss: 0.0190 | Q: 3.34 | Grad: 0.50 | Eps: 0.050 | Time: 0.8s
Ep 2145 | Rw: 19.5 | Loss: 0.0163 | Q: 3.32 | Grad: 0.60 | Eps: 0.050 | Time: 0.8s
Ep 2146 | Rw: 16.4 | Loss: 0.0220 | Q: 3.32 | Grad: 0.63 | Eps: 0.050 | Time: 0.8s
Ep 2147 | Rw: 36.7 | Loss: 0.0142 | Q: 3.32 | Grad: 0.56 | Eps: 0.050 | Time: 0.8s
Ep 2148 | Rw: 22.1 | Loss: 0.0228 | Q: 3.32 | Grad: 0.68 | Eps: 0.050 | Time: 0.8s
Ep 2149 | Rw: 105.9 | Loss: 0.0196 | Q: 3.33 | Grad: 0.71 | Eps: 0.050 | Time: 0.5s
Ep 2150 | Rw: 27.9 | Loss: 0.0199 | Q: 3.33 | Grad: 0.55 | Eps: 0.050 | Time: 0.8s
  ✓ Saved checkpoint & updated plots in checkpoints/2026-03-12_11-17-00/plots
Ep 2151 | Rw: 32.8 | Loss: 0.0171 | Q: 3.33 | Grad: 0.56 | Eps: 0.050 | Time: 0.8s
Ep 2152 | Rw: 18.3 | Loss: 0.0158 | Q: 3.32 | Grad: 0.49 | Eps: 0.050 | Time: 0.8s
Ep 2153 | Rw: 124.9 | Loss: 0.0153 | Q: 3.34 | Grad: 0.58 | Eps: 0.050 | Time: 0.8s
Ep 2154 | Rw: 34.5 | Loss: 0.0183 | Q: 3.33 | Grad: 0.64 | Eps: 0.050 | Time: 1.5s
Ep 2155 | Rw: 17.6 | Loss: 0.0162 | Q: 3.34 | Grad: 0.47 | Eps: 0.050 | Time: 0.8s
Ep 2156 | Rw: 113.3 | Loss: 0.0143 | Q: 3.36 | Grad: 0.47 | Eps: 0.050 | Time: 0.5s
Ep 2157 | Rw: 27.7 | Loss: 0.0161 | Q: 3.35 | Grad: 0.60 | Eps: 0.050 | Time: 0.8s
Ep 2158 | Rw: 11.1 | Loss: 0.0106 | Q: 3.34 | Grad: 0.55 | Eps: 0.050 | Time: 0.8s
Ep 2159 | Rw: 30.0 | Loss: 0.0215 | Q: 3.30 | Grad: 0.55 | Eps: 0.050 | Time: 0.8s
Ep 2160 | Rw: 110.0 | Loss: 0.0149 | Q: 3.34 | Grad: 0.61 | Eps: 0.050 | Time: 0.5s
Ep 2161 | Rw: 101.3 | Loss: 0.0158 | Q: 3.32 | Grad: 0.54 | Eps: 0.050 | Time: 0.5s
Ep 2162 | Rw: 24.5 | Loss: 0.0177 | Q: 3.32 | Grad: 0.62 | Eps: 0.050 | Time: 0.8s
Ep 2163 | Rw: 26.7 | Loss: 0.0197 | Q: 3.36 | Grad: 0.55 | Eps: 0.050 | Time: 0.8s
Ep 2164 | Rw: 34.9 | Loss: 0.0221 | Q: 3.37 | Grad: 0.64 | Eps: 0.050 | Time: 0.8s
Ep 2165 | Rw: -7.4 | Loss: 0.0116 | Q: 3.35 | Grad: 0.72 | Eps: 0.050 | Time: 0.8s
Ep 2166 | Rw: 27.8 | Loss: 0.0226 | Q: 3.35 | Grad: 0.66 | Eps: 0.050 | Time: 0.8s
Ep 2167 | Rw: 27.0 | Loss: 0.0188 | Q: 3.35 | Grad: 0.56 | Eps: 0.050 | Time: 0.8s
Ep 2168 | Rw: 14.5 | Loss: 0.0209 | Q: 3.35 | Grad: 0.69 | Eps: 0.050 | Time: 0.8s
Ep 2169 | Rw: 35.0 | Loss: 0.0158 | Q: 3.37 | Grad: 0.51 | Eps: 0.050 | Time: 0.8s
Ep 2170 | Rw: 103.8 | Loss: 0.0108 | Q: 3.37 | Grad: 0.61 | Eps: 0.050 | Time: 0.5s
Ep 2171 | Rw: -1.2 | Loss: 0.0220 | Q: 3.34 | Grad: 0.64 | Eps: 0.050 | Time: 0.8s
Ep 2172 | Rw: 8.4 | Loss: 0.0153 | Q: 3.36 | Grad: 0.59 | Eps: 0.050 | Time: 0.8s
Ep 2173 | Rw: 33.2 | Loss: 0.0174 | Q: 3.36 | Grad: 0.66 | Eps: 0.050 | Time: 0.8s
Ep 2174 | Rw: 120.0 | Loss: 0.0187 | Q: 3.38 | Grad: 0.54 | Eps: 0.050 | Time: 0.6s
Ep 2175 | Rw: 36.4 | Loss: 0.0159 | Q: 3.37 | Grad: 0.54 | Eps: 0.050 | Time: 0.8s
Ep 2176 | Rw: 28.3 | Loss: 0.0153 | Q: 3.36 | Grad: 0.67 | Eps: 0.050 | Time: 0.8s
Ep 2177 | Rw: 27.2 | Loss: 0.0114 | Q: 3.36 | Grad: 0.53 | Eps: 0.050 | Time: 0.8s
Ep 2178 | Rw: 26.7 | Loss: 0.0190 | Q: 3.35 | Grad: 0.59 | Eps: 0.050 | Time: 0.8s
Ep 2179 | Rw: 28.1 | Loss: 0.0175 | Q: 3.34 | Grad: 0.70 | Eps: 0.050 | Time: 0.8s
Ep 2180 | Rw: 26.0 | Loss: 0.0202 | Q: 3.36 | Grad: 0.68 | Eps: 0.050 | Time: 0.8s
Ep 2181 | Rw: 27.9 | Loss: 0.0115 | Q: 3.36 | Grad: 0.53 | Eps: 0.050 | Time: 1.6s
Ep 2182 | Rw: 23.6 | Loss: 0.0229 | Q: 3.38 | Grad: 0.55 | Eps: 0.050 | Time: 0.8s
Ep 2183 | Rw: 28.6 | Loss: 0.0219 | Q: 3.37 | Grad: 0.55 | Eps: 0.050 | Time: 0.8s
Ep 2184 | Rw: 26.0 | Loss: 0.0163 | Q: 3.40 | Grad: 0.61 | Eps: 0.050 | Time: 0.8s
Ep 2185 | Rw: 16.2 | Loss: 0.0179 | Q: 3.39 | Grad: 0.64 | Eps: 0.050 | Time: 0.8s
Ep 2186 | Rw: 114.6 | Loss: 0.0171 | Q: 3.41 | Grad: 0.60 | Eps: 0.050 | Time: 0.6s
Ep 2187 | Rw: 7.1 | Loss: 0.0121 | Q: 3.40 | Grad: 0.67 | Eps: 0.050 | Time: 0.8s
Ep 2188 | Rw: 10.5 | Loss: 0.0245 | Q: 3.40 | Grad: 0.60 | Eps: 0.050 | Time: 0.8s
Ep 2189 | Rw: 24.6 | Loss: 0.0131 | Q: 3.41 | Grad: 0.71 | Eps: 0.050 | Time: 0.8s
Ep 2190 | Rw: 23.6 | Loss: 0.0227 | Q: 3.40 | Grad: 0.71 | Eps: 0.050 | Time: 0.8s
Ep 2191 | Rw: 105.1 | Loss: 0.0227 | Q: 3.38 | Grad: 0.57 | Eps: 0.050 | Time: 0.5s
Ep 2192 | Rw: -2.6 | Loss: 0.0189 | Q: 3.42 | Grad: 0.67 | Eps: 0.050 | Time: 0.8s
Ep 2193 | Rw: 13.3 | Loss: 0.0196 | Q: 3.41 | Grad: 0.64 | Eps: 0.050 | Time: 0.8s
Ep 2194 | Rw: 27.6 | Loss: 0.0203 | Q: 3.39 | Grad: 0.69 | Eps: 0.050 | Time: 0.8s
Ep 2195 | Rw: 108.2 | Loss: 0.0181 | Q: 3.39 | Grad: 0.64 | Eps: 0.050 | Time: 0.6s
Ep 2196 | Rw: 28.4 | Loss: 0.0198 | Q: 3.41 | Grad: 0.59 | Eps: 0.050 | Time: 0.8s
Ep 2197 | Rw: 28.4 | Loss: 0.0170 | Q: 3.40 | Grad: 0.60 | Eps: 0.050 | Time: 0.8s
Ep 2198 | Rw: 36.2 | Loss: 0.0153 | Q: 3.41 | Grad: 0.54 | Eps: 0.050 | Time: 0.8s
Ep 2199 | Rw: 22.5 | Loss: 0.0210 | Q: 3.42 | Grad: 0.53 | Eps: 0.050 | Time: 0.8s
Ep 2200 | Rw: 23.2 | Loss: 0.0178 | Q: 3.38 | Grad: 0.61 | Eps: 0.050 | Time: 0.8s
  ✓ Saved checkpoint & updated plots in checkpoints/2026-03-12_11-17-00/plots
Ep 2201 | Rw: 28.3 | Loss: 0.0150 | Q: 3.41 | Grad: 0.57 | Eps: 0.050 | Time: 0.8s
Ep 2202 | Rw: 126.0 | Loss: 0.0141 | Q: 3.42 | Grad: 0.65 | Eps: 0.050 | Time: 0.7s
Ep 2203 | Rw: 121.7 | Loss: 0.0170 | Q: 3.42 | Grad: 0.61 | Eps: 0.050 | Time: 0.6s
Ep 2204 | Rw: 23.8 | Loss: 0.0254 | Q: 3.41 | Grad: 0.78 | Eps: 0.050 | Time: 0.8s
Ep 2205 | Rw: 28.7 | Loss: 0.0245 | Q: 3.40 | Grad: 0.76 | Eps: 0.050 | Time: 0.8s
Ep 2206 | Rw: 24.5 | Loss: 0.0183 | Q: 3.43 | Grad: 0.75 | Eps: 0.050 | Time: 1.6s
Ep 2207 | Rw: 34.1 | Loss: 0.0152 | Q: 3.46 | Grad: 0.57 | Eps: 0.050 | Time: 0.8s
Ep 2208 | Rw: 28.2 | Loss: 0.0218 | Q: 3.44 | Grad: 0.59 | Eps: 0.050 | Time: 0.8s
Ep 2209 | Rw: 35.4 | Loss: 0.0137 | Q: 3.44 | Grad: 0.64 | Eps: 0.050 | Time: 0.9s
Ep 2210 | Rw: 30.6 | Loss: 0.0163 | Q: 3.43 | Grad: 0.66 | Eps: 0.050 | Time: 0.8s
Ep 2211 | Rw: 19.8 | Loss: 0.0146 | Q: 3.45 | Grad: 0.67 | Eps: 0.050 | Time: 0.8s
Ep 2212 | Rw: 31.3 | Loss: 0.0175 | Q: 3.45 | Grad: 0.72 | Eps: 0.050 | Time: 0.8s
Ep 2213 | Rw: 29.4 | Loss: 0.0175 | Q: 3.44 | Grad: 0.83 | Eps: 0.050 | Time: 0.8s
Ep 2214 | Rw: 8.3 | Loss: 0.0167 | Q: 3.46 | Grad: 0.67 | Eps: 0.050 | Time: 0.8s
Ep 2215 | Rw: 13.6 | Loss: 0.0208 | Q: 3.45 | Grad: 0.54 | Eps: 0.050 | Time: 0.8s
Ep 2216 | Rw: 19.3 | Loss: 0.0196 | Q: 3.47 | Grad: 0.70 | Eps: 0.050 | Time: 0.8s
Ep 2217 | Rw: 23.6 | Loss: 0.0126 | Q: 3.47 | Grad: 0.58 | Eps: 0.050 | Time: 0.8s
Ep 2218 | Rw: 120.7 | Loss: 0.0172 | Q: 3.46 | Grad: 0.67 | Eps: 0.050 | Time: 0.8s
Ep 2219 | Rw: -12.0 | Loss: 0.0174 | Q: 3.43 | Grad: 0.60 | Eps: 0.050 | Time: 0.8s
Ep 2220 | Rw: -2.1 | Loss: 0.0164 | Q: 3.47 | Grad: 0.57 | Eps: 0.050 | Time: 0.8s
Ep 2221 | Rw: 24.5 | Loss: 0.0149 | Q: 3.44 | Grad: 0.55 | Eps: 0.050 | Time: 0.8s
Ep 2222 | Rw: 24.9 | Loss: 0.0174 | Q: 3.45 | Grad: 0.58 | Eps: 0.050 | Time: 0.8s
Ep 2223 | Rw: 13.0 | Loss: 0.0185 | Q: 3.45 | Grad: 0.74 | Eps: 0.050 | Time: 0.8s
Ep 2224 | Rw: 35.5 | Loss: 0.0200 | Q: 3.47 | Grad: 0.62 | Eps: 0.050 | Time: 0.8s
Ep 2225 | Rw: 112.1 | Loss: 0.0132 | Q: 3.45 | Grad: 0.63 | Eps: 0.050 | Time: 0.7s
Ep 2226 | Rw: 28.9 | Loss: 0.0166 | Q: 3.48 | Grad: 0.67 | Eps: 0.050 | Time: 0.8s
Ep 2227 | Rw: 20.2 | Loss: 0.0143 | Q: 3.52 | Grad: 0.68 | Eps: 0.050 | Time: 0.8s
Ep 2228 | Rw: 20.4 | Loss: 0.0169 | Q: 3.51 | Grad: 0.56 | Eps: 0.050 | Time: 0.8s
Ep 2229 | Rw: 29.9 | Loss: 0.0151 | Q: 3.51 | Grad: 0.67 | Eps: 0.050 | Time: 0.8s
Ep 2230 | Rw: 31.0 | Loss: 0.0146 | Q: 3.51 | Grad: 0.64 | Eps: 0.050 | Time: 0.9s
Ep 2231 | Rw: 33.4 | Loss: 0.0173 | Q: 3.52 | Grad: 0.65 | Eps: 0.050 | Time: 0.8s
Ep 2232 | Rw: 30.8 | Loss: 0.0102 | Q: 3.53 | Grad: 0.52 | Eps: 0.050 | Time: 0.8s
Ep 2233 | Rw: 25.8 | Loss: 0.0192 | Q: 3.51 | Grad: 0.60 | Eps: 0.050 | Time: 0.8s
Ep 2234 | Rw: 20.1 | Loss: 0.0166 | Q: 3.52 | Grad: 0.54 | Eps: 0.050 | Time: 1.6s
Ep 2235 | Rw: 111.5 | Loss: 0.0151 | Q: 3.51 | Grad: 0.64 | Eps: 0.050 | Time: 0.6s
Ep 2236 | Rw: 35.1 | Loss: 0.0161 | Q: 3.53 | Grad: 0.69 | Eps: 0.050 | Time: 0.8s
Ep 2237 | Rw: 31.2 | Loss: 0.0121 | Q: 3.51 | Grad: 0.54 | Eps: 0.050 | Time: 0.8s
Ep 2238 | Rw: 25.7 | Loss: 0.0196 | Q: 3.51 | Grad: 0.71 | Eps: 0.050 | Time: 0.8s
Ep 2239 | Rw: 20.5 | Loss: 0.0146 | Q: 3.51 | Grad: 0.60 | Eps: 0.050 | Time: 0.8s
Ep 2240 | Rw: 28.1 | Loss: 0.0248 | Q: 3.52 | Grad: 0.69 | Eps: 0.050 | Time: 0.8s
Ep 2241 | Rw: -10.6 | Loss: 0.0221 | Q: 3.51 | Grad: 0.59 | Eps: 0.050 | Time: 0.8s
Ep 2242 | Rw: 107.3 | Loss: 0.0112 | Q: 3.52 | Grad: 0.62 | Eps: 0.050 | Time: 0.5s
Ep 2243 | Rw: 110.5 | Loss: 0.0180 | Q: 3.53 | Grad: 0.49 | Eps: 0.050 | Time: 0.6s
Ep 2244 | Rw: -20.5 | Loss: 0.0156 | Q: 3.52 | Grad: 0.58 | Eps: 0.050 | Time: 0.8s
Ep 2245 | Rw: 35.9 | Loss: 0.0187 | Q: 3.52 | Grad: 0.64 | Eps: 0.050 | Time: 0.8s
Ep 2246 | Rw: 22.3 | Loss: 0.0144 | Q: 3.53 | Grad: 0.59 | Eps: 0.050 | Time: 0.8s
Ep 2247 | Rw: 21.1 | Loss: 0.0130 | Q: 3.53 | Grad: 0.58 | Eps: 0.050 | Time: 0.8s
Ep 2248 | Rw: 28.3 | Loss: 0.0241 | Q: 3.57 | Grad: 0.65 | Eps: 0.050 | Time: 0.8s
Ep 2249 | Rw: 25.5 | Loss: 0.0155 | Q: 3.58 | Grad: 0.55 | Eps: 0.050 | Time: 0.8s
Ep 2250 | Rw: 131.1 | Loss: 0.0107 | Q: 3.60 | Grad: 0.60 | Eps: 0.050 | Time: 0.8s
  ✓ Saved checkpoint & updated plots in checkpoints/2026-03-12_11-17-00/plots
Ep 2251 | Rw: 33.4 | Loss: 0.0173 | Q: 3.56 | Grad: 0.59 | Eps: 0.050 | Time: 0.8s
Ep 2252 | Rw: 114.9 | Loss: 0.0214 | Q: 3.58 | Grad: 0.69 | Eps: 0.050 | Time: 0.6s
Ep 2253 | Rw: 32.8 | Loss: 0.0166 | Q: 3.57 | Grad: 0.59 | Eps: 0.050 | Time: 0.8s
Ep 2254 | Rw: 30.4 | Loss: 0.0244 | Q: 3.59 | Grad: 0.62 | Eps: 0.050 | Time: 0.8s
Ep 2255 | Rw: 14.8 | Loss: 0.0231 | Q: 3.56 | Grad: 0.60 | Eps: 0.050 | Time: 0.8s
Ep 2256 | Rw: 127.6 | Loss: 0.0217 | Q: 3.55 | Grad: 0.54 | Eps: 0.050 | Time: 0.7s
Ep 2257 | Rw: 31.6 | Loss: 0.0170 | Q: 3.58 | Grad: 0.52 | Eps: 0.050 | Time: 0.8s
Ep 2258 | Rw: 19.5 | Loss: 0.0177 | Q: 3.57 | Grad: 0.54 | Eps: 0.050 | Time: 0.8s
Ep 2259 | Rw: 16.3 | Loss: 0.0153 | Q: 3.57 | Grad: 0.58 | Eps: 0.050 | Time: 0.8s
Ep 2260 | Rw: 27.4 | Loss: 0.0227 | Q: 3.57 | Grad: 0.61 | Eps: 0.050 | Time: 1.6s
Ep 2261 | Rw: 22.4 | Loss: 0.0156 | Q: 3.57 | Grad: 0.68 | Eps: 0.050 | Time: 0.8s
Ep 2262 | Rw: 107.6 | Loss: 0.0071 | Q: 3.55 | Grad: 0.68 | Eps: 0.050 | Time: 0.4s
Ep 2263 | Rw: 22.4 | Loss: 0.0180 | Q: 3.59 | Grad: 0.59 | Eps: 0.050 | Time: 0.8s
Ep 2264 | Rw: 29.4 | Loss: 0.0150 | Q: 3.58 | Grad: 0.63 | Eps: 0.050 | Time: 0.8s
Ep 2265 | Rw: -3.2 | Loss: 0.0198 | Q: 3.58 | Grad: 0.50 | Eps: 0.050 | Time: 0.8s
Ep 2266 | Rw: 23.3 | Loss: 0.0226 | Q: 3.57 | Grad: 0.60 | Eps: 0.050 | Time: 0.8s
Ep 2267 | Rw: 28.1 | Loss: 0.0196 | Q: 3.58 | Grad: 0.51 | Eps: 0.050 | Time: 0.8s
Ep 2268 | Rw: 23.5 | Loss: 0.0164 | Q: 3.57 | Grad: 0.55 | Eps: 0.050 | Time: 0.8s
Ep 2269 | Rw: 17.9 | Loss: 0.0192 | Q: 3.63 | Grad: 0.53 | Eps: 0.050 | Time: 0.8s
Ep 2270 | Rw: 27.8 | Loss: 0.0172 | Q: 3.63 | Grad: 0.59 | Eps: 0.050 | Time: 0.8s
Ep 2271 | Rw: 21.5 | Loss: 0.0179 | Q: 3.62 | Grad: 0.49 | Eps: 0.050 | Time: 0.8s
Ep 2272 | Rw: 111.7 | Loss: 0.0196 | Q: 3.63 | Grad: 0.52 | Eps: 0.050 | Time: 0.6s
Ep 2273 | Rw: 117.8 | Loss: 0.0232 | Q: 3.62 | Grad: 0.51 | Eps: 0.050 | Time: 0.7s
Ep 2274 | Rw: 32.8 | Loss: 0.0165 | Q: 3.62 | Grad: 0.59 | Eps: 0.050 | Time: 0.8s
Ep 2275 | Rw: 25.4 | Loss: 0.0168 | Q: 3.62 | Grad: 0.48 | Eps: 0.050 | Time: 0.8s
Ep 2276 | Rw: 26.3 | Loss: 0.0213 | Q: 3.65 | Grad: 0.61 | Eps: 0.050 | Time: 0.8s
Ep 2277 | Rw: 11.9 | Loss: 0.0207 | Q: 3.63 | Grad: 0.56 | Eps: 0.050 | Time: 0.8s
Ep 2278 | Rw: 31.8 | Loss: 0.0205 | Q: 3.63 | Grad: 0.55 | Eps: 0.050 | Time: 0.8s
Ep 2279 | Rw: 12.6 | Loss: 0.0190 | Q: 3.62 | Grad: 0.59 | Eps: 0.050 | Time: 0.8s
Ep 2280 | Rw: 19.9 | Loss: 0.0245 | Q: 3.62 | Grad: 0.56 | Eps: 0.050 | Time: 0.8s
Ep 2281 | Rw: 19.0 | Loss: 0.0225 | Q: 3.61 | Grad: 0.52 | Eps: 0.050 | Time: 0.8s
Ep 2282 | Rw: 129.2 | Loss: 0.0134 | Q: 3.62 | Grad: 0.59 | Eps: 0.050 | Time: 0.7s
Ep 2283 | Rw: 29.2 | Loss: 0.0217 | Q: 3.62 | Grad: 0.45 | Eps: 0.050 | Time: 0.8s
Ep 2284 | Rw: 130.7 | Loss: 0.0197 | Q: 3.63 | Grad: 0.62 | Eps: 0.050 | Time: 0.8s
Ep 2285 | Rw: 9.5 | Loss: 0.0193 | Q: 3.62 | Grad: 0.50 | Eps: 0.050 | Time: 0.8s
Ep 2286 | Rw: 29.8 | Loss: 0.0165 | Q: 3.64 | Grad: 0.55 | Eps: 0.050 | Time: 0.8s
Ep 2287 | Rw: 32.0 | Loss: 0.0233 | Q: 3.65 | Grad: 0.69 | Eps: 0.050 | Time: 0.8s
Ep 2288 | Rw: 9.1 | Loss: 0.0190 | Q: 3.62 | Grad: 0.61 | Eps: 0.050 | Time: 0.8s
Ep 2289 | Rw: 31.9 | Loss: 0.0168 | Q: 3.64 | Grad: 0.61 | Eps: 0.050 | Time: 1.6s
Ep 2290 | Rw: 14.9 | Loss: 0.0173 | Q: 3.65 | Grad: 0.64 | Eps: 0.050 | Time: 0.8s
Ep 2291 | Rw: 31.5 | Loss: 0.0191 | Q: 3.68 | Grad: 0.63 | Eps: 0.050 | Time: 0.8s
Ep 2292 | Rw: 32.0 | Loss: 0.0209 | Q: 3.65 | Grad: 0.57 | Eps: 0.050 | Time: 0.8s
Ep 2293 | Rw: 22.9 | Loss: 0.0180 | Q: 3.66 | Grad: 0.67 | Eps: 0.050 | Time: 0.8s
Ep 2294 | Rw: 7.8 | Loss: 0.0165 | Q: 3.65 | Grad: 0.62 | Eps: 0.050 | Time: 0.8s
Ep 2295 | Rw: -9.9 | Loss: 0.0211 | Q: 3.65 | Grad: 0.62 | Eps: 0.050 | Time: 0.8s
Ep 2296 | Rw: 24.9 | Loss: 0.0150 | Q: 3.66 | Grad: 0.51 | Eps: 0.050 | Time: 0.8s
Ep 2297 | Rw: 22.8 | Loss: 0.0216 | Q: 3.64 | Grad: 0.63 | Eps: 0.050 | Time: 0.8s
Ep 2298 | Rw: 23.0 | Loss: 0.0122 | Q: 3.67 | Grad: 0.50 | Eps: 0.050 | Time: 0.8s
Ep 2299 | Rw: 22.7 | Loss: 0.0227 | Q: 3.67 | Grad: 0.47 | Eps: 0.050 | Time: 0.8s
Ep 2300 | Rw: 2.7 | Loss: 0.0156 | Q: 3.65 | Grad: 0.54 | Eps: 0.050 | Time: 0.8s
  ✓ Saved checkpoint & updated plots in checkpoints/2026-03-12_11-17-00/plots
Ep 2301 | Rw: 131.3 | Loss: 0.0168 | Q: 3.67 | Grad: 0.58 | Eps: 0.050 | Time: 0.7s
Ep 2302 | Rw: 27.3 | Loss: 0.0180 | Q: 3.67 | Grad: 0.47 | Eps: 0.050 | Time: 0.8s
Ep 2303 | Rw: 28.9 | Loss: 0.0134 | Q: 3.65 | Grad: 0.50 | Eps: 0.050 | Time: 0.8s
Ep 2304 | Rw: 29.4 | Loss: 0.0170 | Q: 3.66 | Grad: 0.57 | Eps: 0.050 | Time: 0.8s
Ep 2305 | Rw: 26.0 | Loss: 0.0126 | Q: 3.66 | Grad: 0.52 | Eps: 0.050 | Time: 0.8s
Ep 2306 | Rw: 16.9 | Loss: 0.0230 | Q: 3.66 | Grad: 0.55 | Eps: 0.050 | Time: 0.8s
Ep 2307 | Rw: 26.8 | Loss: 0.0170 | Q: 3.64 | Grad: 0.51 | Eps: 0.050 | Time: 0.8s
Ep 2308 | Rw: 24.2 | Loss: 0.0186 | Q: 3.65 | Grad: 0.56 | Eps: 0.050 | Time: 0.8s
Ep 2309 | Rw: 120.1 | Loss: 0.0206 | Q: 3.67 | Grad: 0.54 | Eps: 0.050 | Time: 0.6s
Ep 2310 | Rw: -19.0 | Loss: 0.0161 | Q: 3.70 | Grad: 0.78 | Eps: 0.050 | Time: 0.8s
Ep 2311 | Rw: 33.8 | Loss: 0.0179 | Q: 3.70 | Grad: 0.67 | Eps: 0.050 | Time: 0.8s
Ep 2312 | Rw: -2.6 | Loss: 0.0171 | Q: 3.70 | Grad: 0.73 | Eps: 0.050 | Time: 0.8s
Ep 2313 | Rw: 120.2 | Loss: 0.0264 | Q: 3.72 | Grad: 0.60 | Eps: 0.050 | Time: 0.7s
Ep 2314 | Rw: 23.4 | Loss: 0.0206 | Q: 3.69 | Grad: 0.66 | Eps: 0.050 | Time: 0.8s
Ep 2315 | Rw: 30.8 | Loss: 0.0214 | Q: 3.70 | Grad: 0.60 | Eps: 0.050 | Time: 1.6s
Ep 2316 | Rw: 35.3 | Loss: 0.0179 | Q: 3.73 | Grad: 0.57 | Eps: 0.050 | Time: 0.8s
Ep 2317 | Rw: 21.6 | Loss: 0.0185 | Q: 3.70 | Grad: 0.62 | Eps: 0.050 | Time: 0.8s
Ep 2318 | Rw: 32.0 | Loss: 0.0169 | Q: 3.69 | Grad: 0.68 | Eps: 0.050 | Time: 0.8s
Ep 2319 | Rw: 24.9 | Loss: 0.0132 | Q: 3.71 | Grad: 0.57 | Eps: 0.050 | Time: 0.8s
Ep 2320 | Rw: 18.5 | Loss: 0.0154 | Q: 3.70 | Grad: 0.50 | Eps: 0.050 | Time: 0.8s
Ep 2321 | Rw: 35.4 | Loss: 0.0213 | Q: 3.69 | Grad: 0.70 | Eps: 0.050 | Time: 0.8s
Ep 2322 | Rw: 106.2 | Loss: 0.0135 | Q: 3.71 | Grad: 0.56 | Eps: 0.050 | Time: 0.7s
Ep 2323 | Rw: 29.5 | Loss: 0.0202 | Q: 3.71 | Grad: 0.49 | Eps: 0.050 | Time: 0.8s
Ep 2324 | Rw: 13.1 | Loss: 0.0171 | Q: 3.70 | Grad: 0.57 | Eps: 0.050 | Time: 0.8s
Ep 2325 | Rw: 30.6 | Loss: 0.0168 | Q: 3.70 | Grad: 0.65 | Eps: 0.050 | Time: 0.8s
Ep 2326 | Rw: 18.0 | Loss: 0.0177 | Q: 3.69 | Grad: 0.63 | Eps: 0.050 | Time: 0.8s
Ep 2327 | Rw: 33.3 | Loss: 0.0159 | Q: 3.70 | Grad: 0.59 | Eps: 0.050 | Time: 0.8s
Ep 2328 | Rw: 25.5 | Loss: 0.0199 | Q: 3.69 | Grad: 0.71 | Eps: 0.050 | Time: 0.8s
Ep 2329 | Rw: 30.9 | Loss: 0.0213 | Q: 3.70 | Grad: 0.60 | Eps: 0.050 | Time: 0.8s
Ep 2330 | Rw: 18.4 | Loss: 0.0202 | Q: 3.71 | Grad: 0.63 | Eps: 0.050 | Time: 0.8s
Ep 2331 | Rw: 19.7 | Loss: 0.0176 | Q: 3.75 | Grad: 0.62 | Eps: 0.050 | Time: 0.8s
Ep 2332 | Rw: 17.6 | Loss: 0.0183 | Q: 3.74 | Grad: 0.66 | Eps: 0.050 | Time: 0.8s
Ep 2333 | Rw: 24.0 | Loss: 0.0170 | Q: 3.75 | Grad: 0.54 | Eps: 0.050 | Time: 0.8s
Ep 2334 | Rw: 28.0 | Loss: 0.0145 | Q: 3.75 | Grad: 0.59 | Eps: 0.050 | Time: 0.8s
Ep 2335 | Rw: 31.2 | Loss: 0.0177 | Q: 3.72 | Grad: 0.58 | Eps: 0.050 | Time: 0.8s
Ep 2336 | Rw: 24.4 | Loss: 0.0151 | Q: 3.75 | Grad: 0.58 | Eps: 0.050 | Time: 0.8s
Ep 2337 | Rw: 27.0 | Loss: 0.0251 | Q: 3.77 | Grad: 0.61 | Eps: 0.050 | Time: 0.8s
Ep 2338 | Rw: 27.0 | Loss: 0.0145 | Q: 3.76 | Grad: 0.54 | Eps: 0.050 | Time: 0.8s
Ep 2339 | Rw: 28.9 | Loss: 0.0160 | Q: 3.74 | Grad: 0.59 | Eps: 0.050 | Time: 0.8s
Ep 2340 | Rw: 32.1 | Loss: 0.0174 | Q: 3.74 | Grad: 0.69 | Eps: 0.050 | Time: 0.8s
Ep 2341 | Rw: 19.6 | Loss: 0.0263 | Q: 3.74 | Grad: 0.55 | Eps: 0.050 | Time: 0.9s
Ep 2342 | Rw: 31.7 | Loss: 0.0169 | Q: 3.77 | Grad: 0.56 | Eps: 0.050 | Time: 0.8s
Ep 2343 | Rw: -12.6 | Loss: 0.0231 | Q: 3.75 | Grad: 0.60 | Eps: 0.050 | Time: 0.8s
Ep 2344 | Rw: 31.3 | Loss: 0.0190 | Q: 3.75 | Grad: 0.59 | Eps: 0.050 | Time: 1.6s
Ep 2345 | Rw: -15.6 | Loss: 0.0225 | Q: 3.74 | Grad: 0.55 | Eps: 0.050 | Time: 0.8s
Ep 2346 | Rw: 22.2 | Loss: 0.0171 | Q: 3.73 | Grad: 0.56 | Eps: 0.050 | Time: 0.8s
Ep 2347 | Rw: 118.6 | Loss: 0.0118 | Q: 3.76 | Grad: 0.57 | Eps: 0.050 | Time: 0.8s
Ep 2348 | Rw: 2.0 | Loss: 0.0158 | Q: 3.75 | Grad: 0.52 | Eps: 0.050 | Time: 0.8s
Ep 2349 | Rw: 22.3 | Loss: 0.0176 | Q: 3.73 | Grad: 0.79 | Eps: 0.050 | Time: 0.8s
Ep 2350 | Rw: 28.9 | Loss: 0.0211 | Q: 3.74 | Grad: 0.78 | Eps: 0.050 | Time: 0.8s
  ✓ Saved checkpoint & updated plots in checkpoints/2026-03-12_11-17-00/plots
Ep 2351 | Rw: 31.4 | Loss: 0.0215 | Q: 3.80 | Grad: 0.58 | Eps: 0.050 | Time: 0.8s
Ep 2352 | Rw: 118.1 | Loss: 0.0171 | Q: 3.78 | Grad: 0.56 | Eps: 0.050 | Time: 0.7s
Ep 2353 | Rw: 32.5 | Loss: 0.0125 | Q: 3.81 | Grad: 0.46 | Eps: 0.050 | Time: 0.8s
Ep 2354 | Rw: 33.1 | Loss: 0.0152 | Q: 3.79 | Grad: 0.69 | Eps: 0.050 | Time: 0.8s
Ep 2355 | Rw: 31.2 | Loss: 0.0191 | Q: 3.80 | Grad: 0.62 | Eps: 0.050 | Time: 0.8s
Ep 2356 | Rw: 10.3 | Loss: 0.0130 | Q: 3.78 | Grad: 0.73 | Eps: 0.050 | Time: 0.9s
Ep 2357 | Rw: 32.1 | Loss: 0.0179 | Q: 3.79 | Grad: 0.59 | Eps: 0.050 | Time: 0.8s
Ep 2358 | Rw: 34.4 | Loss: 0.0211 | Q: 3.78 | Grad: 0.60 | Eps: 0.050 | Time: 0.8s
Ep 2359 | Rw: 124.5 | Loss: 0.0158 | Q: 3.80 | Grad: 0.47 | Eps: 0.050 | Time: 0.7s
Ep 2360 | Rw: 23.0 | Loss: 0.0187 | Q: 3.76 | Grad: 0.65 | Eps: 0.050 | Time: 0.8s
Ep 2361 | Rw: 21.5 | Loss: 0.0191 | Q: 3.77 | Grad: 0.59 | Eps: 0.050 | Time: 0.8s
Ep 2362 | Rw: 10.7 | Loss: 0.0135 | Q: 3.76 | Grad: 0.52 | Eps: 0.050 | Time: 0.8s
Ep 2363 | Rw: 25.5 | Loss: 0.0179 | Q: 3.78 | Grad: 0.54 | Eps: 0.050 | Time: 0.8s
Ep 2364 | Rw: 32.7 | Loss: 0.0224 | Q: 3.78 | Grad: 0.64 | Eps: 0.050 | Time: 0.8s
Ep 2365 | Rw: 11.2 | Loss: 0.0172 | Q: 3.78 | Grad: 0.51 | Eps: 0.050 | Time: 0.8s
Ep 2366 | Rw: 128.0 | Loss: 0.0182 | Q: 3.80 | Grad: 0.55 | Eps: 0.050 | Time: 0.8s
Ep 2367 | Rw: 30.3 | Loss: 0.0188 | Q: 3.78 | Grad: 0.61 | Eps: 0.050 | Time: 0.8s
Ep 2368 | Rw: 33.7 | Loss: 0.0158 | Q: 3.78 | Grad: 0.55 | Eps: 0.050 | Time: 0.8s
Ep 2369 | Rw: -17.4 | Loss: 0.0171 | Q: 3.80 | Grad: 0.57 | Eps: 0.050 | Time: 0.8s
Ep 2370 | Rw: 37.4 | Loss: 0.0150 | Q: 3.79 | Grad: 0.50 | Eps: 0.050 | Time: 0.8s
Ep 2371 | Rw: 29.4 | Loss: 0.0232 | Q: 3.86 | Grad: 0.51 | Eps: 0.050 | Time: 1.6s
Ep 2372 | Rw: 37.9 | Loss: 0.0172 | Q: 3.85 | Grad: 0.51 | Eps: 0.050 | Time: 0.8s
Ep 2373 | Rw: 31.7 | Loss: 0.0188 | Q: 3.86 | Grad: 0.51 | Eps: 0.050 | Time: 0.8s
Ep 2374 | Rw: 33.6 | Loss: 0.0168 | Q: 3.86 | Grad: 0.49 | Eps: 0.050 | Time: 0.8s
Ep 2375 | Rw: 9.7 | Loss: 0.0183 | Q: 3.86 | Grad: 0.53 | Eps: 0.050 | Time: 0.8s
Ep 2376 | Rw: 23.1 | Loss: 0.0180 | Q: 3.87 | Grad: 0.49 | Eps: 0.050 | Time: 0.8s
Ep 2377 | Rw: 25.3 | Loss: 0.0150 | Q: 3.86 | Grad: 0.60 | Eps: 0.050 | Time: 0.8s
Ep 2378 | Rw: 122.6 | Loss: 0.0155 | Q: 3.84 | Grad: 0.51 | Eps: 0.050 | Time: 0.8s
Ep 2379 | Rw: 35.8 | Loss: 0.0167 | Q: 3.87 | Grad: 0.59 | Eps: 0.050 | Time: 0.8s
Ep 2380 | Rw: 34.7 | Loss: 0.0142 | Q: 3.85 | Grad: 0.57 | Eps: 0.050 | Time: 0.8s
Ep 2381 | Rw: 11.8 | Loss: 0.0146 | Q: 3.86 | Grad: 0.62 | Eps: 0.050 | Time: 0.8s
Ep 2382 | Rw: 30.3 | Loss: 0.0207 | Q: 3.85 | Grad: 0.66 | Eps: 0.050 | Time: 0.8s
Ep 2383 | Rw: 34.3 | Loss: 0.0120 | Q: 3.86 | Grad: 0.45 | Eps: 0.050 | Time: 0.8s
Ep 2384 | Rw: 23.6 | Loss: 0.0186 | Q: 3.85 | Grad: 0.58 | Eps: 0.050 | Time: 0.8s
Ep 2385 | Rw: 20.7 | Loss: 0.0159 | Q: 3.87 | Grad: 0.52 | Eps: 0.050 | Time: 0.8s
Ep 2386 | Rw: 112.1 | Loss: 0.0183 | Q: 3.87 | Grad: 0.54 | Eps: 0.050 | Time: 0.8s
Ep 2387 | Rw: 15.9 | Loss: 0.0205 | Q: 3.87 | Grad: 0.71 | Eps: 0.050 | Time: 0.8s
Ep 2388 | Rw: 33.5 | Loss: 0.0232 | Q: 3.87 | Grad: 0.57 | Eps: 0.050 | Time: 0.8s
Ep 2389 | Rw: 16.2 | Loss: 0.0135 | Q: 3.86 | Grad: 0.56 | Eps: 0.050 | Time: 0.8s
Ep 2390 | Rw: 32.6 | Loss: 0.0186 | Q: 3.86 | Grad: 0.60 | Eps: 0.050 | Time: 0.8s
Ep 2391 | Rw: 19.7 | Loss: 0.0178 | Q: 3.91 | Grad: 0.52 | Eps: 0.050 | Time: 0.8s
Ep 2392 | Rw: 25.6 | Loss: 0.0182 | Q: 3.89 | Grad: 0.52 | Eps: 0.050 | Time: 0.8s
Ep 2393 | Rw: 10.6 | Loss: 0.0147 | Q: 3.90 | Grad: 0.54 | Eps: 0.050 | Time: 0.8s
Ep 2394 | Rw: 19.0 | Loss: 0.0166 | Q: 3.90 | Grad: 0.61 | Eps: 0.050 | Time: 0.8s
Ep 2395 | Rw: 32.2 | Loss: 0.0137 | Q: 3.90 | Grad: 0.56 | Eps: 0.050 | Time: 0.8s
Ep 2396 | Rw: 24.6 | Loss: 0.0213 | Q: 3.88 | Grad: 0.58 | Eps: 0.050 | Time: 0.8s
Ep 2397 | Rw: 23.4 | Loss: 0.0189 | Q: 3.89 | Grad: 0.61 | Eps: 0.050 | Time: 0.8s
Ep 2398 | Rw: 32.7 | Loss: 0.0205 | Q: 3.89 | Grad: 0.57 | Eps: 0.050 | Time: 0.8s
Ep 2399 | Rw: 32.2 | Loss: 0.0157 | Q: 3.90 | Grad: 0.57 | Eps: 0.050 | Time: 0.8s
Ep 2400 | Rw: 35.9 | Loss: 0.0126 | Q: 3.91 | Grad: 0.56 | Eps: 0.050 | Time: 1.6s
  ✓ Saved checkpoint & updated plots in checkpoints/2026-03-12_11-17-00/plots
Ep 2401 | Rw: 30.4 | Loss: 0.0163 | Q: 3.90 | Grad: 0.52 | Eps: 0.050 | Time: 0.8s
Ep 2402 | Rw: 28.9 | Loss: 0.0238 | Q: 3.91 | Grad: 0.67 | Eps: 0.050 | Time: 0.8s
Ep 2403 | Rw: 27.8 | Loss: 0.0169 | Q: 3.90 | Grad: 0.52 | Eps: 0.050 | Time: 0.9s
Ep 2404 | Rw: 19.8 | Loss: 0.0198 | Q: 3.92 | Grad: 0.54 | Eps: 0.050 | Time: 0.8s
Ep 2405 | Rw: 32.7 | Loss: 0.0170 | Q: 3.91 | Grad: 0.55 | Eps: 0.050 | Time: 0.8s
Ep 2406 | Rw: 20.8 | Loss: 0.0166 | Q: 3.91 | Grad: 0.52 | Eps: 0.050 | Time: 0.8s
Ep 2407 | Rw: -1.5 | Loss: 0.0146 | Q: 3.90 | Grad: 0.51 | Eps: 0.050 | Time: 0.8s
Ep 2408 | Rw: 21.5 | Loss: 0.0105 | Q: 3.90 | Grad: 0.56 | Eps: 0.050 | Time: 0.8s
Ep 2409 | Rw: 28.9 | Loss: 0.0189 | Q: 3.91 | Grad: 0.57 | Eps: 0.050 | Time: 0.8s
Ep 2410 | Rw: 20.4 | Loss: 0.0183 | Q: 3.90 | Grad: 0.56 | Eps: 0.050 | Time: 0.8s
Ep 2411 | Rw: 20.2 | Loss: 0.0172 | Q: 3.97 | Grad: 0.57 | Eps: 0.050 | Time: 0.8s
Ep 2412 | Rw: 113.0 | Loss: 0.0147 | Q: 3.94 | Grad: 0.41 | Eps: 0.050 | Time: 0.5s
Ep 2413 | Rw: 31.7 | Loss: 0.0168 | Q: 3.95 | Grad: 0.58 | Eps: 0.050 | Time: 0.8s
Ep 2414 | Rw: 24.8 | Loss: 0.0179 | Q: 3.96 | Grad: 0.51 | Eps: 0.050 | Time: 0.8s
Ep 2415 | Rw: 11.9 | Loss: 0.0177 | Q: 3.95 | Grad: 0.50 | Eps: 0.050 | Time: 0.8s
Ep 2416 | Rw: 26.0 | Loss: 0.0235 | Q: 3.97 | Grad: 0.57 | Eps: 0.050 | Time: 0.8s
Ep 2417 | Rw: 27.2 | Loss: 0.0162 | Q: 3.94 | Grad: 0.52 | Eps: 0.050 | Time: 0.8s
Ep 2418 | Rw: 28.9 | Loss: 0.0144 | Q: 3.95 | Grad: 0.49 | Eps: 0.050 | Time: 0.8s
Ep 2419 | Rw: 16.1 | Loss: 0.0149 | Q: 3.96 | Grad: 0.46 | Eps: 0.050 | Time: 0.8s
Ep 2420 | Rw: 36.1 | Loss: 0.0143 | Q: 3.96 | Grad: 0.49 | Eps: 0.050 | Time: 0.8s
Ep 2421 | Rw: 26.7 | Loss: 0.0266 | Q: 3.97 | Grad: 0.54 | Eps: 0.050 | Time: 0.8s
Ep 2422 | Rw: 116.3 | Loss: 0.0141 | Q: 3.95 | Grad: 0.52 | Eps: 0.050 | Time: 0.6s
Ep 2423 | Rw: 23.0 | Loss: 0.0163 | Q: 3.96 | Grad: 0.56 | Eps: 0.050 | Time: 0.8s
Ep 2424 | Rw: 17.6 | Loss: 0.0147 | Q: 3.96 | Grad: 0.46 | Eps: 0.050 | Time: 0.8s
Ep 2425 | Rw: 22.0 | Loss: 0.0224 | Q: 3.96 | Grad: 0.49 | Eps: 0.050 | Time: 0.8s
Ep 2426 | Rw: 121.4 | Loss: 0.0112 | Q: 3.98 | Grad: 0.50 | Eps: 0.050 | Time: 0.6s
Ep 2427 | Rw: 109.8 | Loss: 0.0173 | Q: 3.96 | Grad: 0.52 | Eps: 0.050 | Time: 0.6s
Ep 2428 | Rw: 27.0 | Loss: 0.0136 | Q: 3.96 | Grad: 0.71 | Eps: 0.050 | Time: 1.6s
Ep 2429 | Rw: 127.3 | Loss: 0.0181 | Q: 3.94 | Grad: 0.51 | Eps: 0.050 | Time: 0.7s
Ep 2430 | Rw: 10.9 | Loss: 0.0132 | Q: 3.97 | Grad: 0.51 | Eps: 0.050 | Time: 0.8s
Ep 2431 | Rw: 106.7 | Loss: 0.0206 | Q: 3.96 | Grad: 0.63 | Eps: 0.050 | Time: 0.5s
Ep 2432 | Rw: 110.6 | Loss: 0.0218 | Q: 3.97 | Grad: 0.53 | Eps: 0.050 | Time: 0.8s
Ep 2433 | Rw: 29.8 | Loss: 0.0259 | Q: 3.98 | Grad: 0.72 | Eps: 0.050 | Time: 0.8s
Ep 2434 | Rw: 26.4 | Loss: 0.0127 | Q: 3.98 | Grad: 0.56 | Eps: 0.050 | Time: 0.8s
Ep 2435 | Rw: 19.5 | Loss: 0.0174 | Q: 3.98 | Grad: 0.60 | Eps: 0.050 | Time: 0.8s
Ep 2436 | Rw: 13.3 | Loss: 0.0186 | Q: 3.98 | Grad: 0.72 | Eps: 0.050 | Time: 0.8s
Ep 2437 | Rw: 27.7 | Loss: 0.0232 | Q: 3.99 | Grad: 0.56 | Eps: 0.050 | Time: 0.8s
Ep 2438 | Rw: 29.6 | Loss: 0.0170 | Q: 3.98 | Grad: 0.52 | Eps: 0.050 | Time: 0.8s
Ep 2439 | Rw: 36.2 | Loss: 0.0163 | Q: 3.98 | Grad: 0.52 | Eps: 0.050 | Time: 0.8s
Ep 2440 | Rw: 37.5 | Loss: 0.0181 | Q: 4.00 | Grad: 0.54 | Eps: 0.050 | Time: 0.8s
Ep 2441 | Rw: 24.2 | Loss: 0.0201 | Q: 3.99 | Grad: 0.53 | Eps: 0.050 | Time: 0.8s
Ep 2442 | Rw: 106.6 | Loss: 0.0159 | Q: 3.99 | Grad: 0.47 | Eps: 0.050 | Time: 0.6s
Ep 2443 | Rw: 30.9 | Loss: 0.0108 | Q: 3.99 | Grad: 0.66 | Eps: 0.050 | Time: 0.8s
Ep 2444 | Rw: 30.7 | Loss: 0.0131 | Q: 3.98 | Grad: 0.55 | Eps: 0.050 | Time: 0.8s
Ep 2445 | Rw: 29.2 | Loss: 0.0122 | Q: 3.98 | Grad: 0.51 | Eps: 0.050 | Time: 0.8s
Ep 2446 | Rw: 26.6 | Loss: 0.0191 | Q: 3.98 | Grad: 0.48 | Eps: 0.050 | Time: 0.8s
Ep 2447 | Rw: 25.7 | Loss: 0.0137 | Q: 3.98 | Grad: 0.51 | Eps: 0.050 | Time: 0.8s
Ep 2448 | Rw: 31.7 | Loss: 0.0176 | Q: 3.98 | Grad: 0.52 | Eps: 0.050 | Time: 0.8s
Ep 2449 | Rw: 12.7 | Loss: 0.0154 | Q: 3.99 | Grad: 0.53 | Eps: 0.050 | Time: 0.8s
Ep 2450 | Rw: 25.1 | Loss: 0.0136 | Q: 3.99 | Grad: 0.61 | Eps: 0.050 | Time: 0.8s
  ✓ Saved checkpoint & updated plots in checkpoints/2026-03-12_11-17-00/plots
Ep 2451 | Rw: 16.5 | Loss: 0.0154 | Q: 4.00 | Grad: 0.48 | Eps: 0.050 | Time: 0.8s
Ep 2452 | Rw: 33.4 | Loss: 0.0187 | Q: 3.99 | Grad: 0.46 | Eps: 0.050 | Time: 0.8s
Ep 2453 | Rw: 27.8 | Loss: 0.0153 | Q: 4.00 | Grad: 0.51 | Eps: 0.050 | Time: 0.8s
Ep 2454 | Rw: 37.7 | Loss: 0.0163 | Q: 4.04 | Grad: 0.43 | Eps: 0.050 | Time: 0.8s
Ep 2455 | Rw: 30.2 | Loss: 0.0170 | Q: 4.03 | Grad: 0.44 | Eps: 0.050 | Time: 0.8s
Ep 2456 | Rw: 20.6 | Loss: 0.0164 | Q: 4.03 | Grad: 0.49 | Eps: 0.050 | Time: 1.7s
Ep 2457 | Rw: 28.7 | Loss: 0.0194 | Q: 4.03 | Grad: 0.53 | Eps: 0.050 | Time: 0.8s
Ep 2458 | Rw: 30.6 | Loss: 0.0143 | Q: 4.01 | Grad: 0.51 | Eps: 0.050 | Time: 0.8s
Ep 2459 | Rw: 26.1 | Loss: 0.0218 | Q: 4.03 | Grad: 0.49 | Eps: 0.050 | Time: 0.8s
Ep 2460 | Rw: 18.9 | Loss: 0.0146 | Q: 4.03 | Grad: 0.48 | Eps: 0.050 | Time: 0.8s
Ep 2461 | Rw: 111.4 | Loss: 0.0159 | Q: 4.04 | Grad: 0.49 | Eps: 0.050 | Time: 0.4s
Ep 2462 | Rw: 32.0 | Loss: 0.0147 | Q: 4.02 | Grad: 0.43 | Eps: 0.050 | Time: 0.8s
Ep 2463 | Rw: 31.2 | Loss: 0.0139 | Q: 4.03 | Grad: 0.47 | Eps: 0.050 | Time: 0.8s
Ep 2464 | Rw: 18.2 | Loss: 0.0203 | Q: 4.04 | Grad: 0.50 | Eps: 0.050 | Time: 0.8s
Ep 2465 | Rw: 26.2 | Loss: 0.0175 | Q: 4.03 | Grad: 0.63 | Eps: 0.050 | Time: 0.8s
Ep 2466 | Rw: 27.5 | Loss: 0.0226 | Q: 4.00 | Grad: 0.64 | Eps: 0.050 | Time: 0.8s
Ep 2467 | Rw: -11.6 | Loss: 0.0153 | Q: 4.02 | Grad: 0.43 | Eps: 0.050 | Time: 0.8s
Ep 2468 | Rw: 20.2 | Loss: 0.0215 | Q: 4.02 | Grad: 0.44 | Eps: 0.050 | Time: 0.8s
Ep 2469 | Rw: 30.7 | Loss: 0.0218 | Q: 4.02 | Grad: 0.53 | Eps: 0.050 | Time: 0.8s
Ep 2470 | Rw: 37.0 | Loss: 0.0130 | Q: 4.03 | Grad: 0.51 | Eps: 0.050 | Time: 0.8s
Ep 2471 | Rw: 22.2 | Loss: 0.0187 | Q: 4.02 | Grad: 0.63 | Eps: 0.050 | Time: 0.8s
Ep 2472 | Rw: 16.3 | Loss: 0.0147 | Q: 4.01 | Grad: 0.57 | Eps: 0.050 | Time: 0.8s
Ep 2473 | Rw: 22.6 | Loss: 0.0149 | Q: 4.02 | Grad: 0.50 | Eps: 0.050 | Time: 0.8s
Ep 2474 | Rw: 28.0 | Loss: 0.0165 | Q: 4.06 | Grad: 0.50 | Eps: 0.050 | Time: 0.8s
Ep 2475 | Rw: -6.1 | Loss: 0.0159 | Q: 4.05 | Grad: 0.43 | Eps: 0.050 | Time: 0.8s
Ep 2476 | Rw: 113.3 | Loss: 0.0184 | Q: 4.05 | Grad: 0.65 | Eps: 0.050 | Time: 0.5s
Ep 2477 | Rw: 15.7 | Loss: 0.0131 | Q: 4.05 | Grad: 0.62 | Eps: 0.050 | Time: 0.8s
Ep 2478 | Rw: 32.1 | Loss: 0.0192 | Q: 4.06 | Grad: 0.50 | Eps: 0.050 | Time: 0.8s
Ep 2479 | Rw: 32.2 | Loss: 0.0124 | Q: 4.05 | Grad: 0.51 | Eps: 0.050 | Time: 0.8s
Ep 2480 | Rw: 17.4 | Loss: 0.0152 | Q: 4.06 | Grad: 0.44 | Eps: 0.050 | Time: 0.8s
Ep 2481 | Rw: 30.9 | Loss: 0.0153 | Q: 4.07 | Grad: 0.47 | Eps: 0.050 | Time: 0.8s
Ep 2482 | Rw: 25.2 | Loss: 0.0200 | Q: 4.06 | Grad: 0.43 | Eps: 0.050 | Time: 0.8s
Ep 2483 | Rw: 19.6 | Loss: 0.0150 | Q: 4.03 | Grad: 0.47 | Eps: 0.050 | Time: 0.8s
Ep 2484 | Rw: 37.6 | Loss: 0.0157 | Q: 4.07 | Grad: 0.44 | Eps: 0.050 | Time: 0.8s
Ep 2485 | Rw: 21.0 | Loss: 0.0192 | Q: 4.05 | Grad: 0.69 | Eps: 0.050 | Time: 0.8s
Ep 2486 | Rw: 26.4 | Loss: 0.0162 | Q: 4.07 | Grad: 0.42 | Eps: 0.050 | Time: 1.7s
Ep 2487 | Rw: 24.9 | Loss: 0.0153 | Q: 4.06 | Grad: 0.56 | Eps: 0.050 | Time: 0.8s
Ep 2488 | Rw: 130.4 | Loss: 0.0218 | Q: 4.05 | Grad: 0.52 | Eps: 0.050 | Time: 0.8s
Ep 2489 | Rw: -15.0 | Loss: 0.0181 | Q: 4.07 | Grad: 0.47 | Eps: 0.050 | Time: 0.8s
Ep 2490 | Rw: -4.5 | Loss: 0.0131 | Q: 4.07 | Grad: 0.48 | Eps: 0.050 | Time: 0.8s
Ep 2491 | Rw: 26.9 | Loss: 0.0157 | Q: 4.05 | Grad: 0.53 | Eps: 0.050 | Time: 0.8s
Ep 2492 | Rw: 33.4 | Loss: 0.0177 | Q: 4.06 | Grad: 0.45 | Eps: 0.050 | Time: 0.8s
Ep 2493 | Rw: 105.3 | Loss: 0.0191 | Q: 4.05 | Grad: 0.48 | Eps: 0.050 | Time: 0.4s
Ep 2494 | Rw: 22.8 | Loss: 0.0170 | Q: 4.06 | Grad: 0.45 | Eps: 0.050 | Time: 0.8s
Ep 2495 | Rw: 16.6 | Loss: 0.0152 | Q: 4.06 | Grad: 0.46 | Eps: 0.050 | Time: 0.8s
Ep 2496 | Rw: 21.6 | Loss: 0.0093 | Q: 4.10 | Grad: 0.49 | Eps: 0.050 | Time: 0.8s
Ep 2497 | Rw: 8.1 | Loss: 0.0134 | Q: 4.10 | Grad: 0.43 | Eps: 0.050 | Time: 0.8s
Ep 2498 | Rw: -3.9 | Loss: 0.0232 | Q: 4.09 | Grad: 0.46 | Eps: 0.050 | Time: 0.8s
Ep 2499 | Rw: 36.1 | Loss: 0.0161 | Q: 4.10 | Grad: 0.44 | Eps: 0.050 | Time: 0.8s
Ep 2500 | Rw: 30.4 | Loss: 0.0168 | Q: 4.08 | Grad: 0.57 | Eps: 0.050 | Time: 0.8s
  ✓ Saved checkpoint & updated plots in checkpoints/2026-03-12_11-17-00/plots
Ep 2501 | Rw: 35.4 | Loss: 0.0115 | Q: 4.08 | Grad: 0.49 | Eps: 0.050 | Time: 0.8s
Ep 2502 | Rw: 116.1 | Loss: 0.0166 | Q: 4.09 | Grad: 0.51 | Eps: 0.050 | Time: 0.5s
Ep 2503 | Rw: 113.2 | Loss: 0.0245 | Q: 4.10 | Grad: 0.59 | Eps: 0.050 | Time: 0.5s
Ep 2504 | Rw: 25.9 | Loss: 0.0173 | Q: 4.08 | Grad: 0.53 | Eps: 0.050 | Time: 0.8s
Ep 2505 | Rw: 29.8 | Loss: 0.0116 | Q: 4.09 | Grad: 0.43 | Eps: 0.050 | Time: 0.8s
Ep 2506 | Rw: 16.1 | Loss: 0.0142 | Q: 4.10 | Grad: 0.51 | Eps: 0.050 | Time: 0.8s
Ep 2507 | Rw: 19.4 | Loss: 0.0209 | Q: 4.10 | Grad: 0.48 | Eps: 0.050 | Time: 0.8s
Ep 2508 | Rw: 26.2 | Loss: 0.0187 | Q: 4.10 | Grad: 0.49 | Eps: 0.050 | Time: 0.8s
Ep 2509 | Rw: 29.3 | Loss: 0.0166 | Q: 4.11 | Grad: 0.40 | Eps: 0.050 | Time: 0.8s
Ep 2510 | Rw: 22.0 | Loss: 0.0210 | Q: 4.09 | Grad: 0.49 | Eps: 0.050 | Time: 0.8s
Ep 2511 | Rw: 29.4 | Loss: 0.0116 | Q: 4.10 | Grad: 0.37 | Eps: 0.050 | Time: 0.8s
Ep 2512 | Rw: 114.6 | Loss: 0.0160 | Q: 4.09 | Grad: 0.53 | Eps: 0.050 | Time: 0.5s
Ep 2513 | Rw: 17.9 | Loss: 0.0189 | Q: 4.09 | Grad: 0.47 | Eps: 0.050 | Time: 0.8s
Ep 2514 | Rw: 11.4 | Loss: 0.0168 | Q: 4.10 | Grad: 0.55 | Eps: 0.050 | Time: 0.8s
Ep 2515 | Rw: 14.0 | Loss: 0.0170 | Q: 4.09 | Grad: 0.45 | Eps: 0.050 | Time: 1.7s
Ep 2516 | Rw: 11.4 | Loss: 0.0175 | Q: 4.10 | Grad: 0.53 | Eps: 0.050 | Time: 0.8s
Ep 2517 | Rw: 17.1 | Loss: 0.0137 | Q: 4.11 | Grad: 0.55 | Eps: 0.050 | Time: 0.8s
Ep 2518 | Rw: 35.5 | Loss: 0.0191 | Q: 4.12 | Grad: 0.58 | Eps: 0.050 | Time: 0.8s
Ep 2519 | Rw: 17.7 | Loss: 0.0186 | Q: 4.12 | Grad: 0.50 | Eps: 0.050 | Time: 0.8s
Ep 2520 | Rw: 17.9 | Loss: 0.0201 | Q: 4.11 | Grad: 0.44 | Eps: 0.050 | Time: 0.8s
Ep 2521 | Rw: 12.8 | Loss: 0.0170 | Q: 4.12 | Grad: 0.48 | Eps: 0.050 | Time: 0.8s
Ep 2522 | Rw: 116.6 | Loss: 0.0136 | Q: 4.11 | Grad: 0.51 | Eps: 0.050 | Time: 0.7s
Ep 2523 | Rw: 17.6 | Loss: 0.0140 | Q: 4.10 | Grad: 0.60 | Eps: 0.050 | Time: 0.8s
Ep 2524 | Rw: 117.9 | Loss: 0.0145 | Q: 4.11 | Grad: 0.60 | Eps: 0.050 | Time: 0.7s
Ep 2525 | Rw: 11.3 | Loss: 0.0138 | Q: 4.12 | Grad: 0.44 | Eps: 0.050 | Time: 0.8s
Ep 2526 | Rw: 121.2 | Loss: 0.0169 | Q: 4.12 | Grad: 0.48 | Eps: 0.050 | Time: 0.8s
Ep 2527 | Rw: 18.5 | Loss: 0.0199 | Q: 4.12 | Grad: 0.51 | Eps: 0.050 | Time: 0.8s
Ep 2528 | Rw: 107.9 | Loss: 0.0164 | Q: 4.11 | Grad: 0.51 | Eps: 0.050 | Time: 0.4s
Ep 2529 | Rw: 7.4 | Loss: 0.0133 | Q: 4.10 | Grad: 0.58 | Eps: 0.050 | Time: 0.8s
Ep 2530 | Rw: 30.2 | Loss: 0.0197 | Q: 4.11 | Grad: 0.50 | Eps: 0.050 | Time: 0.8s
Ep 2531 | Rw: 18.4 | Loss: 0.0173 | Q: 4.12 | Grad: 0.49 | Eps: 0.050 | Time: 0.8s
Ep 2532 | Rw: 36.2 | Loss: 0.0145 | Q: 4.10 | Grad: 0.45 | Eps: 0.050 | Time: 0.8s
Ep 2533 | Rw: 112.7 | Loss: 0.0271 | Q: 4.11 | Grad: 0.53 | Eps: 0.050 | Time: 0.5s
Ep 2534 | Rw: 21.1 | Loss: 0.0198 | Q: 4.12 | Grad: 0.42 | Eps: 0.050 | Time: 0.8s
Ep 2535 | Rw: 15.1 | Loss: 0.0155 | Q: 4.12 | Grad: 0.52 | Eps: 0.050 | Time: 0.8s
Ep 2536 | Rw: 19.2 | Loss: 0.0189 | Q: 4.12 | Grad: 0.51 | Eps: 0.050 | Time: 0.8s
Ep 2537 | Rw: 33.9 | Loss: 0.0122 | Q: 4.09 | Grad: 0.47 | Eps: 0.050 | Time: 0.8s
Ep 2538 | Rw: 14.0 | Loss: 0.0188 | Q: 4.11 | Grad: 0.46 | Eps: 0.050 | Time: 0.8s
Ep 2539 | Rw: 25.5 | Loss: 0.0113 | Q: 4.12 | Grad: 0.59 | Eps: 0.050 | Time: 0.8s
Ep 2540 | Rw: 16.0 | Loss: 0.0196 | Q: 4.14 | Grad: 0.51 | Eps: 0.050 | Time: 0.8s
Ep 2541 | Rw: -4.0 | Loss: 0.0203 | Q: 4.12 | Grad: 0.60 | Eps: 0.050 | Time: 0.8s
Ep 2542 | Rw: 114.5 | Loss: 0.0147 | Q: 4.13 | Grad: 0.49 | Eps: 0.050 | Time: 0.7s
Ep 2543 | Rw: 32.0 | Loss: 0.0238 | Q: 4.13 | Grad: 0.68 | Eps: 0.050 | Time: 0.8s
Ep 2544 | Rw: 28.2 | Loss: 0.0213 | Q: 4.14 | Grad: 0.45 | Eps: 0.050 | Time: 0.8s
Ep 2545 | Rw: 28.0 | Loss: 0.0141 | Q: 4.13 | Grad: 0.48 | Eps: 0.050 | Time: 0.8s
Ep 2546 | Rw: 29.8 | Loss: 0.0185 | Q: 4.13 | Grad: 0.58 | Eps: 0.050 | Time: 1.7s
Ep 2547 | Rw: -4.3 | Loss: 0.0110 | Q: 4.14 | Grad: 0.50 | Eps: 0.050 | Time: 0.8s
Ep 2548 | Rw: 35.5 | Loss: 0.0210 | Q: 4.13 | Grad: 0.58 | Eps: 0.050 | Time: 0.8s
Ep 2549 | Rw: 14.5 | Loss: 0.0151 | Q: 4.13 | Grad: 0.51 | Eps: 0.050 | Time: 0.8s
Ep 2550 | Rw: 26.0 | Loss: 0.0127 | Q: 4.14 | Grad: 0.56 | Eps: 0.050 | Time: 0.8s
  ✓ Saved checkpoint & updated plots in checkpoints/2026-03-12_11-17-00/plots
Ep 2551 | Rw: 107.7 | Loss: 0.0237 | Q: 4.13 | Grad: 0.57 | Eps: 0.050 | Time: 0.6s
Ep 2552 | Rw: 17.1 | Loss: 0.0183 | Q: 4.13 | Grad: 0.50 | Eps: 0.050 | Time: 0.8s
Ep 2553 | Rw: 29.0 | Loss: 0.0169 | Q: 4.13 | Grad: 0.47 | Eps: 0.050 | Time: 0.8s
Ep 2554 | Rw: 25.3 | Loss: 0.0195 | Q: 4.11 | Grad: 0.54 | Eps: 0.050 | Time: 0.8s
Ep 2555 | Rw: 20.5 | Loss: 0.0223 | Q: 4.13 | Grad: 0.56 | Eps: 0.050 | Time: 0.8s
Ep 2556 | Rw: 14.3 | Loss: 0.0182 | Q: 4.12 | Grad: 0.61 | Eps: 0.050 | Time: 0.8s
Ep 2557 | Rw: 106.3 | Loss: 0.0178 | Q: 4.12 | Grad: 0.62 | Eps: 0.050 | Time: 0.6s
Ep 2558 | Rw: 34.5 | Loss: 0.0290 | Q: 4.12 | Grad: 0.49 | Eps: 0.050 | Time: 0.8s
Ep 2559 | Rw: 32.8 | Loss: 0.0166 | Q: 4.15 | Grad: 0.47 | Eps: 0.050 | Time: 0.8s
Ep 2560 | Rw: 33.5 | Loss: 0.0187 | Q: 4.21 | Grad: 0.49 | Eps: 0.050 | Time: 0.8s
Ep 2561 | Rw: 25.5 | Loss: 0.0175 | Q: 4.22 | Grad: 0.49 | Eps: 0.050 | Time: 0.8s
Ep 2562 | Rw: 24.3 | Loss: 0.0127 | Q: 4.22 | Grad: 0.42 | Eps: 0.050 | Time: 0.8s
Ep 2563 | Rw: 118.1 | Loss: 0.0199 | Q: 4.21 | Grad: 0.55 | Eps: 0.050 | Time: 0.7s
Ep 2564 | Rw: 22.4 | Loss: 0.0125 | Q: 4.18 | Grad: 0.37 | Eps: 0.050 | Time: 0.8s
Ep 2565 | Rw: -11.9 | Loss: 0.0126 | Q: 4.20 | Grad: 0.43 | Eps: 0.050 | Time: 0.8s
Ep 2566 | Rw: 113.3 | Loss: 0.0148 | Q: 4.19 | Grad: 0.41 | Eps: 0.050 | Time: 0.7s
Ep 2567 | Rw: 28.0 | Loss: 0.0246 | Q: 4.21 | Grad: 0.51 | Eps: 0.050 | Time: 0.8s
Ep 2568 | Rw: 24.9 | Loss: 0.0178 | Q: 4.20 | Grad: 0.44 | Eps: 0.050 | Time: 0.8s
Ep 2569 | Rw: 30.8 | Loss: 0.0172 | Q: 4.20 | Grad: 0.47 | Eps: 0.050 | Time: 0.8s
Ep 2570 | Rw: 29.7 | Loss: 0.0138 | Q: 4.19 | Grad: 0.48 | Eps: 0.050 | Time: 0.8s
Ep 2571 | Rw: 20.1 | Loss: 0.0140 | Q: 4.19 | Grad: 0.35 | Eps: 0.050 | Time: 0.8s
Ep 2572 | Rw: 20.1 | Loss: 0.0098 | Q: 4.19 | Grad: 0.52 | Eps: 0.050 | Time: 0.8s
Ep 2573 | Rw: 101.7 | Loss: 0.0170 | Q: 4.19 | Grad: 0.57 | Eps: 0.050 | Time: 0.3s
Ep 2574 | Rw: 6.2 | Loss: 0.0174 | Q: 4.20 | Grad: 0.50 | Eps: 0.050 | Time: 1.7s
Ep 2575 | Rw: 109.1 | Loss: 0.0209 | Q: 4.20 | Grad: 0.60 | Eps: 0.050 | Time: 0.6s
Ep 2576 | Rw: 23.1 | Loss: 0.0103 | Q: 4.19 | Grad: 0.50 | Eps: 0.050 | Time: 0.8s
Ep 2577 | Rw: 23.0 | Loss: 0.0210 | Q: 4.21 | Grad: 0.40 | Eps: 0.050 | Time: 0.8s
Ep 2578 | Rw: 7.0 | Loss: 0.0221 | Q: 4.19 | Grad: 0.46 | Eps: 0.050 | Time: 0.8s
Ep 2579 | Rw: 110.7 | Loss: 0.0195 | Q: 4.18 | Grad: 0.60 | Eps: 0.050 | Time: 0.5s
Ep 2580 | Rw: 33.8 | Loss: 0.0188 | Q: 4.21 | Grad: 0.51 | Eps: 0.050 | Time: 0.8s
Ep 2581 | Rw: 107.5 | Loss: 0.0165 | Q: 4.17 | Grad: 0.73 | Eps: 0.050 | Time: 0.4s
Ep 2582 | Rw: 29.9 | Loss: 0.0225 | Q: 4.22 | Grad: 0.54 | Eps: 0.050 | Time: 0.8s
Ep 2583 | Rw: 26.3 | Loss: 0.0191 | Q: 4.24 | Grad: 0.49 | Eps: 0.050 | Time: 0.8s
Ep 2584 | Rw: 110.4 | Loss: 0.0162 | Q: 4.25 | Grad: 0.53 | Eps: 0.050 | Time: 0.5s
Ep 2585 | Rw: 26.2 | Loss: 0.0145 | Q: 4.23 | Grad: 0.47 | Eps: 0.050 | Time: 0.8s
Ep 2586 | Rw: 28.3 | Loss: 0.0173 | Q: 4.24 | Grad: 0.48 | Eps: 0.050 | Time: 0.8s
Ep 2587 | Rw: 33.1 | Loss: 0.0148 | Q: 4.23 | Grad: 0.40 | Eps: 0.050 | Time: 0.8s
Ep 2588 | Rw: 7.4 | Loss: 0.0180 | Q: 4.24 | Grad: 0.49 | Eps: 0.050 | Time: 0.8s
Ep 2589 | Rw: 24.4 | Loss: 0.0148 | Q: 4.24 | Grad: 0.45 | Eps: 0.050 | Time: 0.8s
Ep 2590 | Rw: 6.4 | Loss: 0.0161 | Q: 4.23 | Grad: 0.48 | Eps: 0.050 | Time: 0.8s
Ep 2591 | Rw: 127.1 | Loss: 0.0180 | Q: 4.21 | Grad: 0.47 | Eps: 0.050 | Time: 0.8s
Ep 2592 | Rw: 17.9 | Loss: 0.0172 | Q: 4.23 | Grad: 0.40 | Eps: 0.050 | Time: 0.8s
Ep 2593 | Rw: 6.7 | Loss: 0.0216 | Q: 4.24 | Grad: 0.38 | Eps: 0.050 | Time: 0.8s
Ep 2594 | Rw: 34.8 | Loss: 0.0163 | Q: 4.24 | Grad: 0.42 | Eps: 0.050 | Time: 0.8s
Ep 2595 | Rw: 33.8 | Loss: 0.0174 | Q: 4.24 | Grad: 0.47 | Eps: 0.050 | Time: 0.8s
Ep 2596 | Rw: 20.7 | Loss: 0.0245 | Q: 4.25 | Grad: 0.44 | Eps: 0.050 | Time: 0.8s
Ep 2597 | Rw: 30.6 | Loss: 0.0183 | Q: 4.25 | Grad: 0.37 | Eps: 0.050 | Time: 0.8s
Ep 2598 | Rw: 33.5 | Loss: 0.0155 | Q: 4.23 | Grad: 0.41 | Eps: 0.050 | Time: 0.8s
Ep 2599 | Rw: 34.6 | Loss: 0.0216 | Q: 4.24 | Grad: 0.54 | Eps: 0.050 | Time: 0.8s
Ep 2600 | Rw: 127.0 | Loss: 0.0220 | Q: 4.24 | Grad: 0.41 | Eps: 0.050 | Time: 0.7s
  ✓ Saved checkpoint & updated plots in checkpoints/2026-03-12_11-17-00/plots
Ep 2601 | Rw: 32.8 | Loss: 0.0164 | Q: 4.24 | Grad: 0.44 | Eps: 0.050 | Time: 0.8s
Ep 2602 | Rw: 33.3 | Loss: 0.0144 | Q: 4.23 | Grad: 0.54 | Eps: 0.050 | Time: 0.8s
Ep 2603 | Rw: 21.6 | Loss: 0.0179 | Q: 4.26 | Grad: 0.45 | Eps: 0.050 | Time: 1.7s
Ep 2604 | Rw: 19.3 | Loss: 0.0171 | Q: 4.28 | Grad: 0.40 | Eps: 0.050 | Time: 0.8s
Ep 2605 | Rw: 14.4 | Loss: 0.0190 | Q: 4.28 | Grad: 0.42 | Eps: 0.050 | Time: 0.8s
Ep 2606 | Rw: 24.3 | Loss: 0.0165 | Q: 4.29 | Grad: 0.41 | Eps: 0.050 | Time: 0.8s
Ep 2607 | Rw: 30.3 | Loss: 0.0240 | Q: 4.28 | Grad: 0.53 | Eps: 0.050 | Time: 0.8s
Ep 2608 | Rw: 9.4 | Loss: 0.0152 | Q: 4.28 | Grad: 0.40 | Eps: 0.050 | Time: 0.8s
Ep 2609 | Rw: 16.8 | Loss: 0.0202 | Q: 4.27 | Grad: 0.47 | Eps: 0.050 | Time: 0.8s
Ep 2610 | Rw: 18.7 | Loss: 0.0208 | Q: 4.27 | Grad: 0.46 | Eps: 0.050 | Time: 0.8s
Ep 2611 | Rw: 23.9 | Loss: 0.0145 | Q: 4.27 | Grad: 0.56 | Eps: 0.050 | Time: 0.8s
Ep 2612 | Rw: -3.9 | Loss: 0.0209 | Q: 4.27 | Grad: 0.48 | Eps: 0.050 | Time: 0.8s
Ep 2613 | Rw: 17.2 | Loss: 0.0184 | Q: 4.28 | Grad: 0.36 | Eps: 0.050 | Time: 0.8s
Ep 2614 | Rw: 21.4 | Loss: 0.0219 | Q: 4.28 | Grad: 0.51 | Eps: 0.050 | Time: 0.8s
Ep 2615 | Rw: 23.0 | Loss: 0.0153 | Q: 4.27 | Grad: 0.51 | Eps: 0.050 | Time: 0.8s
Ep 2616 | Rw: 26.3 | Loss: 0.0128 | Q: 4.28 | Grad: 0.45 | Eps: 0.050 | Time: 0.8s
Ep 2617 | Rw: 34.6 | Loss: 0.0126 | Q: 4.29 | Grad: 0.45 | Eps: 0.050 | Time: 0.8s
Ep 2618 | Rw: 102.5 | Loss: 0.0143 | Q: 4.29 | Grad: 0.46 | Eps: 0.050 | Time: 0.3s
Ep 2619 | Rw: 110.7 | Loss: 0.0169 | Q: 4.28 | Grad: 0.43 | Eps: 0.050 | Time: 0.6s
Ep 2620 | Rw: 23.2 | Loss: 0.0131 | Q: 4.28 | Grad: 0.41 | Eps: 0.050 | Time: 0.8s
Ep 2621 | Rw: 27.6 | Loss: 0.0193 | Q: 4.27 | Grad: 0.51 | Eps: 0.050 | Time: 0.8s
Ep 2622 | Rw: 36.6 | Loss: 0.0172 | Q: 4.28 | Grad: 0.44 | Eps: 0.050 | Time: 0.8s
Ep 2623 | Rw: -5.8 | Loss: 0.0173 | Q: 4.29 | Grad: 0.47 | Eps: 0.050 | Time: 0.8s
Ep 2624 | Rw: 22.7 | Loss: 0.0177 | Q: 4.30 | Grad: 0.48 | Eps: 0.050 | Time: 0.8s
Ep 2625 | Rw: 15.1 | Loss: 0.0143 | Q: 4.33 | Grad: 0.50 | Eps: 0.050 | Time: 0.8s
Ep 2626 | Rw: 27.2 | Loss: 0.0197 | Q: 4.35 | Grad: 0.41 | Eps: 0.050 | Time: 0.8s
Ep 2627 | Rw: 36.5 | Loss: 0.0170 | Q: 4.33 | Grad: 0.42 | Eps: 0.050 | Time: 0.8s
Ep 2628 | Rw: 116.2 | Loss: 0.0177 | Q: 4.35 | Grad: 0.44 | Eps: 0.050 | Time: 0.7s
Ep 2629 | Rw: 16.5 | Loss: 0.0147 | Q: 4.34 | Grad: 0.45 | Eps: 0.050 | Time: 0.8s
Ep 2630 | Rw: 18.3 | Loss: 0.0230 | Q: 4.34 | Grad: 0.45 | Eps: 0.050 | Time: 0.8s
Ep 2631 | Rw: 103.9 | Loss: 0.0155 | Q: 4.35 | Grad: 0.43 | Eps: 0.050 | Time: 0.3s
Ep 2632 | Rw: 11.7 | Loss: 0.0174 | Q: 4.33 | Grad: 0.49 | Eps: 0.050 | Time: 0.8s
Ep 2633 | Rw: 31.3 | Loss: 0.0222 | Q: 4.34 | Grad: 0.56 | Eps: 0.050 | Time: 0.8s
Ep 2634 | Rw: 31.4 | Loss: 0.0166 | Q: 4.32 | Grad: 0.48 | Eps: 0.050 | Time: 0.8s
Ep 2635 | Rw: 33.2 | Loss: 0.0216 | Q: 4.33 | Grad: 0.48 | Eps: 0.050 | Time: 1.7s
Ep 2636 | Rw: 13.8 | Loss: 0.0171 | Q: 4.33 | Grad: 0.39 | Eps: 0.050 | Time: 0.8s
Ep 2637 | Rw: 30.5 | Loss: 0.0182 | Q: 4.33 | Grad: 0.37 | Eps: 0.050 | Time: 0.8s
Ep 2638 | Rw: 22.7 | Loss: 0.0170 | Q: 4.33 | Grad: 0.41 | Eps: 0.050 | Time: 0.8s
Ep 2639 | Rw: 8.1 | Loss: 0.0170 | Q: 4.33 | Grad: 0.43 | Eps: 0.050 | Time: 0.8s
Ep 2640 | Rw: 8.7 | Loss: 0.0240 | Q: 4.32 | Grad: 0.41 | Eps: 0.050 | Time: 0.8s
Ep 2641 | Rw: -12.9 | Loss: 0.0196 | Q: 4.32 | Grad: 0.46 | Eps: 0.050 | Time: 0.8s
Ep 2642 | Rw: 32.1 | Loss: 0.0162 | Q: 4.32 | Grad: 0.47 | Eps: 0.050 | Time: 0.8s
Ep 2643 | Rw: 31.1 | Loss: 0.0193 | Q: 4.34 | Grad: 0.46 | Eps: 0.050 | Time: 0.8s
Ep 2644 | Rw: 131.5 | Loss: 0.0220 | Q: 4.32 | Grad: 0.48 | Eps: 0.050 | Time: 0.8s
Ep 2645 | Rw: 21.8 | Loss: 0.0174 | Q: 4.34 | Grad: 0.49 | Eps: 0.050 | Time: 0.8s
Ep 2646 | Rw: 127.9 | Loss: 0.0222 | Q: 4.39 | Grad: 0.50 | Eps: 0.050 | Time: 0.7s
Ep 2647 | Rw: 14.7 | Loss: 0.0199 | Q: 4.38 | Grad: 0.47 | Eps: 0.050 | Time: 0.8s
Ep 2648 | Rw: 28.6 | Loss: 0.0186 | Q: 4.39 | Grad: 0.50 | Eps: 0.050 | Time: 0.8s
Ep 2649 | Rw: 18.2 | Loss: 0.0145 | Q: 4.38 | Grad: 0.49 | Eps: 0.050 | Time: 0.8s
Ep 2650 | Rw: 30.1 | Loss: 0.0161 | Q: 4.39 | Grad: 0.41 | Eps: 0.050 | Time: 0.8s
  ✓ Saved checkpoint & updated plots in checkpoints/2026-03-12_11-17-00/plots
Ep 2651 | Rw: 115.7 | Loss: 0.0135 | Q: 4.38 | Grad: 0.40 | Eps: 0.050 | Time: 0.6s
Ep 2652 | Rw: 25.1 | Loss: 0.0141 | Q: 4.38 | Grad: 0.48 | Eps: 0.050 | Time: 0.8s
Ep 2653 | Rw: 36.7 | Loss: 0.0176 | Q: 4.38 | Grad: 0.52 | Eps: 0.050 | Time: 0.8s
Ep 2654 | Rw: 23.8 | Loss: 0.0166 | Q: 4.37 | Grad: 0.49 | Eps: 0.050 | Time: 0.8s
Ep 2655 | Rw: 28.8 | Loss: 0.0140 | Q: 4.39 | Grad: 0.48 | Eps: 0.050 | Time: 0.8s
Ep 2656 | Rw: 29.0 | Loss: 0.0200 | Q: 4.40 | Grad: 0.38 | Eps: 0.050 | Time: 0.8s
Ep 2657 | Rw: 3.8 | Loss: 0.0113 | Q: 4.37 | Grad: 0.47 | Eps: 0.050 | Time: 0.8s
Ep 2658 | Rw: 31.9 | Loss: 0.0178 | Q: 4.37 | Grad: 0.43 | Eps: 0.050 | Time: 0.8s
Ep 2659 | Rw: 24.7 | Loss: 0.0132 | Q: 4.39 | Grad: 0.41 | Eps: 0.050 | Time: 0.8s
Ep 2660 | Rw: 20.2 | Loss: 0.0170 | Q: 4.38 | Grad: 0.43 | Eps: 0.050 | Time: 0.8s
Ep 2661 | Rw: 113.9 | Loss: 0.0163 | Q: 4.39 | Grad: 0.49 | Eps: 0.050 | Time: 0.6s
Ep 2662 | Rw: 20.2 | Loss: 0.0158 | Q: 4.38 | Grad: 0.49 | Eps: 0.050 | Time: 0.8s
Ep 2663 | Rw: 26.0 | Loss: 0.0186 | Q: 4.39 | Grad: 0.41 | Eps: 0.050 | Time: 0.8s
Ep 2664 | Rw: 29.8 | Loss: 0.0140 | Q: 4.40 | Grad: 0.41 | Eps: 0.050 | Time: 0.8s
Ep 2665 | Rw: 29.0 | Loss: 0.0147 | Q: 4.38 | Grad: 0.50 | Eps: 0.050 | Time: 1.7s
Ep 2666 | Rw: 23.6 | Loss: 0.0132 | Q: 4.40 | Grad: 0.43 | Eps: 0.050 | Time: 0.8s
Ep 2667 | Rw: 24.3 | Loss: 0.0155 | Q: 4.41 | Grad: 0.47 | Eps: 0.050 | Time: 0.8s
Ep 2668 | Rw: 17.1 | Loss: 0.0150 | Q: 4.41 | Grad: 0.40 | Eps: 0.050 | Time: 0.8s
Ep 2669 | Rw: 32.0 | Loss: 0.0154 | Q: 4.43 | Grad: 0.44 | Eps: 0.050 | Time: 0.8s
Ep 2670 | Rw: 118.5 | Loss: 0.0160 | Q: 4.41 | Grad: 0.47 | Eps: 0.050 | Time: 0.7s
Ep 2671 | Rw: 109.7 | Loss: 0.0108 | Q: 4.41 | Grad: 0.40 | Eps: 0.050 | Time: 0.4s
Ep 2672 | Rw: 17.5 | Loss: 0.0183 | Q: 4.42 | Grad: 0.50 | Eps: 0.050 | Time: 0.8s
Ep 2673 | Rw: 28.4 | Loss: 0.0232 | Q: 4.40 | Grad: 0.51 | Eps: 0.050 | Time: 0.8s
Ep 2674 | Rw: 35.6 | Loss: 0.0123 | Q: 4.41 | Grad: 0.50 | Eps: 0.050 | Time: 0.8s
Ep 2675 | Rw: 35.3 | Loss: 0.0169 | Q: 4.42 | Grad: 0.50 | Eps: 0.050 | Time: 0.8s
Ep 2676 | Rw: 21.5 | Loss: 0.0124 | Q: 4.41 | Grad: 0.39 | Eps: 0.050 | Time: 0.8s
Ep 2677 | Rw: 113.4 | Loss: 0.0183 | Q: 4.42 | Grad: 0.39 | Eps: 0.050 | Time: 0.8s
Ep 2678 | Rw: 100.0 | Loss: 0.0122 | Q: 4.41 | Grad: 0.49 | Eps: 0.050 | Time: 0.5s
Ep 2679 | Rw: 18.5 | Loss: 0.0173 | Q: 4.42 | Grad: 0.50 | Eps: 0.050 | Time: 0.8s
Ep 2680 | Rw: 112.3 | Loss: 0.0180 | Q: 4.43 | Grad: 0.47 | Eps: 0.050 | Time: 0.6s
Ep 2681 | Rw: -9.5 | Loss: 0.0202 | Q: 4.41 | Grad: 0.54 | Eps: 0.050 | Time: 0.8s
Ep 2682 | Rw: 31.6 | Loss: 0.0201 | Q: 4.42 | Grad: 0.53 | Eps: 0.050 | Time: 0.8s
Ep 2683 | Rw: 31.3 | Loss: 0.0155 | Q: 4.41 | Grad: 0.45 | Eps: 0.050 | Time: 0.8s
Ep 2684 | Rw: 8.1 | Loss: 0.0187 | Q: 4.41 | Grad: 0.47 | Eps: 0.050 | Time: 0.8s
Ep 2685 | Rw: -11.4 | Loss: 0.0185 | Q: 4.43 | Grad: 0.48 | Eps: 0.050 | Time: 0.8s
Ep 2686 | Rw: 21.6 | Loss: 0.0133 | Q: 4.42 | Grad: 0.56 | Eps: 0.050 | Time: 0.8s
Ep 2687 | Rw: 32.2 | Loss: 0.0158 | Q: 4.41 | Grad: 0.49 | Eps: 0.050 | Time: 0.8s
Ep 2688 | Rw: 23.6 | Loss: 0.0174 | Q: 4.42 | Grad: 0.53 | Eps: 0.050 | Time: 0.8s
Ep 2689 | Rw: 19.1 | Loss: 0.0130 | Q: 4.43 | Grad: 0.49 | Eps: 0.050 | Time: 0.8s
Ep 2690 | Rw: 27.7 | Loss: 0.0210 | Q: 4.44 | Grad: 0.52 | Eps: 0.050 | Time: 0.8s
Ep 2691 | Rw: 29.2 | Loss: 0.0152 | Q: 4.43 | Grad: 0.50 | Eps: 0.050 | Time: 0.8s
Ep 2692 | Rw: 24.2 | Loss: 0.0138 | Q: 4.44 | Grad: 0.50 | Eps: 0.050 | Time: 0.8s
Ep 2693 | Rw: 33.4 | Loss: 0.0177 | Q: 4.42 | Grad: 0.50 | Eps: 0.050 | Time: 0.8s
Ep 2694 | Rw: 108.8 | Loss: 0.0228 | Q: 4.43 | Grad: 0.57 | Eps: 0.050 | Time: 0.4s
Ep 2695 | Rw: 35.0 | Loss: 0.0189 | Q: 4.42 | Grad: 0.49 | Eps: 0.050 | Time: 0.8s
Ep 2696 | Rw: 106.8 | Loss: 0.0145 | Q: 4.41 | Grad: 0.58 | Eps: 0.050 | Time: 0.4s
Ep 2697 | Rw: 33.5 | Loss: 0.0155 | Q: 4.43 | Grad: 0.51 | Eps: 0.050 | Time: 1.7s
Ep 2698 | Rw: 25.6 | Loss: 0.0153 | Q: 4.42 | Grad: 0.49 | Eps: 0.050 | Time: 0.8s
Ep 2699 | Rw: 17.2 | Loss: 0.0161 | Q: 4.42 | Grad: 0.49 | Eps: 0.050 | Time: 0.8s
Ep 2700 | Rw: 19.3 | Loss: 0.0155 | Q: 4.42 | Grad: 0.57 | Eps: 0.050 | Time: 0.8s
  ✓ Saved checkpoint & updated plots in checkpoints/2026-03-12_11-17-00/plots
Ep 2701 | Rw: 18.3 | Loss: 0.0151 | Q: 4.41 | Grad: 0.48 | Eps: 0.050 | Time: 0.8s
Ep 2702 | Rw: 33.8 | Loss: 0.0182 | Q: 4.42 | Grad: 0.57 | Eps: 0.050 | Time: 0.8s
Ep 2703 | Rw: 20.7 | Loss: 0.0120 | Q: 4.41 | Grad: 0.45 | Eps: 0.050 | Time: 0.8s
Ep 2704 | Rw: 115.8 | Loss: 0.0204 | Q: 4.43 | Grad: 0.46 | Eps: 0.050 | Time: 0.6s
Ep 2705 | Rw: 25.6 | Loss: 0.0159 | Q: 4.42 | Grad: 0.42 | Eps: 0.050 | Time: 0.8s
Ep 2706 | Rw: 13.9 | Loss: 0.0152 | Q: 4.42 | Grad: 0.49 | Eps: 0.050 | Time: 0.8s
Ep 2707 | Rw: -15.4 | Loss: 0.0105 | Q: 4.42 | Grad: 0.43 | Eps: 0.050 | Time: 0.8s
Ep 2708 | Rw: 18.9 | Loss: 0.0151 | Q: 4.42 | Grad: 0.46 | Eps: 0.050 | Time: 0.8s
Ep 2709 | Rw: 124.8 | Loss: 0.0134 | Q: 4.42 | Grad: 0.48 | Eps: 0.050 | Time: 0.8s
Ep 2710 | Rw: 32.9 | Loss: 0.0215 | Q: 4.44 | Grad: 0.47 | Eps: 0.050 | Time: 0.8s
Ep 2711 | Rw: 19.0 | Loss: 0.0176 | Q: 4.47 | Grad: 0.47 | Eps: 0.050 | Time: 0.8s
Ep 2712 | Rw: 34.0 | Loss: 0.0158 | Q: 4.46 | Grad: 0.41 | Eps: 0.050 | Time: 0.8s
Ep 2713 | Rw: 10.9 | Loss: 0.0181 | Q: 4.46 | Grad: 0.49 | Eps: 0.050 | Time: 0.8s
Ep 2714 | Rw: 108.5 | Loss: 0.0174 | Q: 4.45 | Grad: 0.45 | Eps: 0.050 | Time: 0.7s
Ep 2715 | Rw: 26.4 | Loss: 0.0250 | Q: 4.44 | Grad: 0.52 | Eps: 0.050 | Time: 0.8s
Ep 2716 | Rw: 22.6 | Loss: 0.0159 | Q: 4.45 | Grad: 0.52 | Eps: 0.050 | Time: 0.8s
Ep 2717 | Rw: 20.0 | Loss: 0.0173 | Q: 4.45 | Grad: 0.49 | Eps: 0.050 | Time: 0.8s
Ep 2718 | Rw: 37.4 | Loss: 0.0148 | Q: 4.46 | Grad: 0.49 | Eps: 0.050 | Time: 0.8s
Ep 2719 | Rw: 28.0 | Loss: 0.0127 | Q: 4.45 | Grad: 0.41 | Eps: 0.050 | Time: 0.8s
Ep 2720 | Rw: 27.0 | Loss: 0.0155 | Q: 4.46 | Grad: 0.49 | Eps: 0.050 | Time: 0.8s
Ep 2721 | Rw: 30.7 | Loss: 0.0110 | Q: 4.45 | Grad: 0.48 | Eps: 0.050 | Time: 0.8s
Ep 2722 | Rw: 19.0 | Loss: 0.0186 | Q: 4.46 | Grad: 0.47 | Eps: 0.050 | Time: 0.8s
Ep 2723 | Rw: 29.9 | Loss: 0.0144 | Q: 4.46 | Grad: 0.46 | Eps: 0.050 | Time: 0.8s
Ep 2724 | Rw: 2.0 | Loss: 0.0138 | Q: 4.46 | Grad: 0.42 | Eps: 0.050 | Time: 0.8s
Ep 2725 | Rw: 32.9 | Loss: 0.0125 | Q: 4.46 | Grad: 0.45 | Eps: 0.050 | Time: 0.8s
Ep 2726 | Rw: 30.3 | Loss: 0.0233 | Q: 4.46 | Grad: 0.50 | Eps: 0.050 | Time: 0.8s
Ep 2727 | Rw: 107.6 | Loss: 0.0106 | Q: 4.45 | Grad: 0.49 | Eps: 0.050 | Time: 1.4s
Ep 2728 | Rw: 125.9 | Loss: 0.0216 | Q: 4.46 | Grad: 0.41 | Eps: 0.050 | Time: 0.8s
Ep 2729 | Rw: 25.5 | Loss: 0.0183 | Q: 4.46 | Grad: 0.41 | Eps: 0.050 | Time: 0.8s
Ep 2730 | Rw: 18.8 | Loss: 0.0162 | Q: 4.47 | Grad: 0.47 | Eps: 0.050 | Time: 0.8s
Ep 2731 | Rw: 26.3 | Loss: 0.0185 | Q: 4.47 | Grad: 0.58 | Eps: 0.050 | Time: 0.8s
Ep 2732 | Rw: 26.3 | Loss: 0.0159 | Q: 4.48 | Grad: 0.44 | Eps: 0.050 | Time: 0.8s
Ep 2733 | Rw: 101.8 | Loss: 0.0243 | Q: 4.47 | Grad: 0.43 | Eps: 0.050 | Time: 0.4s
Ep 2734 | Rw: 22.0 | Loss: 0.0154 | Q: 4.47 | Grad: 0.40 | Eps: 0.050 | Time: 0.8s
Ep 2735 | Rw: 34.1 | Loss: 0.0247 | Q: 4.48 | Grad: 0.47 | Eps: 0.050 | Time: 0.8s
Ep 2736 | Rw: 4.3 | Loss: 0.0165 | Q: 4.47 | Grad: 0.52 | Eps: 0.050 | Time: 0.8s
Ep 2737 | Rw: 22.7 | Loss: 0.0134 | Q: 4.48 | Grad: 0.46 | Eps: 0.050 | Time: 0.8s
Ep 2738 | Rw: 26.2 | Loss: 0.0120 | Q: 4.48 | Grad: 0.51 | Eps: 0.050 | Time: 0.8s
Ep 2739 | Rw: 25.7 | Loss: 0.0124 | Q: 4.46 | Grad: 0.40 | Eps: 0.050 | Time: 0.8s
Ep 2740 | Rw: 105.7 | Loss: 0.0085 | Q: 4.49 | Grad: 0.45 | Eps: 0.050 | Time: 0.4s
Ep 2741 | Rw: 15.1 | Loss: 0.0236 | Q: 4.48 | Grad: 0.45 | Eps: 0.050 | Time: 0.8s
Ep 2742 | Rw: 119.1 | Loss: 0.0114 | Q: 4.47 | Grad: 0.46 | Eps: 0.050 | Time: 0.6s
Ep 2743 | Rw: 18.7 | Loss: 0.0183 | Q: 4.47 | Grad: 0.50 | Eps: 0.050 | Time: 0.8s
Ep 2744 | Rw: 18.8 | Loss: 0.0164 | Q: 4.47 | Grad: 0.43 | Eps: 0.050 | Time: 0.8s
Ep 2745 | Rw: 34.0 | Loss: 0.0161 | Q: 4.47 | Grad: 0.50 | Eps: 0.050 | Time: 0.8s
Ep 2746 | Rw: 128.9 | Loss: 0.0214 | Q: 4.48 | Grad: 0.50 | Eps: 0.050 | Time: 0.7s
Ep 2747 | Rw: 32.4 | Loss: 0.0178 | Q: 4.48 | Grad: 0.45 | Eps: 0.050 | Time: 0.8s
Ep 2748 | Rw: 13.5 | Loss: 0.0116 | Q: 4.47 | Grad: 0.52 | Eps: 0.050 | Time: 0.8s
Ep 2749 | Rw: 28.1 | Loss: 0.0243 | Q: 4.48 | Grad: 0.51 | Eps: 0.050 | Time: 0.8s
Ep 2750 | Rw: 11.6 | Loss: 0.0151 | Q: 4.48 | Grad: 0.45 | Eps: 0.050 | Time: 0.8s
  ✓ Saved checkpoint & updated plots in checkpoints/2026-03-12_11-17-00/plots
Ep 2751 | Rw: 29.5 | Loss: 0.0145 | Q: 4.47 | Grad: 0.47 | Eps: 0.050 | Time: 0.8s
Ep 2752 | Rw: 28.7 | Loss: 0.0155 | Q: 4.47 | Grad: 0.53 | Eps: 0.050 | Time: 0.8s
Ep 2753 | Rw: 23.3 | Loss: 0.0118 | Q: 4.50 | Grad: 0.60 | Eps: 0.050 | Time: 0.8s
Ep 2754 | Rw: 122.6 | Loss: 0.0202 | Q: 4.49 | Grad: 0.52 | Eps: 0.050 | Time: 0.7s
Ep 2755 | Rw: 16.8 | Loss: 0.0215 | Q: 4.49 | Grad: 0.43 | Eps: 0.050 | Time: 0.8s
Ep 2756 | Rw: 28.5 | Loss: 0.0195 | Q: 4.50 | Grad: 0.48 | Eps: 0.050 | Time: 0.8s
Ep 2757 | Rw: 102.8 | Loss: 0.0257 | Q: 4.50 | Grad: 0.51 | Eps: 0.050 | Time: 0.4s
Ep 2758 | Rw: 25.4 | Loss: 0.0198 | Q: 4.48 | Grad: 0.48 | Eps: 0.050 | Time: 1.7s
Ep 2759 | Rw: 30.3 | Loss: 0.0141 | Q: 4.49 | Grad: 0.54 | Eps: 0.050 | Time: 0.8s
Ep 2760 | Rw: 23.5 | Loss: 0.0132 | Q: 4.49 | Grad: 0.52 | Eps: 0.050 | Time: 0.8s
Ep 2761 | Rw: 28.9 | Loss: 0.0145 | Q: 4.49 | Grad: 0.41 | Eps: 0.050 | Time: 0.8s
Ep 2762 | Rw: 21.7 | Loss: 0.0178 | Q: 4.49 | Grad: 0.44 | Eps: 0.050 | Time: 0.8s
Ep 2763 | Rw: 18.8 | Loss: 0.0171 | Q: 4.49 | Grad: 0.48 | Eps: 0.050 | Time: 0.8s
Ep 2764 | Rw: 29.6 | Loss: 0.0217 | Q: 4.52 | Grad: 0.47 | Eps: 0.050 | Time: 0.8s
Ep 2765 | Rw: 17.2 | Loss: 0.0208 | Q: 4.51 | Grad: 0.55 | Eps: 0.050 | Time: 0.8s
Ep 2766 | Rw: 118.9 | Loss: 0.0169 | Q: 4.50 | Grad: 0.49 | Eps: 0.050 | Time: 0.7s
Ep 2767 | Rw: 26.1 | Loss: 0.0177 | Q: 4.49 | Grad: 0.48 | Eps: 0.050 | Time: 0.8s
Ep 2768 | Rw: 28.8 | Loss: 0.0164 | Q: 4.50 | Grad: 0.44 | Eps: 0.050 | Time: 0.8s
Ep 2769 | Rw: 26.8 | Loss: 0.0183 | Q: 4.50 | Grad: 0.41 | Eps: 0.050 | Time: 0.8s
Ep 2770 | Rw: 32.1 | Loss: 0.0152 | Q: 4.50 | Grad: 0.49 | Eps: 0.050 | Time: 0.8s
Ep 2771 | Rw: 28.0 | Loss: 0.0130 | Q: 4.49 | Grad: 0.48 | Eps: 0.050 | Time: 0.8s
Ep 2772 | Rw: 29.6 | Loss: 0.0157 | Q: 4.49 | Grad: 0.58 | Eps: 0.050 | Time: 0.8s
Ep 2773 | Rw: 15.4 | Loss: 0.0191 | Q: 4.49 | Grad: 0.49 | Eps: 0.050 | Time: 0.8s
Ep 2774 | Rw: 30.3 | Loss: 0.0172 | Q: 4.52 | Grad: 0.54 | Eps: 0.050 | Time: 0.8s
Ep 2775 | Rw: 34.7 | Loss: 0.0253 | Q: 4.53 | Grad: 0.45 | Eps: 0.050 | Time: 0.8s
Ep 2776 | Rw: 124.0 | Loss: 0.0155 | Q: 4.51 | Grad: 0.52 | Eps: 0.050 | Time: 0.7s
Ep 2777 | Rw: 11.3 | Loss: 0.0151 | Q: 4.50 | Grad: 0.53 | Eps: 0.050 | Time: 0.8s
Ep 2778 | Rw: 22.1 | Loss: 0.0169 | Q: 4.53 | Grad: 0.54 | Eps: 0.050 | Time: 0.8s
Ep 2779 | Rw: 15.4 | Loss: 0.0135 | Q: 4.51 | Grad: 0.50 | Eps: 0.050 | Time: 0.8s
Ep 2780 | Rw: 22.0 | Loss: 0.0140 | Q: 4.52 | Grad: 0.42 | Eps: 0.050 | Time: 0.8s
Ep 2781 | Rw: 29.9 | Loss: 0.0184 | Q: 4.52 | Grad: 0.46 | Eps: 0.050 | Time: 0.8s
Ep 2782 | Rw: 35.9 | Loss: 0.0216 | Q: 4.52 | Grad: 0.47 | Eps: 0.050 | Time: 0.8s
Ep 2783 | Rw: 97.8 | Loss: 0.0108 | Q: 4.52 | Grad: 0.48 | Eps: 0.050 | Time: 0.4s
Ep 2784 | Rw: 23.6 | Loss: 0.0152 | Q: 4.53 | Grad: 0.53 | Eps: 0.050 | Time: 0.8s
Ep 2785 | Rw: 31.3 | Loss: 0.0142 | Q: 4.51 | Grad: 0.43 | Eps: 0.050 | Time: 0.8s
Ep 2786 | Rw: 29.9 | Loss: 0.0197 | Q: 4.52 | Grad: 0.40 | Eps: 0.050 | Time: 0.8s
Ep 2787 | Rw: 32.1 | Loss: 0.0234 | Q: 4.51 | Grad: 0.49 | Eps: 0.050 | Time: 0.8s
Ep 2788 | Rw: 6.8 | Loss: 0.0179 | Q: 4.51 | Grad: 0.48 | Eps: 0.050 | Time: 0.8s
Ep 2789 | Rw: 23.8 | Loss: 0.0161 | Q: 4.54 | Grad: 0.42 | Eps: 0.050 | Time: 0.8s
Ep 2790 | Rw: 22.2 | Loss: 0.0146 | Q: 4.51 | Grad: 0.58 | Eps: 0.050 | Time: 0.8s
Ep 2791 | Rw: 32.0 | Loss: 0.0147 | Q: 4.51 | Grad: 0.47 | Eps: 0.050 | Time: 1.7s
Ep 2792 | Rw: 24.1 | Loss: 0.0192 | Q: 4.51 | Grad: 0.55 | Eps: 0.050 | Time: 0.8s
Ep 2793 | Rw: 22.7 | Loss: 0.0178 | Q: 4.52 | Grad: 0.48 | Eps: 0.050 | Time: 0.8s
Ep 2794 | Rw: 25.6 | Loss: 0.0160 | Q: 4.52 | Grad: 0.44 | Eps: 0.050 | Time: 0.8s
Ep 2795 | Rw: 29.7 | Loss: 0.0222 | Q: 4.56 | Grad: 0.48 | Eps: 0.050 | Time: 0.9s
Ep 2796 | Rw: 23.8 | Loss: 0.0163 | Q: 4.55 | Grad: 0.52 | Eps: 0.050 | Time: 0.8s
Ep 2797 | Rw: 16.0 | Loss: 0.0179 | Q: 4.55 | Grad: 0.51 | Eps: 0.050 | Time: 0.8s
Ep 2798 | Rw: 34.8 | Loss: 0.0164 | Q: 4.55 | Grad: 0.50 | Eps: 0.050 | Time: 0.8s
Ep 2799 | Rw: 123.6 | Loss: 0.0141 | Q: 4.55 | Grad: 0.49 | Eps: 0.050 | Time: 0.8s
Ep 2800 | Rw: 28.0 | Loss: 0.0190 | Q: 4.55 | Grad: 0.48 | Eps: 0.050 | Time: 0.8s
  ✓ Saved checkpoint & updated plots in checkpoints/2026-03-12_11-17-00/plots
Ep 2801 | Rw: 26.1 | Loss: 0.0163 | Q: 4.56 | Grad: 0.49 | Eps: 0.050 | Time: 0.8s
Ep 2802 | Rw: 26.7 | Loss: 0.0148 | Q: 4.55 | Grad: 0.49 | Eps: 0.050 | Time: 0.8s
Ep 2803 | Rw: 116.6 | Loss: 0.0153 | Q: 4.55 | Grad: 0.52 | Eps: 0.050 | Time: 0.5s
Ep 2804 | Rw: 108.3 | Loss: 0.0199 | Q: 4.55 | Grad: 0.48 | Eps: 0.050 | Time: 0.7s
Ep 2805 | Rw: 27.5 | Loss: 0.0197 | Q: 4.55 | Grad: 0.51 | Eps: 0.050 | Time: 0.8s
Ep 2806 | Rw: 24.4 | Loss: 0.0180 | Q: 4.53 | Grad: 0.49 | Eps: 0.050 | Time: 0.8s
Ep 2807 | Rw: 15.1 | Loss: 0.0215 | Q: 4.56 | Grad: 0.63 | Eps: 0.050 | Time: 0.8s
Ep 2808 | Rw: 23.1 | Loss: 0.0241 | Q: 4.56 | Grad: 0.45 | Eps: 0.050 | Time: 0.8s
Ep 2809 | Rw: 24.6 | Loss: 0.0185 | Q: 4.56 | Grad: 0.48 | Eps: 0.050 | Time: 0.8s
Ep 2810 | Rw: 12.7 | Loss: 0.0174 | Q: 4.56 | Grad: 0.45 | Eps: 0.050 | Time: 0.8s
Ep 2811 | Rw: 23.3 | Loss: 0.0165 | Q: 4.57 | Grad: 0.42 | Eps: 0.050 | Time: 0.8s
Ep 2812 | Rw: 17.4 | Loss: 0.0126 | Q: 4.55 | Grad: 0.45 | Eps: 0.050 | Time: 0.8s
Ep 2813 | Rw: 20.9 | Loss: 0.0103 | Q: 4.54 | Grad: 0.42 | Eps: 0.050 | Time: 0.8s
Ep 2814 | Rw: 22.7 | Loss: 0.0193 | Q: 4.54 | Grad: 0.49 | Eps: 0.050 | Time: 0.8s
Ep 2815 | Rw: 14.2 | Loss: 0.0178 | Q: 4.58 | Grad: 0.48 | Eps: 0.050 | Time: 0.8s
Ep 2816 | Rw: 34.7 | Loss: 0.0156 | Q: 4.62 | Grad: 0.39 | Eps: 0.050 | Time: 0.8s
Ep 2817 | Rw: -36.0 | Loss: 0.0113 | Q: 4.60 | Grad: 0.38 | Eps: 0.050 | Time: 0.8s
Ep 2818 | Rw: 37.1 | Loss: 0.0150 | Q: 4.58 | Grad: 0.47 | Eps: 0.050 | Time: 0.8s
Ep 2819 | Rw: 23.4 | Loss: 0.0185 | Q: 4.60 | Grad: 0.36 | Eps: 0.050 | Time: 0.8s
Ep 2820 | Rw: 35.6 | Loss: 0.0153 | Q: 4.60 | Grad: 0.44 | Eps: 0.050 | Time: 0.8s
Ep 2821 | Rw: 30.2 | Loss: 0.0129 | Q: 4.59 | Grad: 0.49 | Eps: 0.050 | Time: 0.8s
Ep 2822 | Rw: 29.9 | Loss: 0.0174 | Q: 4.59 | Grad: 0.41 | Eps: 0.050 | Time: 1.7s
Ep 2823 | Rw: 29.6 | Loss: 0.0166 | Q: 4.60 | Grad: 0.47 | Eps: 0.050 | Time: 0.8s
Ep 2824 | Rw: 39.1 | Loss: 0.0155 | Q: 4.60 | Grad: 0.37 | Eps: 0.050 | Time: 0.8s
Ep 2825 | Rw: 11.4 | Loss: 0.0176 | Q: 4.60 | Grad: 0.40 | Eps: 0.050 | Time: 0.8s
Ep 2826 | Rw: 34.7 | Loss: 0.0154 | Q: 4.61 | Grad: 0.47 | Eps: 0.050 | Time: 0.8s
Ep 2827 | Rw: 32.2 | Loss: 0.0136 | Q: 4.61 | Grad: 0.46 | Eps: 0.050 | Time: 0.8s
Ep 2828 | Rw: 111.0 | Loss: 0.0194 | Q: 4.60 | Grad: 0.45 | Eps: 0.050 | Time: 0.6s
Ep 2829 | Rw: 2.2 | Loss: 0.0098 | Q: 4.60 | Grad: 0.40 | Eps: 0.050 | Time: 0.8s
Ep 2830 | Rw: 17.0 | Loss: 0.0203 | Q: 4.60 | Grad: 0.45 | Eps: 0.050 | Time: 0.8s
Ep 2831 | Rw: 29.8 | Loss: 0.0206 | Q: 4.60 | Grad: 0.52 | Eps: 0.050 | Time: 0.8s
Ep 2832 | Rw: -4.6 | Loss: 0.0143 | Q: 4.60 | Grad: 0.43 | Eps: 0.050 | Time: 0.8s
Ep 2833 | Rw: 21.4 | Loss: 0.0162 | Q: 4.61 | Grad: 0.48 | Eps: 0.050 | Time: 0.8s
Ep 2834 | Rw: 30.3 | Loss: 0.0115 | Q: 4.58 | Grad: 0.49 | Eps: 0.050 | Time: 0.9s
Ep 2835 | Rw: 29.0 | Loss: 0.0179 | Q: 4.61 | Grad: 0.42 | Eps: 0.050 | Time: 0.8s
Ep 2836 | Rw: 111.1 | Loss: 0.0232 | Q: 4.66 | Grad: 0.50 | Eps: 0.050 | Time: 0.7s
Ep 2837 | Rw: 23.5 | Loss: 0.0187 | Q: 4.65 | Grad: 0.49 | Eps: 0.050 | Time: 0.8s
Ep 2838 | Rw: 24.8 | Loss: 0.0169 | Q: 4.66 | Grad: 0.42 | Eps: 0.050 | Time: 0.8s
Ep 2839 | Rw: 31.7 | Loss: 0.0175 | Q: 4.65 | Grad: 0.41 | Eps: 0.050 | Time: 0.8s
Ep 2840 | Rw: 0.5 | Loss: 0.0211 | Q: 4.65 | Grad: 0.47 | Eps: 0.050 | Time: 0.8s
Ep 2841 | Rw: 25.8 | Loss: 0.0201 | Q: 4.66 | Grad: 0.47 | Eps: 0.050 | Time: 0.8s
Ep 2842 | Rw: 35.0 | Loss: 0.0195 | Q: 4.66 | Grad: 0.47 | Eps: 0.050 | Time: 0.8s
Ep 2843 | Rw: 30.5 | Loss: 0.0209 | Q: 4.65 | Grad: 0.48 | Eps: 0.050 | Time: 0.8s
Ep 2844 | Rw: 29.7 | Loss: 0.0146 | Q: 4.65 | Grad: 0.52 | Eps: 0.050 | Time: 0.8s
Ep 2845 | Rw: 11.4 | Loss: 0.0195 | Q: 4.66 | Grad: 0.48 | Eps: 0.050 | Time: 0.8s
Ep 2846 | Rw: 3.2 | Loss: 0.0149 | Q: 4.66 | Grad: 0.42 | Eps: 0.050 | Time: 0.8s
Ep 2847 | Rw: 26.3 | Loss: 0.0146 | Q: 4.64 | Grad: 0.48 | Eps: 0.050 | Time: 0.8s
Ep 2848 | Rw: -0.4 | Loss: 0.0159 | Q: 4.64 | Grad: 0.46 | Eps: 0.050 | Time: 0.8s
Ep 2849 | Rw: 20.9 | Loss: 0.0114 | Q: 4.65 | Grad: 0.47 | Eps: 0.050 | Time: 0.8s
Ep 2850 | Rw: 32.6 | Loss: 0.0176 | Q: 4.65 | Grad: 0.48 | Eps: 0.050 | Time: 0.8s
  ✓ Saved checkpoint & updated plots in checkpoints/2026-03-12_11-17-00/plots
Ep 2851 | Rw: 21.6 | Loss: 0.0128 | Q: 4.65 | Grad: 0.43 | Eps: 0.050 | Time: 0.8s
Ep 2852 | Rw: 34.6 | Loss: 0.0181 | Q: 4.65 | Grad: 0.44 | Eps: 0.050 | Time: 0.8s
Ep 2853 | Rw: -1.1 | Loss: 0.0160 | Q: 4.65 | Grad: 0.46 | Eps: 0.050 | Time: 0.8s
Ep 2854 | Rw: 30.6 | Loss: 0.0173 | Q: 4.64 | Grad: 0.42 | Eps: 0.050 | Time: 1.7s
Ep 2855 | Rw: 121.8 | Loss: 0.0208 | Q: 4.63 | Grad: 0.51 | Eps: 0.050 | Time: 0.7s
Ep 2856 | Rw: 31.4 | Loss: 0.0156 | Q: 4.67 | Grad: 0.42 | Eps: 0.050 | Time: 0.8s
Ep 2857 | Rw: 32.2 | Loss: 0.0110 | Q: 4.69 | Grad: 0.45 | Eps: 0.050 | Time: 0.8s
Ep 2858 | Rw: 29.2 | Loss: 0.0201 | Q: 4.69 | Grad: 0.56 | Eps: 0.050 | Time: 0.8s
Ep 2859 | Rw: 32.3 | Loss: 0.0193 | Q: 4.69 | Grad: 0.49 | Eps: 0.050 | Time: 0.8s
Ep 2860 | Rw: 106.8 | Loss: 0.0195 | Q: 4.69 | Grad: 0.49 | Eps: 0.050 | Time: 0.5s
Ep 2861 | Rw: 34.3 | Loss: 0.0094 | Q: 4.69 | Grad: 0.47 | Eps: 0.050 | Time: 0.8s
Ep 2862 | Rw: 12.6 | Loss: 0.0170 | Q: 4.71 | Grad: 0.45 | Eps: 0.050 | Time: 0.8s
Ep 2863 | Rw: 24.0 | Loss: 0.0157 | Q: 4.70 | Grad: 0.51 | Eps: 0.050 | Time: 0.8s
Ep 2864 | Rw: 21.5 | Loss: 0.0101 | Q: 4.68 | Grad: 0.42 | Eps: 0.050 | Time: 0.8s
Ep 2865 | Rw: 8.3 | Loss: 0.0125 | Q: 4.70 | Grad: 0.51 | Eps: 0.050 | Time: 0.8s
Ep 2866 | Rw: 108.0 | Loss: 0.0128 | Q: 4.69 | Grad: 0.46 | Eps: 0.050 | Time: 0.5s
Ep 2867 | Rw: 22.6 | Loss: 0.0167 | Q: 4.70 | Grad: 0.51 | Eps: 0.050 | Time: 0.8s
Ep 2868 | Rw: 21.7 | Loss: 0.0129 | Q: 4.68 | Grad: 0.53 | Eps: 0.050 | Time: 0.8s
Ep 2869 | Rw: 106.9 | Loss: 0.0180 | Q: 4.67 | Grad: 0.70 | Eps: 0.050 | Time: 0.4s
Ep 2870 | Rw: 20.6 | Loss: 0.0191 | Q: 4.68 | Grad: 0.55 | Eps: 0.050 | Time: 0.8s
Ep 2871 | Rw: 20.5 | Loss: 0.0159 | Q: 4.70 | Grad: 0.49 | Eps: 0.050 | Time: 0.8s
Ep 2872 | Rw: 34.5 | Loss: 0.0160 | Q: 4.71 | Grad: 0.46 | Eps: 0.050 | Time: 0.8s
Ep 2873 | Rw: 25.5 | Loss: 0.0163 | Q: 4.70 | Grad: 0.42 | Eps: 0.050 | Time: 0.8s
Ep 2874 | Rw: 19.4 | Loss: 0.0193 | Q: 4.70 | Grad: 0.46 | Eps: 0.050 | Time: 0.8s
Ep 2875 | Rw: 35.9 | Loss: 0.0166 | Q: 4.70 | Grad: 0.50 | Eps: 0.050 | Time: 0.8s
Ep 2876 | Rw: 33.2 | Loss: 0.0151 | Q: 4.69 | Grad: 0.47 | Eps: 0.050 | Time: 0.8s
Ep 2877 | Rw: 28.7 | Loss: 0.0148 | Q: 4.69 | Grad: 0.54 | Eps: 0.050 | Time: 0.8s
Ep 2878 | Rw: 26.2 | Loss: 0.0174 | Q: 4.72 | Grad: 0.56 | Eps: 0.050 | Time: 0.8s
Ep 2879 | Rw: 24.0 | Loss: 0.0166 | Q: 4.73 | Grad: 0.48 | Eps: 0.050 | Time: 0.8s
Ep 2880 | Rw: 112.8 | Loss: 0.0211 | Q: 4.73 | Grad: 0.49 | Eps: 0.050 | Time: 0.7s
Ep 2881 | Rw: 33.7 | Loss: 0.0225 | Q: 4.73 | Grad: 0.51 | Eps: 0.050 | Time: 0.8s
Ep 2882 | Rw: 28.8 | Loss: 0.0174 | Q: 4.73 | Grad: 0.46 | Eps: 0.050 | Time: 0.8s
Ep 2883 | Rw: 30.7 | Loss: 0.0227 | Q: 4.73 | Grad: 0.52 | Eps: 0.050 | Time: 0.8s
Ep 2884 | Rw: 128.4 | Loss: 0.0127 | Q: 4.73 | Grad: 0.50 | Eps: 0.050 | Time: 0.7s
Ep 2885 | Rw: 32.6 | Loss: 0.0168 | Q: 4.73 | Grad: 0.52 | Eps: 0.050 | Time: 0.8s
Ep 2886 | Rw: 28.5 | Loss: 0.0192 | Q: 4.73 | Grad: 0.48 | Eps: 0.050 | Time: 0.8s
Ep 2887 | Rw: 115.5 | Loss: 0.0190 | Q: 4.74 | Grad: 0.54 | Eps: 0.050 | Time: 0.6s
Ep 2888 | Rw: 30.6 | Loss: 0.0187 | Q: 4.73 | Grad: 0.62 | Eps: 0.050 | Time: 1.7s
Ep 2889 | Rw: 14.9 | Loss: 0.0167 | Q: 4.73 | Grad: 0.51 | Eps: 0.050 | Time: 0.8s
Ep 2890 | Rw: 12.7 | Loss: 0.0210 | Q: 4.72 | Grad: 0.49 | Eps: 0.050 | Time: 0.8s
Ep 2891 | Rw: 35.2 | Loss: 0.0132 | Q: 4.73 | Grad: 0.51 | Eps: 0.050 | Time: 0.8s
Ep 2892 | Rw: 22.7 | Loss: 0.0209 | Q: 4.74 | Grad: 0.49 | Eps: 0.050 | Time: 0.8s
Ep 2893 | Rw: 33.8 | Loss: 0.0158 | Q: 4.73 | Grad: 0.57 | Eps: 0.050 | Time: 0.8s
Ep 2894 | Rw: 30.9 | Loss: 0.0140 | Q: 4.73 | Grad: 0.53 | Eps: 0.050 | Time: 0.8s
Ep 2895 | Rw: 32.2 | Loss: 0.0217 | Q: 4.73 | Grad: 0.52 | Eps: 0.050 | Time: 0.8s
Ep 2896 | Rw: 31.8 | Loss: 0.0104 | Q: 4.74 | Grad: 0.50 | Eps: 0.050 | Time: 0.8s
Ep 2897 | Rw: 29.8 | Loss: 0.0150 | Q: 4.74 | Grad: 0.49 | Eps: 0.050 | Time: 0.8s
Ep 2898 | Rw: 20.7 | Loss: 0.0157 | Q: 4.73 | Grad: 0.51 | Eps: 0.050 | Time: 0.8s
Ep 2899 | Rw: 108.4 | Loss: 0.0191 | Q: 4.74 | Grad: 0.44 | Eps: 0.050 | Time: 0.5s
Ep 2900 | Rw: 34.8 | Loss: 0.0163 | Q: 4.76 | Grad: 0.50 | Eps: 0.050 | Time: 0.8s
  ✓ Saved checkpoint & updated plots in checkpoints/2026-03-12_11-17-00/plots
Ep 2901 | Rw: 121.6 | Loss: 0.0128 | Q: 4.76 | Grad: 0.54 | Eps: 0.050 | Time: 0.7s
Ep 2902 | Rw: 118.6 | Loss: 0.0209 | Q: 4.77 | Grad: 0.54 | Eps: 0.050 | Time: 0.7s
Ep 2903 | Rw: 32.0 | Loss: 0.0168 | Q: 4.76 | Grad: 0.49 | Eps: 0.050 | Time: 0.8s
Ep 2904 | Rw: 13.8 | Loss: 0.0149 | Q: 4.76 | Grad: 0.54 | Eps: 0.050 | Time: 0.8s
Ep 2905 | Rw: 28.2 | Loss: 0.0166 | Q: 4.76 | Grad: 0.49 | Eps: 0.050 | Time: 0.8s
Ep 2906 | Rw: -17.4 | Loss: 0.0138 | Q: 4.76 | Grad: 0.51 | Eps: 0.050 | Time: 0.8s
Ep 2907 | Rw: 24.3 | Loss: 0.0165 | Q: 4.75 | Grad: 0.50 | Eps: 0.050 | Time: 0.8s
Ep 2908 | Rw: 21.3 | Loss: 0.0198 | Q: 4.75 | Grad: 0.51 | Eps: 0.050 | Time: 0.8s
Ep 2909 | Rw: 22.7 | Loss: 0.0162 | Q: 4.74 | Grad: 0.49 | Eps: 0.050 | Time: 0.8s
Ep 2910 | Rw: 126.5 | Loss: 0.0200 | Q: 4.75 | Grad: 0.52 | Eps: 0.050 | Time: 0.7s
Ep 2911 | Rw: 11.5 | Loss: 0.0162 | Q: 4.75 | Grad: 0.49 | Eps: 0.050 | Time: 0.8s
Ep 2912 | Rw: 124.6 | Loss: 0.0122 | Q: 4.76 | Grad: 0.55 | Eps: 0.050 | Time: 0.7s
Ep 2913 | Rw: 13.9 | Loss: 0.0157 | Q: 4.76 | Grad: 0.46 | Eps: 0.050 | Time: 0.8s
Ep 2914 | Rw: 0.5 | Loss: 0.0260 | Q: 4.76 | Grad: 0.55 | Eps: 0.050 | Time: 0.8s
Ep 2915 | Rw: 22.8 | Loss: 0.0197 | Q: 4.75 | Grad: 0.58 | Eps: 0.050 | Time: 0.8s
Ep 2916 | Rw: 32.1 | Loss: 0.0212 | Q: 4.75 | Grad: 0.54 | Eps: 0.050 | Time: 0.8s
Ep 2917 | Rw: 30.7 | Loss: 0.0199 | Q: 4.76 | Grad: 0.55 | Eps: 0.050 | Time: 0.8s
Ep 2918 | Rw: 132.3 | Loss: 0.0127 | Q: 4.76 | Grad: 0.53 | Eps: 0.050 | Time: 0.8s
Ep 2919 | Rw: 111.3 | Loss: 0.0172 | Q: 4.76 | Grad: 0.61 | Eps: 0.050 | Time: 0.7s
Ep 2920 | Rw: 32.0 | Loss: 0.0143 | Q: 4.79 | Grad: 0.51 | Eps: 0.050 | Time: 1.7s
Ep 2921 | Rw: 22.3 | Loss: 0.0172 | Q: 4.80 | Grad: 0.48 | Eps: 0.050 | Time: 0.8s
Ep 2922 | Rw: 31.9 | Loss: 0.0140 | Q: 4.80 | Grad: 0.44 | Eps: 0.050 | Time: 0.8s
Ep 2923 | Rw: 25.0 | Loss: 0.0125 | Q: 4.80 | Grad: 0.41 | Eps: 0.050 | Time: 0.8s
Ep 2924 | Rw: 20.4 | Loss: 0.0141 | Q: 4.80 | Grad: 0.43 | Eps: 0.050 | Time: 0.8s
Ep 2925 | Rw: 15.4 | Loss: 0.0237 | Q: 4.80 | Grad: 0.54 | Eps: 0.050 | Time: 0.8s
Ep 2926 | Rw: 27.8 | Loss: 0.0168 | Q: 4.80 | Grad: 0.58 | Eps: 0.050 | Time: 0.8s
Ep 2927 | Rw: 4.9 | Loss: 0.0176 | Q: 4.79 | Grad: 0.41 | Eps: 0.050 | Time: 0.8s
Ep 2928 | Rw: 17.7 | Loss: 0.0202 | Q: 4.80 | Grad: 0.46 | Eps: 0.050 | Time: 0.8s
Ep 2929 | Rw: 22.2 | Loss: 0.0169 | Q: 4.81 | Grad: 0.40 | Eps: 0.050 | Time: 0.8s
Ep 2930 | Rw: 110.5 | Loss: 0.0143 | Q: 4.79 | Grad: 0.47 | Eps: 0.050 | Time: 0.5s
Ep 2931 | Rw: 34.8 | Loss: 0.0153 | Q: 4.80 | Grad: 0.42 | Eps: 0.050 | Time: 0.8s
Ep 2932 | Rw: 28.8 | Loss: 0.0201 | Q: 4.79 | Grad: 0.49 | Eps: 0.050 | Time: 0.8s
Ep 2933 | Rw: 22.7 | Loss: 0.0137 | Q: 4.80 | Grad: 0.47 | Eps: 0.050 | Time: 0.8s
Ep 2934 | Rw: 29.1 | Loss: 0.0215 | Q: 4.81 | Grad: 0.46 | Eps: 0.050 | Time: 0.8s
Ep 2935 | Rw: 117.1 | Loss: 0.0195 | Q: 4.80 | Grad: 0.54 | Eps: 0.050 | Time: 0.7s
Ep 2936 | Rw: 31.6 | Loss: 0.0182 | Q: 4.79 | Grad: 0.53 | Eps: 0.050 | Time: 0.8s
Ep 2937 | Rw: 116.6 | Loss: 0.0170 | Q: 4.81 | Grad: 0.44 | Eps: 0.050 | Time: 0.6s
Ep 2938 | Rw: 19.2 | Loss: 0.0190 | Q: 4.82 | Grad: 0.47 | Eps: 0.050 | Time: 0.8s
Ep 2939 | Rw: 109.7 | Loss: 0.0143 | Q: 4.80 | Grad: 0.42 | Eps: 0.050 | Time: 0.5s
Ep 2940 | Rw: 35.0 | Loss: 0.0222 | Q: 4.80 | Grad: 0.54 | Eps: 0.050 | Time: 0.8s
Ep 2941 | Rw: 33.7 | Loss: 0.0191 | Q: 4.80 | Grad: 0.48 | Eps: 0.050 | Time: 0.8s
Ep 2942 | Rw: 1.8 | Loss: 0.0172 | Q: 4.84 | Grad: 0.47 | Eps: 0.050 | Time: 0.8s
Ep 2943 | Rw: 24.1 | Loss: 0.0157 | Q: 4.83 | Grad: 0.44 | Eps: 0.050 | Time: 0.8s
Ep 2944 | Rw: 15.7 | Loss: 0.0146 | Q: 4.83 | Grad: 0.43 | Eps: 0.050 | Time: 0.8s
Ep 2945 | Rw: 25.2 | Loss: 0.0152 | Q: 4.82 | Grad: 0.48 | Eps: 0.050 | Time: 0.8s
Ep 2946 | Rw: 28.8 | Loss: 0.0128 | Q: 4.83 | Grad: 0.51 | Eps: 0.050 | Time: 0.8s
Ep 2947 | Rw: 29.2 | Loss: 0.0212 | Q: 4.83 | Grad: 0.47 | Eps: 0.050 | Time: 0.8s
Ep 2948 | Rw: 30.2 | Loss: 0.0176 | Q: 4.85 | Grad: 0.42 | Eps: 0.050 | Time: 0.8s
Ep 2949 | Rw: 30.4 | Loss: 0.0184 | Q: 4.84 | Grad: 0.45 | Eps: 0.050 | Time: 0.8s
Ep 2950 | Rw: 117.8 | Loss: 0.0170 | Q: 4.83 | Grad: 0.46 | Eps: 0.050 | Time: 0.6s
  ✓ Saved checkpoint & updated plots in checkpoints/2026-03-12_11-17-00/plots
Ep 2951 | Rw: 33.1 | Loss: 0.0135 | Q: 4.82 | Grad: 0.48 | Eps: 0.050 | Time: 0.8s
Ep 2952 | Rw: 27.1 | Loss: 0.0187 | Q: 4.82 | Grad: 0.49 | Eps: 0.050 | Time: 1.8s
Ep 2953 | Rw: 29.6 | Loss: 0.0214 | Q: 4.83 | Grad: 0.46 | Eps: 0.050 | Time: 0.8s
Ep 2954 | Rw: 29.4 | Loss: 0.0179 | Q: 4.84 | Grad: 0.43 | Eps: 0.050 | Time: 0.8s
Ep 2955 | Rw: 27.5 | Loss: 0.0197 | Q: 4.84 | Grad: 0.44 | Eps: 0.050 | Time: 0.8s
Ep 2956 | Rw: 27.2 | Loss: 0.0173 | Q: 4.83 | Grad: 0.55 | Eps: 0.050 | Time: 0.8s
Ep 2957 | Rw: 17.8 | Loss: 0.0178 | Q: 4.83 | Grad: 0.51 | Eps: 0.050 | Time: 0.8s
Ep 2958 | Rw: 25.0 | Loss: 0.0165 | Q: 4.83 | Grad: 0.51 | Eps: 0.050 | Time: 0.8s
Ep 2959 | Rw: 17.7 | Loss: 0.0127 | Q: 4.82 | Grad: 0.49 | Eps: 0.050 | Time: 0.8s
Ep 2960 | Rw: 7.1 | Loss: 0.0164 | Q: 4.83 | Grad: 0.40 | Eps: 0.050 | Time: 0.8s
Ep 2961 | Rw: 116.1 | Loss: 0.0174 | Q: 4.83 | Grad: 0.48 | Eps: 0.050 | Time: 0.8s
Ep 2962 | Rw: 24.1 | Loss: 0.0107 | Q: 4.86 | Grad: 0.44 | Eps: 0.050 | Time: 0.8s
Ep 2963 | Rw: 20.7 | Loss: 0.0229 | Q: 4.87 | Grad: 0.48 | Eps: 0.050 | Time: 0.8s
Ep 2964 | Rw: 30.3 | Loss: 0.0167 | Q: 4.86 | Grad: 0.49 | Eps: 0.050 | Time: 0.8s
Ep 2965 | Rw: 26.8 | Loss: 0.0145 | Q: 4.87 | Grad: 0.40 | Eps: 0.050 | Time: 0.8s
Ep 2966 | Rw: 33.0 | Loss: 0.0114 | Q: 4.88 | Grad: 0.47 | Eps: 0.050 | Time: 0.8s
Ep 2967 | Rw: 25.9 | Loss: 0.0167 | Q: 4.86 | Grad: 0.46 | Eps: 0.050 | Time: 0.8s
Ep 2968 | Rw: 16.8 | Loss: 0.0214 | Q: 4.87 | Grad: 0.42 | Eps: 0.050 | Time: 0.8s
Ep 2969 | Rw: 109.5 | Loss: 0.0150 | Q: 4.86 | Grad: 0.46 | Eps: 0.050 | Time: 0.6s
Ep 2970 | Rw: 19.6 | Loss: 0.0187 | Q: 4.87 | Grad: 0.46 | Eps: 0.050 | Time: 0.8s
Ep 2971 | Rw: 28.5 | Loss: 0.0148 | Q: 4.88 | Grad: 0.42 | Eps: 0.050 | Time: 0.8s
Ep 2972 | Rw: 31.2 | Loss: 0.0170 | Q: 4.87 | Grad: 0.41 | Eps: 0.050 | Time: 0.8s
Ep 2973 | Rw: 9.5 | Loss: 0.0177 | Q: 4.86 | Grad: 0.39 | Eps: 0.050 | Time: 0.8s
Ep 2974 | Rw: 35.0 | Loss: 0.0204 | Q: 4.86 | Grad: 0.51 | Eps: 0.050 | Time: 0.8s
Ep 2975 | Rw: 27.4 | Loss: 0.0154 | Q: 4.87 | Grad: 0.49 | Eps: 0.050 | Time: 0.8s
Ep 2976 | Rw: 35.4 | Loss: 0.0136 | Q: 4.87 | Grad: 0.44 | Eps: 0.050 | Time: 0.8s
Ep 2977 | Rw: 34.3 | Loss: 0.0218 | Q: 4.86 | Grad: 0.44 | Eps: 0.050 | Time: 0.8s
Ep 2978 | Rw: 28.2 | Loss: 0.0128 | Q: 4.88 | Grad: 0.38 | Eps: 0.050 | Time: 0.8s
Ep 2979 | Rw: 33.1 | Loss: 0.0220 | Q: 4.88 | Grad: 0.46 | Eps: 0.050 | Time: 0.8s
Ep 2980 | Rw: 18.7 | Loss: 0.0180 | Q: 4.87 | Grad: 0.42 | Eps: 0.050 | Time: 0.8s
Ep 2981 | Rw: 24.1 | Loss: 0.0133 | Q: 4.86 | Grad: 0.47 | Eps: 0.050 | Time: 0.8s
Ep 2982 | Rw: 27.5 | Loss: 0.0178 | Q: 4.87 | Grad: 0.45 | Eps: 0.050 | Time: 0.8s
Ep 2983 | Rw: 127.6 | Loss: 0.0188 | Q: 4.89 | Grad: 0.50 | Eps: 0.050 | Time: 0.8s
Ep 2984 | Rw: 22.8 | Loss: 0.0177 | Q: 4.90 | Grad: 0.41 | Eps: 0.050 | Time: 0.8s
Ep 2985 | Rw: 11.5 | Loss: 0.0190 | Q: 4.89 | Grad: 0.41 | Eps: 0.050 | Time: 0.8s
Ep 2986 | Rw: -33.5 | Loss: 0.0203 | Q: 4.89 | Grad: 0.45 | Eps: 0.050 | Time: 0.8s
Ep 2987 | Rw: 38.6 | Loss: 0.0197 | Q: 4.89 | Grad: 0.55 | Eps: 0.050 | Time: 0.8s
Ep 2988 | Rw: 26.4 | Loss: 0.0233 | Q: 4.89 | Grad: 0.44 | Eps: 0.050 | Time: 1.8s
Ep 2989 | Rw: -14.2 | Loss: 0.0177 | Q: 4.90 | Grad: 0.45 | Eps: 0.050 | Time: 0.8s
Ep 2990 | Rw: 13.3 | Loss: 0.0205 | Q: 4.88 | Grad: 0.53 | Eps: 0.050 | Time: 0.8s
Ep 2991 | Rw: 28.7 | Loss: 0.0166 | Q: 4.88 | Grad: 0.47 | Eps: 0.050 | Time: 0.8s
Ep 2992 | Rw: 31.6 | Loss: 0.0155 | Q: 4.88 | Grad: 0.39 | Eps: 0.050 | Time: 0.8s
Ep 2993 | Rw: 102.8 | Loss: 0.0102 | Q: 4.91 | Grad: 0.41 | Eps: 0.050 | Time: 0.4s
Ep 2994 | Rw: 31.1 | Loss: 0.0204 | Q: 4.90 | Grad: 0.45 | Eps: 0.050 | Time: 0.8s
Ep 2995 | Rw: 16.2 | Loss: 0.0194 | Q: 4.89 | Grad: 0.47 | Eps: 0.050 | Time: 0.8s
Ep 2996 | Rw: 29.3 | Loss: 0.0142 | Q: 4.90 | Grad: 0.48 | Eps: 0.050 | Time: 0.8s
Ep 2997 | Rw: 24.4 | Loss: 0.0202 | Q: 4.89 | Grad: 0.50 | Eps: 0.050 | Time: 0.8s
Ep 2998 | Rw: 28.6 | Loss: 0.0152 | Q: 4.90 | Grad: 0.56 | Eps: 0.050 | Time: 0.8s
Ep 2999 | Rw: 36.0 | Loss: 0.0217 | Q: 4.89 | Grad: 0.48 | Eps: 0.050 | Time: 0.8s
Ep 3000 | Rw: 32.2 | Loss: 0.0175 | Q: 4.90 | Grad: 0.47 | Eps: 0.050 | Time: 0.8s
  ✓ Saved checkpoint & updated plots in checkpoints/2026-03-12_11-17-00/plots
Ep 3001 | Rw: 31.0 | Loss: 0.0156 | Q: 4.90 | Grad: 0.41 | Eps: 0.050 | Time: 0.8s
Ep 3002 | Rw: 118.8 | Loss: 0.0174 | Q: 4.89 | Grad: 0.46 | Eps: 0.050 | Time: 0.7s
Ep 3003 | Rw: 1.0 | Loss: 0.0120 | Q: 4.91 | Grad: 0.46 | Eps: 0.050 | Time: 0.8s
Ep 3004 | Rw: -13.2 | Loss: 0.0198 | Q: 4.93 | Grad: 0.46 | Eps: 0.050 | Time: 0.8s
Ep 3005 | Rw: 119.0 | Loss: 0.0114 | Q: 4.92 | Grad: 0.44 | Eps: 0.050 | Time: 0.6s
Ep 3006 | Rw: 26.0 | Loss: 0.0147 | Q: 4.93 | Grad: 0.43 | Eps: 0.050 | Time: 0.8s
Ep 3007 | Rw: 20.4 | Loss: 0.0146 | Q: 4.92 | Grad: 0.41 | Eps: 0.050 | Time: 0.8s
Ep 3008 | Rw: 32.0 | Loss: 0.0159 | Q: 4.92 | Grad: 0.40 | Eps: 0.050 | Time: 0.8s
Ep 3009 | Rw: 112.2 | Loss: 0.0196 | Q: 4.93 | Grad: 0.38 | Eps: 0.050 | Time: 0.6s
Ep 3010 | Rw: 28.7 | Loss: 0.0146 | Q: 4.93 | Grad: 0.37 | Eps: 0.050 | Time: 0.8s
Ep 3011 | Rw: 105.9 | Loss: 0.0155 | Q: 4.92 | Grad: 0.40 | Eps: 0.050 | Time: 0.5s
Ep 3012 | Rw: 24.7 | Loss: 0.0148 | Q: 4.92 | Grad: 0.41 | Eps: 0.050 | Time: 0.8s
Ep 3013 | Rw: 30.3 | Loss: 0.0186 | Q: 4.93 | Grad: 0.44 | Eps: 0.050 | Time: 0.8s
Ep 3014 | Rw: 28.1 | Loss: 0.0210 | Q: 4.92 | Grad: 0.44 | Eps: 0.050 | Time: 0.8s
Ep 3015 | Rw: 19.4 | Loss: 0.0124 | Q: 4.91 | Grad: 0.39 | Eps: 0.050 | Time: 0.8s
Ep 3016 | Rw: 11.3 | Loss: 0.0145 | Q: 4.93 | Grad: 0.35 | Eps: 0.050 | Time: 0.8s
Ep 3017 | Rw: 3.8 | Loss: 0.0166 | Q: 4.91 | Grad: 0.41 | Eps: 0.050 | Time: 0.8s
Ep 3018 | Rw: 15.1 | Loss: 0.0152 | Q: 4.92 | Grad: 0.41 | Eps: 0.050 | Time: 0.8s
Ep 3019 | Rw: 11.5 | Loss: 0.0185 | Q: 4.92 | Grad: 0.36 | Eps: 0.050 | Time: 0.8s
Ep 3020 | Rw: 29.2 | Loss: 0.0233 | Q: 4.93 | Grad: 0.38 | Eps: 0.050 | Time: 1.8s
Ep 3021 | Rw: 36.4 | Loss: 0.0159 | Q: 4.93 | Grad: 0.46 | Eps: 0.050 | Time: 0.8s
Ep 3022 | Rw: 30.6 | Loss: 0.0185 | Q: 4.93 | Grad: 0.34 | Eps: 0.050 | Time: 0.8s
Ep 3023 | Rw: 29.4 | Loss: 0.0110 | Q: 4.93 | Grad: 0.39 | Eps: 0.050 | Time: 0.9s
Ep 3024 | Rw: 36.6 | Loss: 0.0131 | Q: 4.93 | Grad: 0.33 | Eps: 0.050 | Time: 0.9s
Ep 3025 | Rw: 25.2 | Loss: 0.0092 | Q: 4.94 | Grad: 0.37 | Eps: 0.050 | Time: 0.8s
Ep 3026 | Rw: 34.8 | Loss: 0.0153 | Q: 4.94 | Grad: 0.44 | Eps: 0.050 | Time: 0.8s
Ep 3027 | Rw: 26.7 | Loss: 0.0195 | Q: 4.95 | Grad: 0.44 | Eps: 0.050 | Time: 0.8s
Ep 3028 | Rw: 31.3 | Loss: 0.0181 | Q: 4.95 | Grad: 0.41 | Eps: 0.050 | Time: 0.8s
Ep 3029 | Rw: 119.9 | Loss: 0.0152 | Q: 4.92 | Grad: 0.46 | Eps: 0.050 | Time: 0.6s
Ep 3030 | Rw: 22.7 | Loss: 0.0151 | Q: 4.95 | Grad: 0.34 | Eps: 0.050 | Time: 0.8s
Ep 3031 | Rw: 17.2 | Loss: 0.0143 | Q: 4.94 | Grad: 0.35 | Eps: 0.050 | Time: 0.8s
Ep 3032 | Rw: 31.0 | Loss: 0.0166 | Q: 4.94 | Grad: 0.37 | Eps: 0.050 | Time: 0.8s
Ep 3033 | Rw: 16.8 | Loss: 0.0128 | Q: 4.95 | Grad: 0.37 | Eps: 0.050 | Time: 0.8s
Ep 3034 | Rw: 3.5 | Loss: 0.0205 | Q: 4.95 | Grad: 0.39 | Eps: 0.050 | Time: 0.8s
Ep 3035 | Rw: 12.4 | Loss: 0.0127 | Q: 4.93 | Grad: 0.39 | Eps: 0.050 | Time: 0.8s
Ep 3036 | Rw: 125.1 | Loss: 0.0194 | Q: 4.95 | Grad: 0.38 | Eps: 0.050 | Time: 0.8s
Ep 3037 | Rw: 16.6 | Loss: 0.0198 | Q: 4.96 | Grad: 0.37 | Eps: 0.050 | Time: 0.8s
Ep 3038 | Rw: 29.5 | Loss: 0.0155 | Q: 4.95 | Grad: 0.41 | Eps: 0.050 | Time: 0.8s
Ep 3039 | Rw: 27.6 | Loss: 0.0166 | Q: 4.94 | Grad: 0.39 | Eps: 0.050 | Time: 0.8s
Ep 3040 | Rw: 24.4 | Loss: 0.0169 | Q: 4.96 | Grad: 0.41 | Eps: 0.050 | Time: 0.8s
Ep 3041 | Rw: 117.0 | Loss: 0.0103 | Q: 4.94 | Grad: 0.33 | Eps: 0.050 | Time: 0.6s
Ep 3042 | Rw: 32.7 | Loss: 0.0138 | Q: 4.95 | Grad: 0.39 | Eps: 0.050 | Time: 0.8s
Ep 3043 | Rw: 24.8 | Loss: 0.0177 | Q: 4.94 | Grad: 0.36 | Eps: 0.050 | Time: 0.8s
Ep 3044 | Rw: 27.0 | Loss: 0.0156 | Q: 4.95 | Grad: 0.37 | Eps: 0.050 | Time: 0.8s
Ep 3045 | Rw: 29.3 | Loss: 0.0143 | Q: 4.94 | Grad: 0.38 | Eps: 0.050 | Time: 0.8s
Ep 3046 | Rw: 100.8 | Loss: 0.0115 | Q: 4.97 | Grad: 0.37 | Eps: 0.050 | Time: 0.4s
Ep 3047 | Rw: 23.3 | Loss: 0.0117 | Q: 4.97 | Grad: 0.35 | Eps: 0.050 | Time: 0.8s
Ep 3048 | Rw: 115.0 | Loss: 0.0203 | Q: 4.97 | Grad: 0.36 | Eps: 0.050 | Time: 0.6s
Ep 3049 | Rw: 15.3 | Loss: 0.0185 | Q: 4.99 | Grad: 0.40 | Eps: 0.050 | Time: 0.8s
Ep 3050 | Rw: 27.4 | Loss: 0.0132 | Q: 4.98 | Grad: 0.39 | Eps: 0.050 | Time: 0.8s
  ✓ Saved checkpoint & updated plots in checkpoints/2026-03-12_11-17-00/plots
Ep 3051 | Rw: 13.7 | Loss: 0.0119 | Q: 4.99 | Grad: 0.37 | Eps: 0.050 | Time: 0.8s
Ep 3052 | Rw: 124.3 | Loss: 0.0212 | Q: 4.98 | Grad: 0.39 | Eps: 0.050 | Time: 0.8s
Ep 3053 | Rw: 25.5 | Loss: 0.0173 | Q: 4.97 | Grad: 0.42 | Eps: 0.050 | Time: 0.8s
Ep 3054 | Rw: 18.9 | Loss: 0.0099 | Q: 4.97 | Grad: 0.34 | Eps: 0.050 | Time: 1.8s
Ep 3055 | Rw: 31.6 | Loss: 0.0178 | Q: 4.98 | Grad: 0.39 | Eps: 0.050 | Time: 0.8s
Ep 3056 | Rw: 27.2 | Loss: 0.0138 | Q: 4.99 | Grad: 0.37 | Eps: 0.050 | Time: 0.8s
Ep 3057 | Rw: 126.6 | Loss: 0.0193 | Q: 4.99 | Grad: 0.37 | Eps: 0.050 | Time: 0.8s
Ep 3058 | Rw: 17.6 | Loss: 0.0171 | Q: 4.98 | Grad: 0.37 | Eps: 0.050 | Time: 0.8s
Ep 3059 | Rw: 38.1 | Loss: 0.0196 | Q: 4.98 | Grad: 0.38 | Eps: 0.050 | Time: 0.8s
Ep 3060 | Rw: 118.9 | Loss: 0.0198 | Q: 4.98 | Grad: 0.39 | Eps: 0.050 | Time: 0.8s
Ep 3061 | Rw: 19.4 | Loss: 0.0124 | Q: 4.99 | Grad: 0.36 | Eps: 0.050 | Time: 0.8s
Ep 3062 | Rw: 32.5 | Loss: 0.0151 | Q: 4.99 | Grad: 0.42 | Eps: 0.050 | Time: 0.8s
Ep 3063 | Rw: -5.6 | Loss: 0.0156 | Q: 4.97 | Grad: 0.41 | Eps: 0.050 | Time: 0.8s
Ep 3064 | Rw: 31.3 | Loss: 0.0170 | Q: 4.99 | Grad: 0.35 | Eps: 0.050 | Time: 0.8s
Ep 3065 | Rw: 34.9 | Loss: 0.0136 | Q: 4.98 | Grad: 0.38 | Eps: 0.050 | Time: 0.8s
Ep 3066 | Rw: 112.1 | Loss: 0.0158 | Q: 4.99 | Grad: 0.37 | Eps: 0.050 | Time: 0.5s
Ep 3067 | Rw: 8.9 | Loss: 0.0144 | Q: 5.00 | Grad: 0.39 | Eps: 0.050 | Time: 0.8s
Ep 3068 | Rw: 23.0 | Loss: 0.0167 | Q: 5.02 | Grad: 0.35 | Eps: 0.050 | Time: 0.8s
Ep 3069 | Rw: 133.0 | Loss: 0.0214 | Q: 5.02 | Grad: 0.46 | Eps: 0.050 | Time: 0.8s
Ep 3070 | Rw: 29.9 | Loss: 0.0149 | Q: 5.03 | Grad: 0.38 | Eps: 0.050 | Time: 0.8s
Ep 3071 | Rw: 107.6 | Loss: 0.0174 | Q: 5.03 | Grad: 0.45 | Eps: 0.050 | Time: 0.7s
Ep 3072 | Rw: 122.6 | Loss: 0.0204 | Q: 5.02 | Grad: 0.41 | Eps: 0.050 | Time: 0.7s
Ep 3073 | Rw: 121.0 | Loss: 0.0207 | Q: 5.01 | Grad: 0.45 | Eps: 0.050 | Time: 0.6s
Ep 3074 | Rw: 103.9 | Loss: 0.0188 | Q: 5.03 | Grad: 0.48 | Eps: 0.050 | Time: 0.4s
Ep 3075 | Rw: 119.2 | Loss: 0.0144 | Q: 5.02 | Grad: 0.46 | Eps: 0.050 | Time: 0.7s
Ep 3076 | Rw: 21.5 | Loss: 0.0137 | Q: 5.02 | Grad: 0.39 | Eps: 0.050 | Time: 0.8s
Ep 3077 | Rw: 37.2 | Loss: 0.0144 | Q: 5.03 | Grad: 0.34 | Eps: 0.050 | Time: 0.8s
Ep 3078 | Rw: 34.9 | Loss: 0.0224 | Q: 5.01 | Grad: 0.35 | Eps: 0.050 | Time: 0.8s
Ep 3079 | Rw: 17.2 | Loss: 0.0189 | Q: 5.03 | Grad: 0.38 | Eps: 0.050 | Time: 0.8s
Ep 3080 | Rw: 26.8 | Loss: 0.0155 | Q: 5.02 | Grad: 0.36 | Eps: 0.050 | Time: 0.8s
Ep 3081 | Rw: 29.9 | Loss: 0.0189 | Q: 5.02 | Grad: 0.41 | Eps: 0.050 | Time: 0.8s
Ep 3082 | Rw: 15.1 | Loss: 0.0143 | Q: 5.02 | Grad: 0.40 | Eps: 0.050 | Time: 0.8s
Ep 3083 | Rw: 112.8 | Loss: 0.0124 | Q: 5.01 | Grad: 0.50 | Eps: 0.050 | Time: 0.5s
Ep 3084 | Rw: 26.1 | Loss: 0.0147 | Q: 5.02 | Grad: 0.44 | Eps: 0.050 | Time: 0.8s
Ep 3085 | Rw: 22.2 | Loss: 0.0150 | Q: 5.02 | Grad: 0.38 | Eps: 0.050 | Time: 0.8s
Ep 3086 | Rw: 15.1 | Loss: 0.0170 | Q: 5.03 | Grad: 0.37 | Eps: 0.050 | Time: 0.8s
Ep 3087 | Rw: 121.4 | Loss: 0.0228 | Q: 5.03 | Grad: 0.44 | Eps: 0.050 | Time: 0.7s
Ep 3088 | Rw: 20.6 | Loss: 0.0207 | Q: 5.02 | Grad: 0.43 | Eps: 0.050 | Time: 0.8s
Ep 3089 | Rw: 23.6 | Loss: 0.0126 | Q: 5.03 | Grad: 0.39 | Eps: 0.050 | Time: 0.8s
Ep 3090 | Rw: 35.2 | Loss: 0.0163 | Q: 5.05 | Grad: 0.39 | Eps: 0.050 | Time: 1.8s
Ep 3091 | Rw: 23.7 | Loss: 0.0142 | Q: 5.04 | Grad: 0.35 | Eps: 0.050 | Time: 0.8s
Ep 3092 | Rw: 5.9 | Loss: 0.0169 | Q: 5.06 | Grad: 0.38 | Eps: 0.050 | Time: 0.8s
Ep 3093 | Rw: 12.9 | Loss: 0.0220 | Q: 5.04 | Grad: 0.48 | Eps: 0.050 | Time: 0.8s
Ep 3094 | Rw: 29.4 | Loss: 0.0178 | Q: 5.05 | Grad: 0.40 | Eps: 0.050 | Time: 0.9s
Ep 3095 | Rw: 113.7 | Loss: 0.0102 | Q: 5.06 | Grad: 0.35 | Eps: 0.050 | Time: 0.5s
Ep 3096 | Rw: 103.8 | Loss: 0.0115 | Q: 5.04 | Grad: 0.45 | Eps: 0.050 | Time: 0.7s
Ep 3097 | Rw: 120.7 | Loss: 0.0136 | Q: 5.04 | Grad: 0.43 | Eps: 0.050 | Time: 0.7s
Ep 3098 | Rw: 25.5 | Loss: 0.0186 | Q: 5.04 | Grad: 0.44 | Eps: 0.050 | Time: 0.8s
Ep 3099 | Rw: 31.2 | Loss: 0.0200 | Q: 5.05 | Grad: 0.48 | Eps: 0.050 | Time: 0.9s
Ep 3100 | Rw: 108.6 | Loss: 0.0165 | Q: 5.05 | Grad: 0.35 | Eps: 0.050 | Time: 0.4s
  ✓ Saved checkpoint & updated plots in checkpoints/2026-03-12_11-17-00/plots
Ep 3101 | Rw: 31.8 | Loss: 0.0122 | Q: 5.05 | Grad: 0.35 | Eps: 0.050 | Time: 0.8s
Ep 3102 | Rw: 126.2 | Loss: 0.0182 | Q: 5.05 | Grad: 0.40 | Eps: 0.050 | Time: 0.7s
Ep 3103 | Rw: 109.9 | Loss: 0.0217 | Q: 5.06 | Grad: 0.39 | Eps: 0.050 | Time: 0.5s
Ep 3104 | Rw: 33.9 | Loss: 0.0173 | Q: 5.05 | Grad: 0.41 | Eps: 0.050 | Time: 0.8s
Ep 3105 | Rw: 113.1 | Loss: 0.0201 | Q: 5.05 | Grad: 0.43 | Eps: 0.050 | Time: 0.6s
Ep 3106 | Rw: 28.2 | Loss: 0.0136 | Q: 5.05 | Grad: 0.35 | Eps: 0.050 | Time: 0.8s
Ep 3107 | Rw: 28.3 | Loss: 0.0189 | Q: 5.06 | Grad: 0.37 | Eps: 0.050 | Time: 0.8s
Ep 3108 | Rw: 25.9 | Loss: 0.0155 | Q: 5.04 | Grad: 0.37 | Eps: 0.050 | Time: 0.8s
Ep 3109 | Rw: 18.0 | Loss: 0.0207 | Q: 5.05 | Grad: 0.46 | Eps: 0.050 | Time: 0.8s
Ep 3110 | Rw: 32.1 | Loss: 0.0208 | Q: 5.05 | Grad: 0.40 | Eps: 0.050 | Time: 0.8s
Ep 3111 | Rw: 12.7 | Loss: 0.0202 | Q: 5.04 | Grad: 0.47 | Eps: 0.050 | Time: 0.8s
Ep 3112 | Rw: 31.5 | Loss: 0.0159 | Q: 5.08 | Grad: 0.40 | Eps: 0.050 | Time: 0.8s
Ep 3113 | Rw: 29.9 | Loss: 0.0169 | Q: 5.09 | Grad: 0.40 | Eps: 0.050 | Time: 0.8s
Ep 3114 | Rw: 5.3 | Loss: 0.0176 | Q: 5.09 | Grad: 0.39 | Eps: 0.050 | Time: 0.8s
Ep 3115 | Rw: 29.8 | Loss: 0.0208 | Q: 5.09 | Grad: 0.36 | Eps: 0.050 | Time: 0.8s
Ep 3116 | Rw: 25.7 | Loss: 0.0160 | Q: 5.09 | Grad: 0.41 | Eps: 0.050 | Time: 0.8s
Ep 3117 | Rw: 22.3 | Loss: 0.0122 | Q: 5.10 | Grad: 0.36 | Eps: 0.050 | Time: 0.8s
Ep 3118 | Rw: 16.8 | Loss: 0.0195 | Q: 5.08 | Grad: 0.43 | Eps: 0.050 | Time: 0.8s
Ep 3119 | Rw: 118.0 | Loss: 0.0167 | Q: 5.09 | Grad: 0.41 | Eps: 0.050 | Time: 0.6s
Ep 3120 | Rw: 10.7 | Loss: 0.0230 | Q: 5.09 | Grad: 0.41 | Eps: 0.050 | Time: 0.8s
Ep 3121 | Rw: 26.9 | Loss: 0.0185 | Q: 5.10 | Grad: 0.37 | Eps: 0.050 | Time: 0.8s
Ep 3122 | Rw: -1.4 | Loss: 0.0214 | Q: 5.10 | Grad: 0.35 | Eps: 0.050 | Time: 0.8s
Ep 3123 | Rw: 24.9 | Loss: 0.0148 | Q: 5.09 | Grad: 0.38 | Eps: 0.050 | Time: 0.8s
Ep 3124 | Rw: 33.9 | Loss: 0.0174 | Q: 5.10 | Grad: 0.40 | Eps: 0.050 | Time: 1.8s
Ep 3125 | Rw: 108.3 | Loss: 0.0152 | Q: 5.08 | Grad: 0.35 | Eps: 0.050 | Time: 0.7s
Ep 3126 | Rw: 31.1 | Loss: 0.0159 | Q: 5.09 | Grad: 0.35 | Eps: 0.050 | Time: 0.8s
Ep 3127 | Rw: 124.6 | Loss: 0.0205 | Q: 5.09 | Grad: 0.40 | Eps: 0.050 | Time: 0.7s
Ep 3128 | Rw: 26.9 | Loss: 0.0186 | Q: 5.10 | Grad: 0.34 | Eps: 0.050 | Time: 0.8s
Ep 3129 | Rw: 19.8 | Loss: 0.0185 | Q: 5.11 | Grad: 0.41 | Eps: 0.050 | Time: 0.8s
Ep 3130 | Rw: 23.7 | Loss: 0.0163 | Q: 5.09 | Grad: 0.37 | Eps: 0.050 | Time: 0.8s
Ep 3131 | Rw: 28.4 | Loss: 0.0158 | Q: 5.09 | Grad: 0.44 | Eps: 0.050 | Time: 0.8s
Ep 3132 | Rw: 26.3 | Loss: 0.0144 | Q: 5.09 | Grad: 0.41 | Eps: 0.050 | Time: 0.8s
Ep 3133 | Rw: 31.2 | Loss: 0.0142 | Q: 5.11 | Grad: 0.43 | Eps: 0.050 | Time: 0.8s
Ep 3134 | Rw: 122.6 | Loss: 0.0138 | Q: 5.11 | Grad: 0.35 | Eps: 0.050 | Time: 0.6s
Ep 3135 | Rw: 106.0 | Loss: 0.0152 | Q: 5.11 | Grad: 0.38 | Eps: 0.050 | Time: 0.5s
Ep 3136 | Rw: 25.5 | Loss: 0.0168 | Q: 5.11 | Grad: 0.39 | Eps: 0.050 | Time: 0.8s
Ep 3137 | Rw: 23.3 | Loss: 0.0178 | Q: 5.12 | Grad: 0.38 | Eps: 0.050 | Time: 0.8s
Ep 3138 | Rw: 120.6 | Loss: 0.0189 | Q: 5.13 | Grad: 0.43 | Eps: 0.050 | Time: 0.6s
Ep 3139 | Rw: 118.3 | Loss: 0.0169 | Q: 5.14 | Grad: 0.35 | Eps: 0.050 | Time: 0.8s
Ep 3140 | Rw: 127.1 | Loss: 0.0135 | Q: 5.13 | Grad: 0.34 | Eps: 0.050 | Time: 0.7s
Ep 3141 | Rw: 16.6 | Loss: 0.0127 | Q: 5.13 | Grad: 0.40 | Eps: 0.050 | Time: 0.8s
Ep 3142 | Rw: 25.0 | Loss: 0.0120 | Q: 5.12 | Grad: 0.34 | Eps: 0.050 | Time: 0.8s
Ep 3143 | Rw: 29.0 | Loss: 0.0200 | Q: 5.12 | Grad: 0.40 | Eps: 0.050 | Time: 0.8s
Ep 3144 | Rw: 123.9 | Loss: 0.0204 | Q: 5.13 | Grad: 0.36 | Eps: 0.050 | Time: 0.7s
Ep 3145 | Rw: 22.5 | Loss: 0.0192 | Q: 5.13 | Grad: 0.36 | Eps: 0.050 | Time: 0.8s
Ep 3146 | Rw: 22.3 | Loss: 0.0207 | Q: 5.13 | Grad: 0.39 | Eps: 0.050 | Time: 0.8s
Ep 3147 | Rw: 35.5 | Loss: 0.0151 | Q: 5.13 | Grad: 0.35 | Eps: 0.050 | Time: 0.8s
Ep 3148 | Rw: 32.3 | Loss: 0.0192 | Q: 5.13 | Grad: 0.37 | Eps: 0.050 | Time: 0.8s
Ep 3149 | Rw: 29.2 | Loss: 0.0231 | Q: 5.13 | Grad: 0.38 | Eps: 0.050 | Time: 0.8s
Ep 3150 | Rw: 111.9 | Loss: 0.0190 | Q: 5.11 | Grad: 0.38 | Eps: 0.050 | Time: 0.6s
  ✓ Saved checkpoint & updated plots in checkpoints/2026-03-12_11-17-00/plots
Ep 3151 | Rw: 26.6 | Loss: 0.0154 | Q: 5.13 | Grad: 0.44 | Eps: 0.050 | Time: 0.8s
Ep 3152 | Rw: 17.8 | Loss: 0.0156 | Q: 5.13 | Grad: 0.36 | Eps: 0.050 | Time: 0.8s
Ep 3153 | Rw: 33.8 | Loss: 0.0143 | Q: 5.12 | Grad: 0.35 | Eps: 0.050 | Time: 0.8s
Ep 3154 | Rw: 103.3 | Loss: 0.0152 | Q: 5.13 | Grad: 0.32 | Eps: 0.050 | Time: 0.4s
Ep 3155 | Rw: 27.6 | Loss: 0.0112 | Q: 5.12 | Grad: 0.41 | Eps: 0.050 | Time: 0.8s
Ep 3156 | Rw: 14.5 | Loss: 0.0170 | Q: 5.15 | Grad: 0.37 | Eps: 0.050 | Time: 0.8s
Ep 3157 | Rw: 119.2 | Loss: 0.0216 | Q: 5.16 | Grad: 0.33 | Eps: 0.050 | Time: 0.7s
Ep 3158 | Rw: 27.9 | Loss: 0.0166 | Q: 5.16 | Grad: 0.37 | Eps: 0.050 | Time: 0.8s
Ep 3159 | Rw: 23.1 | Loss: 0.0131 | Q: 5.15 | Grad: 0.32 | Eps: 0.050 | Time: 1.8s
Ep 3160 | Rw: 22.8 | Loss: 0.0139 | Q: 5.16 | Grad: 0.36 | Eps: 0.050 | Time: 0.8s
Ep 3161 | Rw: 113.9 | Loss: 0.0161 | Q: 5.14 | Grad: 0.31 | Eps: 0.050 | Time: 0.5s
Ep 3162 | Rw: 31.0 | Loss: 0.0122 | Q: 5.17 | Grad: 0.30 | Eps: 0.050 | Time: 0.8s
Ep 3163 | Rw: 121.7 | Loss: 0.0150 | Q: 5.15 | Grad: 0.41 | Eps: 0.050 | Time: 0.7s
Ep 3164 | Rw: 22.3 | Loss: 0.0190 | Q: 5.16 | Grad: 0.36 | Eps: 0.050 | Time: 0.8s
Ep 3165 | Rw: 103.1 | Loss: 0.0129 | Q: 5.16 | Grad: 0.36 | Eps: 0.050 | Time: 0.4s
Ep 3166 | Rw: 25.5 | Loss: 0.0226 | Q: 5.16 | Grad: 0.37 | Eps: 0.050 | Time: 0.8s
Ep 3167 | Rw: 11.1 | Loss: 0.0180 | Q: 5.16 | Grad: 0.38 | Eps: 0.050 | Time: 0.8s
Ep 3168 | Rw: 15.3 | Loss: 0.0221 | Q: 5.15 | Grad: 0.40 | Eps: 0.050 | Time: 0.8s
Ep 3169 | Rw: 6.4 | Loss: 0.0244 | Q: 5.16 | Grad: 0.34 | Eps: 0.050 | Time: 0.8s
Ep 3170 | Rw: 35.9 | Loss: 0.0138 | Q: 5.15 | Grad: 0.33 | Eps: 0.050 | Time: 0.8s
Ep 3171 | Rw: 32.0 | Loss: 0.0144 | Q: 5.16 | Grad: 0.33 | Eps: 0.050 | Time: 0.8s
Ep 3172 | Rw: 29.4 | Loss: 0.0159 | Q: 5.15 | Grad: 0.37 | Eps: 0.050 | Time: 0.8s
Ep 3173 | Rw: 8.6 | Loss: 0.0119 | Q: 5.16 | Grad: 0.39 | Eps: 0.050 | Time: 0.8s
Ep 3174 | Rw: 19.8 | Loss: 0.0159 | Q: 5.15 | Grad: 0.35 | Eps: 0.050 | Time: 0.8s
Ep 3175 | Rw: 108.3 | Loss: 0.0209 | Q: 5.17 | Grad: 0.34 | Eps: 0.050 | Time: 0.4s
Ep 3176 | Rw: 18.8 | Loss: 0.0181 | Q: 5.16 | Grad: 0.36 | Eps: 0.050 | Time: 0.8s
Ep 3177 | Rw: 34.4 | Loss: 0.0182 | Q: 5.15 | Grad: 0.36 | Eps: 0.050 | Time: 0.8s
Ep 3178 | Rw: 30.4 | Loss: 0.0148 | Q: 5.17 | Grad: 0.35 | Eps: 0.050 | Time: 0.8s
Ep 3179 | Rw: 118.7 | Loss: 0.0173 | Q: 5.17 | Grad: 0.37 | Eps: 0.050 | Time: 0.6s
Ep 3180 | Rw: 113.4 | Loss: 0.0181 | Q: 5.17 | Grad: 0.35 | Eps: 0.050 | Time: 0.8s
Ep 3181 | Rw: 31.8 | Loss: 0.0143 | Q: 5.17 | Grad: 0.37 | Eps: 0.050 | Time: 0.8s
Ep 3182 | Rw: 129.2 | Loss: 0.0156 | Q: 5.17 | Grad: 0.36 | Eps: 0.050 | Time: 0.7s
Ep 3183 | Rw: 113.3 | Loss: 0.0123 | Q: 5.16 | Grad: 0.33 | Eps: 0.050 | Time: 0.6s
Ep 3184 | Rw: 21.1 | Loss: 0.0123 | Q: 5.17 | Grad: 0.31 | Eps: 0.050 | Time: 0.8s
Ep 3185 | Rw: 23.2 | Loss: 0.0171 | Q: 5.18 | Grad: 0.36 | Eps: 0.050 | Time: 0.8s
Ep 3186 | Rw: 30.3 | Loss: 0.0146 | Q: 5.16 | Grad: 0.33 | Eps: 0.050 | Time: 0.8s
Ep 3187 | Rw: 124.7 | Loss: 0.0229 | Q: 5.16 | Grad: 0.38 | Eps: 0.050 | Time: 0.7s
Ep 3188 | Rw: 26.3 | Loss: 0.0207 | Q: 5.17 | Grad: 0.36 | Eps: 0.050 | Time: 0.8s
Ep 3189 | Rw: 3.3 | Loss: 0.0128 | Q: 5.17 | Grad: 0.31 | Eps: 0.050 | Time: 0.8s
Ep 3190 | Rw: 32.0 | Loss: 0.0217 | Q: 5.17 | Grad: 0.34 | Eps: 0.050 | Time: 0.8s
Ep 3191 | Rw: 12.5 | Loss: 0.0142 | Q: 5.17 | Grad: 0.38 | Eps: 0.050 | Time: 0.8s
Ep 3192 | Rw: 26.5 | Loss: 0.0139 | Q: 5.16 | Grad: 0.37 | Eps: 0.050 | Time: 0.8s
Ep 3193 | Rw: 27.5 | Loss: 0.0193 | Q: 5.19 | Grad: 0.32 | Eps: 0.050 | Time: 0.8s
Ep 3194 | Rw: 25.0 | Loss: 0.0166 | Q: 5.17 | Grad: 0.32 | Eps: 0.050 | Time: 0.8s
Ep 3195 | Rw: 106.3 | Loss: 0.0236 | Q: 5.16 | Grad: 0.32 | Eps: 0.050 | Time: 0.4s
Ep 3196 | Rw: 31.1 | Loss: 0.0181 | Q: 5.16 | Grad: 0.34 | Eps: 0.050 | Time: 1.9s
Ep 3197 | Rw: 24.8 | Loss: 0.0173 | Q: 5.17 | Grad: 0.36 | Eps: 0.050 | Time: 0.8s
Ep 3198 | Rw: 23.6 | Loss: 0.0193 | Q: 5.17 | Grad: 0.33 | Eps: 0.050 | Time: 0.8s
Ep 3199 | Rw: 28.3 | Loss: 0.0153 | Q: 5.17 | Grad: 0.37 | Eps: 0.050 | Time: 0.8s
Ep 3200 | Rw: 119.3 | Loss: 0.0222 | Q: 5.18 | Grad: 0.38 | Eps: 0.050 | Time: 0.7s
  ✓ Saved checkpoint & updated plots in checkpoints/2026-03-12_11-17-00/plots
Ep 3201 | Rw: 121.0 | Loss: 0.0178 | Q: 5.20 | Grad: 0.38 | Eps: 0.050 | Time: 0.7s
Ep 3202 | Rw: 24.7 | Loss: 0.0165 | Q: 5.19 | Grad: 0.34 | Eps: 0.050 | Time: 0.8s
Ep 3203 | Rw: 19.2 | Loss: 0.0146 | Q: 5.19 | Grad: 0.29 | Eps: 0.050 | Time: 0.8s
Ep 3204 | Rw: 20.5 | Loss: 0.0165 | Q: 5.19 | Grad: 0.31 | Eps: 0.050 | Time: 0.8s
Ep 3205 | Rw: 28.0 | Loss: 0.0153 | Q: 5.18 | Grad: 0.32 | Eps: 0.050 | Time: 0.8s
Ep 3206 | Rw: 24.1 | Loss: 0.0151 | Q: 5.19 | Grad: 0.40 | Eps: 0.050 | Time: 0.8s
Ep 3207 | Rw: 6.4 | Loss: 0.0159 | Q: 5.20 | Grad: 0.36 | Eps: 0.050 | Time: 0.8s
Ep 3208 | Rw: 28.1 | Loss: 0.0239 | Q: 5.19 | Grad: 0.35 | Eps: 0.050 | Time: 0.8s
Ep 3209 | Rw: 122.2 | Loss: 0.0134 | Q: 5.19 | Grad: 0.33 | Eps: 0.050 | Time: 0.8s
Ep 3210 | Rw: 112.8 | Loss: 0.0218 | Q: 5.18 | Grad: 0.39 | Eps: 0.050 | Time: 0.5s
Ep 3211 | Rw: 32.6 | Loss: 0.0193 | Q: 5.19 | Grad: 0.37 | Eps: 0.050 | Time: 0.8s
Ep 3212 | Rw: 25.4 | Loss: 0.0135 | Q: 5.19 | Grad: 0.34 | Eps: 0.050 | Time: 0.8s
Ep 3213 | Rw: 99.9 | Loss: 0.0180 | Q: 5.20 | Grad: 0.27 | Eps: 0.050 | Time: 0.5s
Ep 3214 | Rw: -0.2 | Loss: 0.0170 | Q: 5.19 | Grad: 0.31 | Eps: 0.050 | Time: 0.8s
Ep 3215 | Rw: 117.0 | Loss: 0.0130 | Q: 5.18 | Grad: 0.32 | Eps: 0.050 | Time: 0.7s
Ep 3216 | Rw: 118.1 | Loss: 0.0159 | Q: 5.19 | Grad: 0.31 | Eps: 0.050 | Time: 0.7s
Ep 3217 | Rw: 22.1 | Loss: 0.0176 | Q: 5.17 | Grad: 0.31 | Eps: 0.050 | Time: 0.8s
Ep 3218 | Rw: 26.3 | Loss: 0.0168 | Q: 5.19 | Grad: 0.37 | Eps: 0.050 | Time: 0.8s
Ep 3219 | Rw: 30.6 | Loss: 0.0088 | Q: 5.18 | Grad: 0.34 | Eps: 0.050 | Time: 0.8s
Ep 3220 | Rw: 11.5 | Loss: 0.0194 | Q: 5.20 | Grad: 0.35 | Eps: 0.050 | Time: 0.8s
Ep 3221 | Rw: 35.9 | Loss: 0.0152 | Q: 5.19 | Grad: 0.32 | Eps: 0.050 | Time: 0.8s
Ep 3222 | Rw: 103.9 | Loss: 0.0133 | Q: 5.24 | Grad: 0.41 | Eps: 0.050 | Time: 0.5s
Ep 3223 | Rw: 31.3 | Loss: 0.0165 | Q: 5.21 | Grad: 0.37 | Eps: 0.050 | Time: 0.8s
Ep 3224 | Rw: 35.8 | Loss: 0.0158 | Q: 5.22 | Grad: 0.32 | Eps: 0.050 | Time: 0.8s
Ep 3225 | Rw: 26.0 | Loss: 0.0247 | Q: 5.22 | Grad: 0.36 | Eps: 0.050 | Time: 0.8s
Ep 3226 | Rw: 30.6 | Loss: 0.0204 | Q: 5.21 | Grad: 0.33 | Eps: 0.050 | Time: 0.8s
Ep 3227 | Rw: 128.2 | Loss: 0.0169 | Q: 5.22 | Grad: 0.33 | Eps: 0.050 | Time: 0.7s
Ep 3228 | Rw: -15.8 | Loss: 0.0141 | Q: 5.22 | Grad: 0.33 | Eps: 0.050 | Time: 0.8s
Ep 3229 | Rw: 2.0 | Loss: 0.0204 | Q: 5.22 | Grad: 0.35 | Eps: 0.050 | Time: 0.8s
Ep 3230 | Rw: 33.7 | Loss: 0.0117 | Q: 5.22 | Grad: 0.37 | Eps: 0.050 | Time: 0.8s
Ep 3231 | Rw: 27.3 | Loss: 0.0135 | Q: 5.22 | Grad: 0.32 | Eps: 0.050 | Time: 1.8s
Ep 3232 | Rw: 31.6 | Loss: 0.0184 | Q: 5.23 | Grad: 0.35 | Eps: 0.050 | Time: 0.8s
Ep 3233 | Rw: 11.1 | Loss: 0.0185 | Q: 5.22 | Grad: 0.34 | Eps: 0.050 | Time: 0.8s
Ep 3234 | Rw: 35.6 | Loss: 0.0191 | Q: 5.21 | Grad: 0.33 | Eps: 0.050 | Time: 0.8s
Ep 3235 | Rw: 16.3 | Loss: 0.0216 | Q: 5.22 | Grad: 0.34 | Eps: 0.050 | Time: 0.8s
Ep 3236 | Rw: 29.6 | Loss: 0.0152 | Q: 5.23 | Grad: 0.36 | Eps: 0.050 | Time: 0.8s
Ep 3237 | Rw: 19.8 | Loss: 0.0225 | Q: 5.23 | Grad: 0.32 | Eps: 0.050 | Time: 0.8s
Ep 3238 | Rw: 31.6 | Loss: 0.0169 | Q: 5.21 | Grad: 0.38 | Eps: 0.050 | Time: 0.8s
Ep 3239 | Rw: 115.3 | Loss: 0.0185 | Q: 5.22 | Grad: 0.33 | Eps: 0.050 | Time: 0.6s
Ep 3240 | Rw: 32.8 | Loss: 0.0210 | Q: 5.21 | Grad: 0.35 | Eps: 0.050 | Time: 0.8s
Ep 3241 | Rw: 131.7 | Loss: 0.0181 | Q: 5.22 | Grad: 0.31 | Eps: 0.050 | Time: 0.8s
Ep 3242 | Rw: 122.5 | Loss: 0.0192 | Q: 5.22 | Grad: 0.32 | Eps: 0.050 | Time: 0.7s
Ep 3243 | Rw: 25.1 | Loss: 0.0159 | Q: 5.25 | Grad: 0.34 | Eps: 0.050 | Time: 0.8s
Ep 3244 | Rw: 30.1 | Loss: 0.0176 | Q: 5.25 | Grad: 0.37 | Eps: 0.050 | Time: 0.8s
Ep 3245 | Rw: 28.8 | Loss: 0.0116 | Q: 5.25 | Grad: 0.35 | Eps: 0.050 | Time: 0.8s
Ep 3246 | Rw: 29.3 | Loss: 0.0127 | Q: 5.26 | Grad: 0.31 | Eps: 0.050 | Time: 0.8s
Ep 3247 | Rw: 26.2 | Loss: 0.0161 | Q: 5.25 | Grad: 0.33 | Eps: 0.050 | Time: 0.8s
Ep 3248 | Rw: 32.3 | Loss: 0.0174 | Q: 5.25 | Grad: 0.39 | Eps: 0.050 | Time: 0.8s
Ep 3249 | Rw: 27.7 | Loss: 0.0134 | Q: 5.26 | Grad: 0.35 | Eps: 0.050 | Time: 0.8s
Ep 3250 | Rw: 121.0 | Loss: 0.0191 | Q: 5.26 | Grad: 0.36 | Eps: 0.050 | Time: 0.7s
  ✓ Saved checkpoint & updated plots in checkpoints/2026-03-12_11-17-00/plots
Ep 3251 | Rw: 23.4 | Loss: 0.0192 | Q: 5.26 | Grad: 0.36 | Eps: 0.050 | Time: 0.8s
Ep 3252 | Rw: 35.6 | Loss: 0.0159 | Q: 5.25 | Grad: 0.37 | Eps: 0.050 | Time: 0.8s
Ep 3253 | Rw: 21.0 | Loss: 0.0194 | Q: 5.25 | Grad: 0.39 | Eps: 0.050 | Time: 0.8s
Ep 3254 | Rw: 23.5 | Loss: 0.0183 | Q: 5.24 | Grad: 0.38 | Eps: 0.050 | Time: 0.8s
Ep 3255 | Rw: 124.1 | Loss: 0.0163 | Q: 5.26 | Grad: 0.41 | Eps: 0.050 | Time: 0.8s
Ep 3256 | Rw: -8.5 | Loss: 0.0112 | Q: 5.26 | Grad: 0.40 | Eps: 0.050 | Time: 0.8s
Ep 3257 | Rw: 36.7 | Loss: 0.0169 | Q: 5.26 | Grad: 0.38 | Eps: 0.050 | Time: 0.8s
Ep 3258 | Rw: 28.5 | Loss: 0.0200 | Q: 5.26 | Grad: 0.40 | Eps: 0.050 | Time: 0.8s
Ep 3259 | Rw: 27.8 | Loss: 0.0099 | Q: 5.25 | Grad: 0.38 | Eps: 0.050 | Time: 0.8s
Ep 3260 | Rw: 33.7 | Loss: 0.0173 | Q: 5.26 | Grad: 0.38 | Eps: 0.050 | Time: 0.8s
Ep 3261 | Rw: 31.3 | Loss: 0.0195 | Q: 5.26 | Grad: 0.33 | Eps: 0.050 | Time: 0.8s
Ep 3262 | Rw: 25.1 | Loss: 0.0145 | Q: 5.25 | Grad: 0.36 | Eps: 0.050 | Time: 0.8s
Ep 3263 | Rw: 32.5 | Loss: 0.0154 | Q: 5.26 | Grad: 0.41 | Eps: 0.050 | Time: 0.8s
Ep 3264 | Rw: 32.5 | Loss: 0.0217 | Q: 5.27 | Grad: 0.39 | Eps: 0.050 | Time: 0.8s
Ep 3265 | Rw: 32.1 | Loss: 0.0194 | Q: 5.28 | Grad: 0.40 | Eps: 0.050 | Time: 0.8s
Ep 3266 | Rw: 37.7 | Loss: 0.0139 | Q: 5.27 | Grad: 0.39 | Eps: 0.050 | Time: 1.9s
Ep 3267 | Rw: 28.6 | Loss: 0.0176 | Q: 5.28 | Grad: 0.40 | Eps: 0.050 | Time: 0.8s
Ep 3268 | Rw: 30.5 | Loss: 0.0132 | Q: 5.27 | Grad: 0.42 | Eps: 0.050 | Time: 0.8s
Ep 3269 | Rw: 114.9 | Loss: 0.0184 | Q: 5.27 | Grad: 0.38 | Eps: 0.050 | Time: 0.5s
Ep 3270 | Rw: 30.6 | Loss: 0.0192 | Q: 5.25 | Grad: 0.37 | Eps: 0.050 | Time: 0.8s
Ep 3271 | Rw: 23.1 | Loss: 0.0193 | Q: 5.27 | Grad: 0.40 | Eps: 0.050 | Time: 0.8s
Ep 3272 | Rw: 107.2 | Loss: 0.0139 | Q: 5.29 | Grad: 0.34 | Eps: 0.050 | Time: 0.5s
Ep 3273 | Rw: 10.4 | Loss: 0.0117 | Q: 5.26 | Grad: 0.37 | Eps: 0.050 | Time: 0.8s
Ep 3274 | Rw: 108.4 | Loss: 0.0239 | Q: 5.27 | Grad: 0.38 | Eps: 0.050 | Time: 0.6s
Ep 3275 | Rw: 100.7 | Loss: 0.0164 | Q: 5.25 | Grad: 0.40 | Eps: 0.050 | Time: 0.4s
Ep 3276 | Rw: 27.8 | Loss: 0.0162 | Q: 5.26 | Grad: 0.38 | Eps: 0.050 | Time: 0.8s
Ep 3277 | Rw: 16.2 | Loss: 0.0155 | Q: 5.26 | Grad: 0.37 | Eps: 0.050 | Time: 0.8s
Ep 3278 | Rw: 36.1 | Loss: 0.0172 | Q: 5.28 | Grad: 0.35 | Eps: 0.050 | Time: 0.8s
Ep 3279 | Rw: 103.9 | Loss: 0.0049 | Q: 5.27 | Grad: 0.32 | Eps: 0.050 | Time: 0.4s
Ep 3280 | Rw: 23.2 | Loss: 0.0199 | Q: 5.27 | Grad: 0.39 | Eps: 0.050 | Time: 0.8s
Ep 3281 | Rw: 35.5 | Loss: 0.0170 | Q: 5.26 | Grad: 0.33 | Eps: 0.050 | Time: 0.8s
Ep 3282 | Rw: 107.3 | Loss: 0.0143 | Q: 5.26 | Grad: 0.33 | Eps: 0.050 | Time: 0.6s
Ep 3283 | Rw: 125.0 | Loss: 0.0127 | Q: 5.27 | Grad: 0.36 | Eps: 0.050 | Time: 0.8s
Ep 3284 | Rw: 29.5 | Loss: 0.0184 | Q: 5.28 | Grad: 0.37 | Eps: 0.050 | Time: 0.8s
Ep 3285 | Rw: -6.6 | Loss: 0.0173 | Q: 5.28 | Grad: 0.38 | Eps: 0.050 | Time: 0.8s
Ep 3286 | Rw: 30.5 | Loss: 0.0173 | Q: 5.28 | Grad: 0.41 | Eps: 0.050 | Time: 0.8s
Ep 3287 | Rw: 27.5 | Loss: 0.0150 | Q: 5.29 | Grad: 0.41 | Eps: 0.050 | Time: 0.8s
Ep 3288 | Rw: 104.4 | Loss: 0.0187 | Q: 5.28 | Grad: 0.38 | Eps: 0.050 | Time: 0.6s
Ep 3289 | Rw: 22.6 | Loss: 0.0177 | Q: 5.29 | Grad: 0.38 | Eps: 0.050 | Time: 0.8s
Ep 3290 | Rw: 106.5 | Loss: 0.0183 | Q: 5.28 | Grad: 0.35 | Eps: 0.050 | Time: 0.4s
Ep 3291 | Rw: 33.8 | Loss: 0.0161 | Q: 5.30 | Grad: 0.39 | Eps: 0.050 | Time: 0.8s
Ep 3292 | Rw: 15.9 | Loss: 0.0176 | Q: 5.29 | Grad: 0.35 | Eps: 0.050 | Time: 0.8s
Ep 3293 | Rw: 1.0 | Loss: 0.0178 | Q: 5.28 | Grad: 0.47 | Eps: 0.050 | Time: 0.8s
Ep 3294 | Rw: 25.7 | Loss: 0.0224 | Q: 5.28 | Grad: 0.46 | Eps: 0.050 | Time: 0.8s
Ep 3295 | Rw: 104.6 | Loss: 0.0245 | Q: 5.29 | Grad: 0.43 | Eps: 0.050 | Time: 0.5s
Ep 3296 | Rw: 30.6 | Loss: 0.0224 | Q: 5.29 | Grad: 0.40 | Eps: 0.050 | Time: 0.8s
Ep 3297 | Rw: 27.8 | Loss: 0.0140 | Q: 5.28 | Grad: 0.40 | Eps: 0.050 | Time: 0.8s
Ep 3298 | Rw: 7.0 | Loss: 0.0187 | Q: 5.29 | Grad: 0.35 | Eps: 0.050 | Time: 0.8s
Ep 3299 | Rw: 29.6 | Loss: 0.0166 | Q: 5.29 | Grad: 0.38 | Eps: 0.050 | Time: 0.8s
Ep 3300 | Rw: 36.7 | Loss: 0.0194 | Q: 5.29 | Grad: 0.40 | Eps: 0.050 | Time: 0.8s
  ✓ Saved checkpoint & updated plots in checkpoints/2026-03-12_11-17-00/plots
Ep 3301 | Rw: 28.0 | Loss: 0.0267 | Q: 5.29 | Grad: 0.42 | Eps: 0.050 | Time: 0.8s
Ep 3302 | Rw: 14.4 | Loss: 0.0167 | Q: 5.28 | Grad: 0.38 | Eps: 0.050 | Time: 0.8s
Ep 3303 | Rw: 27.1 | Loss: 0.0138 | Q: 5.29 | Grad: 0.39 | Eps: 0.050 | Time: 1.9s
Ep 3304 | Rw: 37.1 | Loss: 0.0110 | Q: 5.29 | Grad: 0.33 | Eps: 0.050 | Time: 0.8s
Ep 3305 | Rw: 109.4 | Loss: 0.0133 | Q: 5.29 | Grad: 0.46 | Eps: 0.050 | Time: 0.5s
Ep 3306 | Rw: 32.0 | Loss: 0.0160 | Q: 5.29 | Grad: 0.38 | Eps: 0.050 | Time: 0.8s
Ep 3307 | Rw: 29.2 | Loss: 0.0200 | Q: 5.30 | Grad: 0.44 | Eps: 0.050 | Time: 0.8s
Ep 3308 | Rw: 30.6 | Loss: 0.0169 | Q: 5.31 | Grad: 0.41 | Eps: 0.050 | Time: 0.8s
Ep 3309 | Rw: 111.9 | Loss: 0.0232 | Q: 5.32 | Grad: 0.39 | Eps: 0.050 | Time: 0.5s
Ep 3310 | Rw: 25.1 | Loss: 0.0199 | Q: 5.33 | Grad: 0.39 | Eps: 0.050 | Time: 0.8s
Ep 3311 | Rw: 15.5 | Loss: 0.0139 | Q: 5.33 | Grad: 0.39 | Eps: 0.050 | Time: 0.8s
Ep 3312 | Rw: 31.0 | Loss: 0.0213 | Q: 5.33 | Grad: 0.36 | Eps: 0.050 | Time: 0.8s
Ep 3313 | Rw: 109.7 | Loss: 0.0078 | Q: 5.34 | Grad: 0.38 | Eps: 0.050 | Time: 0.5s
Ep 3314 | Rw: 25.7 | Loss: 0.0167 | Q: 5.33 | Grad: 0.33 | Eps: 0.050 | Time: 0.8s
Ep 3315 | Rw: 25.9 | Loss: 0.0160 | Q: 5.32 | Grad: 0.39 | Eps: 0.050 | Time: 0.8s
Ep 3316 | Rw: 32.3 | Loss: 0.0160 | Q: 5.34 | Grad: 0.39 | Eps: 0.050 | Time: 0.8s
Ep 3317 | Rw: 124.6 | Loss: 0.0104 | Q: 5.32 | Grad: 0.37 | Eps: 0.050 | Time: 0.8s
Ep 3318 | Rw: 31.9 | Loss: 0.0231 | Q: 5.33 | Grad: 0.37 | Eps: 0.050 | Time: 0.8s
Ep 3319 | Rw: 34.0 | Loss: 0.0176 | Q: 5.33 | Grad: 0.35 | Eps: 0.050 | Time: 0.8s
Ep 3320 | Rw: 29.6 | Loss: 0.0197 | Q: 5.33 | Grad: 0.43 | Eps: 0.050 | Time: 0.8s
Ep 3321 | Rw: 28.3 | Loss: 0.0164 | Q: 5.32 | Grad: 0.48 | Eps: 0.050 | Time: 0.8s
Ep 3322 | Rw: 113.7 | Loss: 0.0238 | Q: 5.32 | Grad: 0.42 | Eps: 0.050 | Time: 0.8s
Ep 3323 | Rw: 36.6 | Loss: 0.0152 | Q: 5.33 | Grad: 0.33 | Eps: 0.050 | Time: 0.8s
Ep 3324 | Rw: 30.7 | Loss: 0.0214 | Q: 5.32 | Grad: 0.39 | Eps: 0.050 | Time: 0.8s
Ep 3325 | Rw: 28.6 | Loss: 0.0154 | Q: 5.33 | Grad: 0.39 | Eps: 0.050 | Time: 0.8s
Ep 3326 | Rw: 13.8 | Loss: 0.0133 | Q: 5.33 | Grad: 0.40 | Eps: 0.050 | Time: 0.8s
Ep 3327 | Rw: 33.6 | Loss: 0.0165 | Q: 5.33 | Grad: 0.36 | Eps: 0.050 | Time: 0.8s
Ep 3328 | Rw: 26.2 | Loss: 0.0168 | Q: 5.32 | Grad: 0.39 | Eps: 0.050 | Time: 0.8s
Ep 3329 | Rw: 24.2 | Loss: 0.0139 | Q: 5.35 | Grad: 0.36 | Eps: 0.050 | Time: 0.8s
Ep 3330 | Rw: 19.9 | Loss: 0.0188 | Q: 5.38 | Grad: 0.35 | Eps: 0.050 | Time: 0.8s
Ep 3331 | Rw: 26.1 | Loss: 0.0212 | Q: 5.37 | Grad: 0.33 | Eps: 0.050 | Time: 0.8s
Ep 3332 | Rw: 15.4 | Loss: 0.0188 | Q: 5.37 | Grad: 0.40 | Eps: 0.050 | Time: 0.8s
Ep 3333 | Rw: 24.3 | Loss: 0.0200 | Q: 5.37 | Grad: 0.40 | Eps: 0.050 | Time: 0.8s
Ep 3334 | Rw: 117.0 | Loss: 0.0198 | Q: 5.37 | Grad: 0.35 | Eps: 0.050 | Time: 0.6s
Ep 3335 | Rw: 99.4 | Loss: 0.0148 | Q: 5.37 | Grad: 0.35 | Eps: 0.050 | Time: 0.7s
Ep 3336 | Rw: 21.1 | Loss: 0.0183 | Q: 5.37 | Grad: 0.34 | Eps: 0.050 | Time: 0.8s
Ep 3337 | Rw: 26.9 | Loss: 0.0168 | Q: 5.37 | Grad: 0.36 | Eps: 0.050 | Time: 0.8s
Ep 3338 | Rw: 23.0 | Loss: 0.0192 | Q: 5.37 | Grad: 0.37 | Eps: 0.050 | Time: 0.8s
Ep 3339 | Rw: 35.7 | Loss: 0.0111 | Q: 5.36 | Grad: 0.36 | Eps: 0.050 | Time: 0.8s
Ep 3340 | Rw: 17.2 | Loss: 0.0175 | Q: 5.37 | Grad: 0.40 | Eps: 0.050 | Time: 0.8s
Ep 3341 | Rw: 26.5 | Loss: 0.0143 | Q: 5.36 | Grad: 0.37 | Eps: 0.050 | Time: 1.9s
Ep 3342 | Rw: 7.5 | Loss: 0.0143 | Q: 5.37 | Grad: 0.34 | Eps: 0.050 | Time: 0.8s
Ep 3343 | Rw: 128.0 | Loss: 0.0207 | Q: 5.36 | Grad: 0.37 | Eps: 0.050 | Time: 0.8s
Ep 3344 | Rw: 4.9 | Loss: 0.0176 | Q: 5.37 | Grad: 0.35 | Eps: 0.050 | Time: 0.8s
Ep 3345 | Rw: 22.9 | Loss: 0.0139 | Q: 5.36 | Grad: 0.35 | Eps: 0.050 | Time: 0.8s
Ep 3346 | Rw: 31.3 | Loss: 0.0225 | Q: 5.36 | Grad: 0.41 | Eps: 0.050 | Time: 0.8s
Ep 3347 | Rw: 18.3 | Loss: 0.0134 | Q: 5.37 | Grad: 0.36 | Eps: 0.050 | Time: 0.8s
Ep 3348 | Rw: 18.2 | Loss: 0.0185 | Q: 5.37 | Grad: 0.39 | Eps: 0.050 | Time: 0.8s
Ep 3349 | Rw: 22.5 | Loss: 0.0188 | Q: 5.36 | Grad: 0.39 | Eps: 0.050 | Time: 0.8s
Ep 3350 | Rw: 108.8 | Loss: 0.0200 | Q: 5.41 | Grad: 0.40 | Eps: 0.050 | Time: 0.7s
  ✓ Saved checkpoint & updated plots in checkpoints/2026-03-12_11-17-00/plots
Ep 3351 | Rw: 118.8 | Loss: 0.0166 | Q: 5.42 | Grad: 0.37 | Eps: 0.050 | Time: 0.6s
Ep 3352 | Rw: 111.4 | Loss: 0.0161 | Q: 5.41 | Grad: 0.34 | Eps: 0.050 | Time: 0.5s
Ep 3353 | Rw: 32.9 | Loss: 0.0152 | Q: 5.42 | Grad: 0.32 | Eps: 0.050 | Time: 0.8s
Ep 3354 | Rw: 15.9 | Loss: 0.0198 | Q: 5.43 | Grad: 0.33 | Eps: 0.050 | Time: 0.8s
Ep 3355 | Rw: 36.0 | Loss: 0.0159 | Q: 5.44 | Grad: 0.33 | Eps: 0.050 | Time: 0.8s
Ep 3356 | Rw: 29.5 | Loss: 0.0171 | Q: 5.42 | Grad: 0.36 | Eps: 0.050 | Time: 0.8s
Ep 3357 | Rw: 109.0 | Loss: 0.0129 | Q: 5.42 | Grad: 0.34 | Eps: 0.050 | Time: 0.5s
Ep 3358 | Rw: 28.5 | Loss: 0.0131 | Q: 5.42 | Grad: 0.35 | Eps: 0.050 | Time: 0.8s
Ep 3359 | Rw: 14.1 | Loss: 0.0112 | Q: 5.44 | Grad: 0.38 | Eps: 0.050 | Time: 0.8s
Ep 3360 | Rw: 18.1 | Loss: 0.0136 | Q: 5.43 | Grad: 0.34 | Eps: 0.050 | Time: 0.8s
Ep 3361 | Rw: 16.3 | Loss: 0.0166 | Q: 5.43 | Grad: 0.36 | Eps: 0.050 | Time: 0.8s
Ep 3362 | Rw: 29.1 | Loss: 0.0148 | Q: 5.43 | Grad: 0.34 | Eps: 0.050 | Time: 0.8s
Ep 3363 | Rw: 22.6 | Loss: 0.0138 | Q: 5.42 | Grad: 0.38 | Eps: 0.050 | Time: 0.8s
Ep 3364 | Rw: 30.2 | Loss: 0.0263 | Q: 5.42 | Grad: 0.40 | Eps: 0.050 | Time: 0.8s
Ep 3365 | Rw: 118.8 | Loss: 0.0230 | Q: 5.42 | Grad: 0.41 | Eps: 0.050 | Time: 0.7s
Ep 3366 | Rw: 25.8 | Loss: 0.0171 | Q: 5.43 | Grad: 0.37 | Eps: 0.050 | Time: 0.8s
Ep 3367 | Rw: 15.5 | Loss: 0.0165 | Q: 5.43 | Grad: 0.34 | Eps: 0.050 | Time: 0.8s
Ep 3368 | Rw: 15.6 | Loss: 0.0172 | Q: 5.43 | Grad: 0.33 | Eps: 0.050 | Time: 0.8s
Ep 3369 | Rw: 32.3 | Loss: 0.0164 | Q: 5.42 | Grad: 0.36 | Eps: 0.050 | Time: 0.8s
Ep 3370 | Rw: 19.1 | Loss: 0.0202 | Q: 5.43 | Grad: 0.36 | Eps: 0.050 | Time: 0.8s
Ep 3371 | Rw: 30.3 | Loss: 0.0158 | Q: 5.41 | Grad: 0.38 | Eps: 0.050 | Time: 0.8s
Ep 3372 | Rw: 112.7 | Loss: 0.0116 | Q: 5.44 | Grad: 0.35 | Eps: 0.050 | Time: 0.5s
Ep 3373 | Rw: 22.0 | Loss: 0.0214 | Q: 5.46 | Grad: 0.34 | Eps: 0.050 | Time: 0.8s
Ep 3374 | Rw: 25.4 | Loss: 0.0147 | Q: 5.44 | Grad: 0.34 | Eps: 0.050 | Time: 0.8s
Ep 3375 | Rw: 28.9 | Loss: 0.0155 | Q: 5.45 | Grad: 0.34 | Eps: 0.050 | Time: 0.8s
Ep 3376 | Rw: 31.8 | Loss: 0.0182 | Q: 5.45 | Grad: 0.35 | Eps: 0.050 | Time: 0.8s
Ep 3377 | Rw: 123.2 | Loss: 0.0181 | Q: 5.45 | Grad: 0.34 | Eps: 0.050 | Time: 0.7s
Ep 3378 | Rw: 17.6 | Loss: 0.0156 | Q: 5.45 | Grad: 0.39 | Eps: 0.050 | Time: 1.9s
Ep 3379 | Rw: 32.9 | Loss: 0.0188 | Q: 5.44 | Grad: 0.33 | Eps: 0.050 | Time: 0.8s
Ep 3380 | Rw: 32.3 | Loss: 0.0141 | Q: 5.44 | Grad: 0.36 | Eps: 0.050 | Time: 0.8s
Ep 3381 | Rw: 20.5 | Loss: 0.0154 | Q: 5.44 | Grad: 0.34 | Eps: 0.050 | Time: 0.8s
Ep 3382 | Rw: 24.9 | Loss: 0.0188 | Q: 5.45 | Grad: 0.35 | Eps: 0.050 | Time: 0.8s
Ep 3383 | Rw: 35.3 | Loss: 0.0157 | Q: 5.44 | Grad: 0.37 | Eps: 0.050 | Time: 0.8s
Ep 3384 | Rw: 36.9 | Loss: 0.0099 | Q: 5.44 | Grad: 0.31 | Eps: 0.050 | Time: 0.8s
Ep 3385 | Rw: 29.5 | Loss: 0.0214 | Q: 5.45 | Grad: 0.37 | Eps: 0.050 | Time: 0.8s
Ep 3386 | Rw: 20.2 | Loss: 0.0169 | Q: 5.44 | Grad: 0.34 | Eps: 0.050 | Time: 0.8s
Ep 3387 | Rw: 8.5 | Loss: 0.0131 | Q: 5.45 | Grad: 0.35 | Eps: 0.050 | Time: 0.8s
Ep 3388 | Rw: 25.6 | Loss: 0.0127 | Q: 5.45 | Grad: 0.35 | Eps: 0.050 | Time: 0.8s
Ep 3389 | Rw: 111.1 | Loss: 0.0245 | Q: 5.46 | Grad: 0.34 | Eps: 0.050 | Time: 0.5s
Ep 3390 | Rw: 114.9 | Loss: 0.0141 | Q: 5.45 | Grad: 0.30 | Eps: 0.050 | Time: 0.5s
Ep 3391 | Rw: 109.4 | Loss: 0.0205 | Q: 5.43 | Grad: 0.32 | Eps: 0.050 | Time: 0.4s
Ep 3392 | Rw: 103.0 | Loss: 0.0144 | Q: 5.46 | Grad: 0.28 | Eps: 0.050 | Time: 0.5s
Ep 3393 | Rw: 25.8 | Loss: 0.0191 | Q: 5.43 | Grad: 0.42 | Eps: 0.050 | Time: 0.8s
Ep 3394 | Rw: 29.6 | Loss: 0.0193 | Q: 5.44 | Grad: 0.35 | Eps: 0.050 | Time: 0.8s
Ep 3395 | Rw: 28.7 | Loss: 0.0130 | Q: 5.47 | Grad: 0.30 | Eps: 0.050 | Time: 0.8s
Ep 3396 | Rw: 105.6 | Loss: 0.0249 | Q: 5.48 | Grad: 0.30 | Eps: 0.050 | Time: 0.5s
Ep 3397 | Rw: 28.1 | Loss: 0.0173 | Q: 5.48 | Grad: 0.32 | Eps: 0.050 | Time: 0.8s
Ep 3398 | Rw: 23.4 | Loss: 0.0159 | Q: 5.47 | Grad: 0.27 | Eps: 0.050 | Time: 0.8s
Ep 3399 | Rw: 15.7 | Loss: 0.0148 | Q: 5.48 | Grad: 0.33 | Eps: 0.050 | Time: 0.8s
Ep 3400 | Rw: 31.7 | Loss: 0.0191 | Q: 5.48 | Grad: 0.31 | Eps: 0.050 | Time: 0.8s
  ✓ Saved checkpoint & updated plots in checkpoints/2026-03-12_11-17-00/plots
Ep 3401 | Rw: 27.7 | Loss: 0.0227 | Q: 5.48 | Grad: 0.35 | Eps: 0.050 | Time: 0.8s
Ep 3402 | Rw: 118.2 | Loss: 0.0150 | Q: 5.48 | Grad: 0.36 | Eps: 0.050 | Time: 0.7s
Ep 3403 | Rw: 33.1 | Loss: 0.0145 | Q: 5.47 | Grad: 0.35 | Eps: 0.050 | Time: 0.8s
Ep 3404 | Rw: 130.4 | Loss: 0.0163 | Q: 5.47 | Grad: 0.32 | Eps: 0.050 | Time: 0.8s
Ep 3405 | Rw: 106.0 | Loss: 0.0185 | Q: 5.46 | Grad: 0.29 | Eps: 0.050 | Time: 0.4s
Ep 3406 | Rw: -15.9 | Loss: 0.0190 | Q: 5.47 | Grad: 0.30 | Eps: 0.050 | Time: 0.8s
Ep 3407 | Rw: 12.9 | Loss: 0.0221 | Q: 5.47 | Grad: 0.32 | Eps: 0.050 | Time: 0.8s
Ep 3408 | Rw: 118.4 | Loss: 0.0233 | Q: 5.46 | Grad: 0.29 | Eps: 0.050 | Time: 0.6s
Ep 3409 | Rw: 17.7 | Loss: 0.0158 | Q: 5.48 | Grad: 0.29 | Eps: 0.050 | Time: 0.8s
Ep 3410 | Rw: 33.5 | Loss: 0.0131 | Q: 5.48 | Grad: 0.33 | Eps: 0.050 | Time: 0.8s
Ep 3411 | Rw: 21.1 | Loss: 0.0176 | Q: 5.48 | Grad: 0.33 | Eps: 0.050 | Time: 0.8s
Ep 3412 | Rw: 20.4 | Loss: 0.0109 | Q: 5.46 | Grad: 0.32 | Eps: 0.050 | Time: 0.8s
Ep 3413 | Rw: 38.5 | Loss: 0.0189 | Q: 5.48 | Grad: 0.28 | Eps: 0.050 | Time: 0.8s
Ep 3414 | Rw: 30.2 | Loss: 0.0195 | Q: 5.47 | Grad: 0.31 | Eps: 0.050 | Time: 0.8s
Ep 3415 | Rw: 31.2 | Loss: 0.0147 | Q: 5.48 | Grad: 0.27 | Eps: 0.050 | Time: 1.9s
Ep 3416 | Rw: 13.5 | Loss: 0.0192 | Q: 5.48 | Grad: 0.37 | Eps: 0.050 | Time: 0.8s
Ep 3417 | Rw: 29.5 | Loss: 0.0168 | Q: 5.51 | Grad: 0.34 | Eps: 0.050 | Time: 0.8s
Ep 3418 | Rw: 109.9 | Loss: 0.0153 | Q: 5.51 | Grad: 0.38 | Eps: 0.050 | Time: 0.6s
Ep 3419 | Rw: 36.0 | Loss: 0.0186 | Q: 5.51 | Grad: 0.35 | Eps: 0.050 | Time: 0.8s
Ep 3420 | Rw: -14.8 | Loss: 0.0162 | Q: 5.50 | Grad: 0.35 | Eps: 0.050 | Time: 0.8s
Ep 3421 | Rw: -17.2 | Loss: 0.0165 | Q: 5.48 | Grad: 0.31 | Eps: 0.050 | Time: 0.8s
Ep 3422 | Rw: 35.5 | Loss: 0.0185 | Q: 5.50 | Grad: 0.32 | Eps: 0.050 | Time: 0.8s
Ep 3423 | Rw: 24.8 | Loss: 0.0182 | Q: 5.49 | Grad: 0.33 | Eps: 0.050 | Time: 0.8s
Ep 3424 | Rw: 31.7 | Loss: 0.0228 | Q: 5.50 | Grad: 0.32 | Eps: 0.050 | Time: 0.8s
Ep 3425 | Rw: 19.0 | Loss: 0.0180 | Q: 5.49 | Grad: 0.34 | Eps: 0.050 | Time: 0.8s
Ep 3426 | Rw: 23.4 | Loss: 0.0169 | Q: 5.51 | Grad: 0.31 | Eps: 0.050 | Time: 0.8s
Ep 3427 | Rw: 30.7 | Loss: 0.0176 | Q: 5.49 | Grad: 0.33 | Eps: 0.050 | Time: 0.8s
Ep 3428 | Rw: 27.2 | Loss: 0.0212 | Q: 5.50 | Grad: 0.32 | Eps: 0.050 | Time: 0.8s
Ep 3429 | Rw: 24.3 | Loss: 0.0149 | Q: 5.50 | Grad: 0.33 | Eps: 0.050 | Time: 0.8s
Ep 3430 | Rw: 31.9 | Loss: 0.0199 | Q: 5.50 | Grad: 0.38 | Eps: 0.050 | Time: 0.8s
Ep 3431 | Rw: 15.8 | Loss: 0.0148 | Q: 5.49 | Grad: 0.32 | Eps: 0.050 | Time: 0.8s
Ep 3432 | Rw: 105.0 | Loss: 0.0127 | Q: 5.51 | Grad: 0.27 | Eps: 0.050 | Time: 0.5s
Ep 3433 | Rw: 33.1 | Loss: 0.0184 | Q: 5.49 | Grad: 0.30 | Eps: 0.050 | Time: 0.8s
Ep 3434 | Rw: 19.8 | Loss: 0.0209 | Q: 5.50 | Grad: 0.35 | Eps: 0.050 | Time: 0.8s
Ep 3435 | Rw: 35.7 | Loss: 0.0194 | Q: 5.50 | Grad: 0.36 | Eps: 0.050 | Time: 0.8s
Ep 3436 | Rw: 16.8 | Loss: 0.0134 | Q: 5.50 | Grad: 0.28 | Eps: 0.050 | Time: 0.8s
Ep 3437 | Rw: 129.1 | Loss: 0.0177 | Q: 5.50 | Grad: 0.35 | Eps: 0.050 | Time: 0.7s
Ep 3438 | Rw: 25.7 | Loss: 0.0141 | Q: 5.54 | Grad: 0.35 | Eps: 0.050 | Time: 0.8s
Ep 3439 | Rw: 124.7 | Loss: 0.0146 | Q: 5.55 | Grad: 0.34 | Eps: 0.050 | Time: 0.7s
Ep 3440 | Rw: 22.2 | Loss: 0.0165 | Q: 5.54 | Grad: 0.30 | Eps: 0.050 | Time: 0.8s
Ep 3441 | Rw: 26.5 | Loss: 0.0173 | Q: 5.55 | Grad: 0.36 | Eps: 0.050 | Time: 0.8s
Ep 3442 | Rw: 38.5 | Loss: 0.0142 | Q: 5.53 | Grad: 0.31 | Eps: 0.050 | Time: 0.8s
Ep 3443 | Rw: 19.5 | Loss: 0.0217 | Q: 5.54 | Grad: 0.34 | Eps: 0.050 | Time: 0.8s
Ep 3444 | Rw: 28.3 | Loss: 0.0130 | Q: 5.54 | Grad: 0.31 | Eps: 0.050 | Time: 0.8s
Ep 3445 | Rw: 25.6 | Loss: 0.0181 | Q: 5.53 | Grad: 0.30 | Eps: 0.050 | Time: 0.8s
Ep 3446 | Rw: 31.1 | Loss: 0.0184 | Q: 5.54 | Grad: 0.30 | Eps: 0.050 | Time: 0.8s
Ep 3447 | Rw: 34.9 | Loss: 0.0091 | Q: 5.56 | Grad: 0.30 | Eps: 0.050 | Time: 0.8s
Ep 3448 | Rw: 21.6 | Loss: 0.0164 | Q: 5.54 | Grad: 0.32 | Eps: 0.050 | Time: 0.8s
Ep 3449 | Rw: 17.6 | Loss: 0.0142 | Q: 5.54 | Grad: 0.33 | Eps: 0.050 | Time: 0.8s
Ep 3450 | Rw: 16.7 | Loss: 0.0201 | Q: 5.54 | Grad: 0.33 | Eps: 0.050 | Time: 0.8s
  ✓ Saved checkpoint & updated plots in checkpoints/2026-03-12_11-17-00/plots
Ep 3451 | Rw: 27.1 | Loss: 0.0206 | Q: 5.54 | Grad: 0.33 | Eps: 0.050 | Time: 0.8s
Ep 3452 | Rw: 21.5 | Loss: 0.0170 | Q: 5.54 | Grad: 0.35 | Eps: 0.050 | Time: 1.9s
Ep 3453 | Rw: 22.4 | Loss: 0.0182 | Q: 5.55 | Grad: 0.30 | Eps: 0.050 | Time: 0.8s
Ep 3454 | Rw: 29.1 | Loss: 0.0169 | Q: 5.54 | Grad: 0.31 | Eps: 0.050 | Time: 0.8s
Ep 3455 | Rw: 37.4 | Loss: 0.0156 | Q: 5.54 | Grad: 0.32 | Eps: 0.050 | Time: 0.8s
Ep 3456 | Rw: -7.7 | Loss: 0.0192 | Q: 5.55 | Grad: 0.32 | Eps: 0.050 | Time: 0.8s
Ep 3457 | Rw: 24.5 | Loss: 0.0170 | Q: 5.54 | Grad: 0.34 | Eps: 0.050 | Time: 0.8s
Ep 3458 | Rw: 27.1 | Loss: 0.0166 | Q: 5.56 | Grad: 0.36 | Eps: 0.050 | Time: 0.8s
Ep 3459 | Rw: 33.7 | Loss: 0.0173 | Q: 5.56 | Grad: 0.33 | Eps: 0.050 | Time: 0.8s
Ep 3460 | Rw: 32.8 | Loss: 0.0153 | Q: 5.56 | Grad: 0.28 | Eps: 0.050 | Time: 0.8s
Ep 3461 | Rw: 105.7 | Loss: 0.0198 | Q: 5.56 | Grad: 0.37 | Eps: 0.050 | Time: 0.4s
Ep 3462 | Rw: 32.7 | Loss: 0.0166 | Q: 5.56 | Grad: 0.38 | Eps: 0.050 | Time: 0.8s
Ep 3463 | Rw: 15.9 | Loss: 0.0172 | Q: 5.57 | Grad: 0.34 | Eps: 0.050 | Time: 0.8s
Ep 3464 | Rw: 107.6 | Loss: 0.0176 | Q: 5.56 | Grad: 0.33 | Eps: 0.050 | Time: 0.5s
Ep 3465 | Rw: 119.7 | Loss: 0.0172 | Q: 5.56 | Grad: 0.31 | Eps: 0.050 | Time: 0.7s
Ep 3466 | Rw: 21.1 | Loss: 0.0227 | Q: 5.56 | Grad: 0.33 | Eps: 0.050 | Time: 0.8s
Ep 3467 | Rw: 19.4 | Loss: 0.0140 | Q: 5.56 | Grad: 0.33 | Eps: 0.050 | Time: 0.8s
Ep 3468 | Rw: 101.7 | Loss: 0.0205 | Q: 5.57 | Grad: 0.32 | Eps: 0.050 | Time: 0.7s
Ep 3469 | Rw: 105.0 | Loss: 0.0194 | Q: 5.56 | Grad: 0.34 | Eps: 0.050 | Time: 0.4s
Ep 3470 | Rw: 30.7 | Loss: 0.0147 | Q: 5.56 | Grad: 0.33 | Eps: 0.050 | Time: 0.8s
Ep 3471 | Rw: 28.7 | Loss: 0.0147 | Q: 5.57 | Grad: 0.33 | Eps: 0.050 | Time: 0.8s
Ep 3472 | Rw: 126.0 | Loss: 0.0172 | Q: 5.56 | Grad: 0.33 | Eps: 0.050 | Time: 0.8s
Ep 3473 | Rw: 28.0 | Loss: 0.0157 | Q: 5.56 | Grad: 0.36 | Eps: 0.050 | Time: 0.8s
Ep 3474 | Rw: 30.4 | Loss: 0.0151 | Q: 5.56 | Grad: 0.27 | Eps: 0.050 | Time: 0.8s
Ep 3475 | Rw: 23.7 | Loss: 0.0153 | Q: 5.56 | Grad: 0.35 | Eps: 0.050 | Time: 0.8s
Ep 3476 | Rw: 4.7 | Loss: 0.0149 | Q: 5.57 | Grad: 0.35 | Eps: 0.050 | Time: 0.8s
Ep 3477 | Rw: 33.7 | Loss: 0.0139 | Q: 5.56 | Grad: 0.37 | Eps: 0.050 | Time: 0.8s
Ep 3478 | Rw: 21.4 | Loss: 0.0195 | Q: 5.56 | Grad: 0.34 | Eps: 0.050 | Time: 0.8s
Ep 3479 | Rw: 36.1 | Loss: 0.0208 | Q: 5.57 | Grad: 0.36 | Eps: 0.050 | Time: 0.8s
Ep 3480 | Rw: 29.1 | Loss: 0.0151 | Q: 5.58 | Grad: 0.29 | Eps: 0.050 | Time: 0.8s
Ep 3481 | Rw: 32.8 | Loss: 0.0170 | Q: 5.60 | Grad: 0.34 | Eps: 0.050 | Time: 0.8s
Ep 3482 | Rw: 109.0 | Loss: 0.0161 | Q: 5.59 | Grad: 0.30 | Eps: 0.050 | Time: 0.5s
Ep 3483 | Rw: 21.3 | Loss: 0.0130 | Q: 5.59 | Grad: 0.32 | Eps: 0.050 | Time: 0.8s
Ep 3484 | Rw: 30.0 | Loss: 0.0130 | Q: 5.60 | Grad: 0.33 | Eps: 0.050 | Time: 0.8s
Ep 3485 | Rw: 122.8 | Loss: 0.0185 | Q: 5.60 | Grad: 0.32 | Eps: 0.050 | Time: 0.8s
Ep 3486 | Rw: 25.7 | Loss: 0.0168 | Q: 5.60 | Grad: 0.35 | Eps: 0.050 | Time: 0.8s
Ep 3487 | Rw: 35.4 | Loss: 0.0170 | Q: 5.59 | Grad: 0.34 | Eps: 0.050 | Time: 0.8s
Ep 3488 | Rw: 30.8 | Loss: 0.0129 | Q: 5.59 | Grad: 0.33 | Eps: 0.050 | Time: 0.8s
Ep 3489 | Rw: -2.1 | Loss: 0.0160 | Q: 5.60 | Grad: 0.35 | Eps: 0.050 | Time: 0.8s
Ep 3490 | Rw: 19.0 | Loss: 0.0162 | Q: 5.60 | Grad: 0.29 | Eps: 0.050 | Time: 0.8s
Ep 3491 | Rw: 20.7 | Loss: 0.0236 | Q: 5.61 | Grad: 0.34 | Eps: 0.050 | Time: 0.8s
Ep 3492 | Rw: 131.5 | Loss: 0.0167 | Q: 5.60 | Grad: 0.32 | Eps: 0.050 | Time: 1.9s
Ep 3493 | Rw: 31.4 | Loss: 0.0179 | Q: 5.61 | Grad: 0.35 | Eps: 0.050 | Time: 0.8s
Ep 3494 | Rw: 16.7 | Loss: 0.0151 | Q: 5.59 | Grad: 0.36 | Eps: 0.050 | Time: 0.8s
Ep 3495 | Rw: 37.2 | Loss: 0.0208 | Q: 5.60 | Grad: 0.40 | Eps: 0.050 | Time: 0.8s
Ep 3496 | Rw: 32.6 | Loss: 0.0154 | Q: 5.61 | Grad: 0.32 | Eps: 0.050 | Time: 0.8s
Ep 3497 | Rw: 108.5 | Loss: 0.0176 | Q: 5.60 | Grad: 0.28 | Eps: 0.050 | Time: 0.4s
Ep 3498 | Rw: 12.3 | Loss: 0.0171 | Q: 5.59 | Grad: 0.38 | Eps: 0.050 | Time: 0.8s
Ep 3499 | Rw: 25.6 | Loss: 0.0213 | Q: 5.60 | Grad: 0.30 | Eps: 0.050 | Time: 0.8s
Ep 3500 | Rw: 32.6 | Loss: 0.0175 | Q: 5.60 | Grad: 0.31 | Eps: 0.050 | Time: 0.8s
  ✓ Saved checkpoint & updated plots in checkpoints/2026-03-12_11-17-00/plots
Ep 3501 | Rw: 119.0 | Loss: 0.0164 | Q: 5.61 | Grad: 0.32 | Eps: 0.050 | Time: 0.6s
Ep 3502 | Rw: 25.5 | Loss: 0.0179 | Q: 5.61 | Grad: 0.39 | Eps: 0.050 | Time: 0.8s
Ep 3503 | Rw: 104.9 | Loss: 0.0175 | Q: 5.64 | Grad: 0.35 | Eps: 0.050 | Time: 0.8s
Ep 3504 | Rw: 28.2 | Loss: 0.0159 | Q: 5.63 | Grad: 0.33 | Eps: 0.050 | Time: 0.8s
Ep 3505 | Rw: 29.3 | Loss: 0.0190 | Q: 5.63 | Grad: 0.30 | Eps: 0.050 | Time: 0.8s
Ep 3506 | Rw: 19.9 | Loss: 0.0203 | Q: 5.64 | Grad: 0.34 | Eps: 0.050 | Time: 0.8s
Ep 3507 | Rw: 21.7 | Loss: 0.0133 | Q: 5.63 | Grad: 0.31 | Eps: 0.050 | Time: 0.8s
Ep 3508 | Rw: 28.3 | Loss: 0.0151 | Q: 5.62 | Grad: 0.33 | Eps: 0.050 | Time: 0.8s
Ep 3509 | Rw: 31.6 | Loss: 0.0165 | Q: 5.62 | Grad: 0.33 | Eps: 0.050 | Time: 0.8s
Ep 3510 | Rw: 22.4 | Loss: 0.0149 | Q: 5.63 | Grad: 0.35 | Eps: 0.050 | Time: 0.8s
Ep 3511 | Rw: 24.5 | Loss: 0.0105 | Q: 5.62 | Grad: 0.32 | Eps: 0.050 | Time: 0.8s
Ep 3512 | Rw: 111.6 | Loss: 0.0235 | Q: 5.61 | Grad: 0.32 | Eps: 0.050 | Time: 0.5s
Ep 3513 | Rw: 6.8 | Loss: 0.0155 | Q: 5.63 | Grad: 0.34 | Eps: 0.050 | Time: 0.8s
Ep 3514 | Rw: 104.1 | Loss: 0.0215 | Q: 5.63 | Grad: 0.51 | Eps: 0.050 | Time: 0.3s
Ep 3515 | Rw: 21.3 | Loss: 0.0181 | Q: 5.62 | Grad: 0.39 | Eps: 0.050 | Time: 0.8s
Ep 3516 | Rw: 27.3 | Loss: 0.0169 | Q: 5.61 | Grad: 0.35 | Eps: 0.050 | Time: 0.8s
Ep 3517 | Rw: 21.1 | Loss: 0.0179 | Q: 5.63 | Grad: 0.34 | Eps: 0.050 | Time: 0.8s
Ep 3518 | Rw: 28.0 | Loss: 0.0177 | Q: 5.62 | Grad: 0.35 | Eps: 0.050 | Time: 0.8s
Ep 3519 | Rw: 14.7 | Loss: 0.0122 | Q: 5.62 | Grad: 0.38 | Eps: 0.050 | Time: 0.8s
Ep 3520 | Rw: 26.7 | Loss: 0.0204 | Q: 5.62 | Grad: 0.31 | Eps: 0.050 | Time: 0.8s
Ep 3521 | Rw: 109.4 | Loss: 0.0176 | Q: 5.62 | Grad: 0.38 | Eps: 0.050 | Time: 0.8s
Ep 3522 | Rw: 28.2 | Loss: 0.0174 | Q: 5.62 | Grad: 0.33 | Eps: 0.050 | Time: 0.9s
Ep 3523 | Rw: 22.0 | Loss: 0.0107 | Q: 5.63 | Grad: 0.32 | Eps: 0.050 | Time: 0.8s
Ep 3524 | Rw: 109.5 | Loss: 0.0242 | Q: 5.66 | Grad: 0.29 | Eps: 0.050 | Time: 0.4s
Ep 3525 | Rw: 4.7 | Loss: 0.0189 | Q: 5.65 | Grad: 0.37 | Eps: 0.050 | Time: 0.8s
Ep 3526 | Rw: 30.6 | Loss: 0.0178 | Q: 5.64 | Grad: 0.36 | Eps: 0.050 | Time: 0.8s
Ep 3527 | Rw: 19.7 | Loss: 0.0142 | Q: 5.63 | Grad: 0.42 | Eps: 0.050 | Time: 0.8s
Ep 3528 | Rw: 33.5 | Loss: 0.0174 | Q: 5.65 | Grad: 0.35 | Eps: 0.050 | Time: 0.8s
Ep 3529 | Rw: 37.4 | Loss: 0.0165 | Q: 5.64 | Grad: 0.39 | Eps: 0.050 | Time: 0.8s
Ep 3530 | Rw: 17.2 | Loss: 0.0169 | Q: 5.64 | Grad: 0.36 | Eps: 0.050 | Time: 0.8s
Ep 3531 | Rw: 34.4 | Loss: 0.0143 | Q: 5.64 | Grad: 0.28 | Eps: 0.050 | Time: 2.0s
Ep 3532 | Rw: 33.1 | Loss: 0.0184 | Q: 5.64 | Grad: 0.38 | Eps: 0.050 | Time: 0.8s
Ep 3533 | Rw: 23.2 | Loss: 0.0142 | Q: 5.64 | Grad: 0.38 | Eps: 0.050 | Time: 0.8s
Ep 3534 | Rw: 33.2 | Loss: 0.0166 | Q: 5.64 | Grad: 0.30 | Eps: 0.050 | Time: 0.8s
Ep 3535 | Rw: 28.9 | Loss: 0.0178 | Q: 5.64 | Grad: 0.33 | Eps: 0.050 | Time: 0.8s
Ep 3536 | Rw: 30.3 | Loss: 0.0204 | Q: 5.64 | Grad: 0.34 | Eps: 0.050 | Time: 0.8s
Ep 3537 | Rw: 19.5 | Loss: 0.0171 | Q: 5.65 | Grad: 0.30 | Eps: 0.050 | Time: 0.8s
Ep 3538 | Rw: 31.6 | Loss: 0.0165 | Q: 5.65 | Grad: 0.32 | Eps: 0.050 | Time: 0.8s
Ep 3539 | Rw: 35.2 | Loss: 0.0168 | Q: 5.65 | Grad: 0.34 | Eps: 0.050 | Time: 0.8s
Ep 3540 | Rw: 25.6 | Loss: 0.0179 | Q: 5.65 | Grad: 0.34 | Eps: 0.050 | Time: 0.8s
Ep 3541 | Rw: 23.8 | Loss: 0.0140 | Q: 5.64 | Grad: 0.32 | Eps: 0.050 | Time: 0.8s
Ep 3542 | Rw: -0.4 | Loss: 0.0199 | Q: 5.66 | Grad: 0.38 | Eps: 0.050 | Time: 0.8s
Ep 3543 | Rw: 101.2 | Loss: 0.0169 | Q: 5.65 | Grad: 0.32 | Eps: 0.050 | Time: 0.6s
Ep 3544 | Rw: 32.3 | Loss: 0.0114 | Q: 5.65 | Grad: 0.34 | Eps: 0.050 | Time: 0.8s
Ep 3545 | Rw: 26.8 | Loss: 0.0228 | Q: 5.66 | Grad: 0.36 | Eps: 0.050 | Time: 0.8s
Ep 3546 | Rw: 34.4 | Loss: 0.0125 | Q: 5.65 | Grad: 0.36 | Eps: 0.050 | Time: 0.8s
Ep 3547 | Rw: 35.6 | Loss: 0.0153 | Q: 5.65 | Grad: 0.38 | Eps: 0.050 | Time: 0.8s
Ep 3548 | Rw: 19.4 | Loss: 0.0192 | Q: 5.66 | Grad: 0.34 | Eps: 0.050 | Time: 0.8s
Ep 3549 | Rw: 31.9 | Loss: 0.0179 | Q: 5.64 | Grad: 0.36 | Eps: 0.050 | Time: 0.9s
Ep 3550 | Rw: 30.0 | Loss: 0.0119 | Q: 5.65 | Grad: 0.35 | Eps: 0.050 | Time: 0.8s
  ✓ Saved checkpoint & updated plots in checkpoints/2026-03-12_11-17-00/plots
Ep 3551 | Rw: 21.9 | Loss: 0.0172 | Q: 5.63 | Grad: 0.37 | Eps: 0.050 | Time: 0.8s
Ep 3552 | Rw: 32.7 | Loss: 0.0172 | Q: 5.66 | Grad: 0.41 | Eps: 0.050 | Time: 0.8s
Ep 3553 | Rw: 14.6 | Loss: 0.0147 | Q: 5.64 | Grad: 0.35 | Eps: 0.050 | Time: 0.8s
Ep 3554 | Rw: 29.3 | Loss: 0.0174 | Q: 5.65 | Grad: 0.33 | Eps: 0.050 | Time: 0.8s
Ep 3555 | Rw: -8.7 | Loss: 0.0196 | Q: 5.65 | Grad: 0.37 | Eps: 0.050 | Time: 0.8s
Ep 3556 | Rw: 108.5 | Loss: 0.0154 | Q: 5.66 | Grad: 0.39 | Eps: 0.050 | Time: 0.5s
Ep 3557 | Rw: 27.2 | Loss: 0.0237 | Q: 5.65 | Grad: 0.34 | Eps: 0.050 | Time: 0.8s
Ep 3558 | Rw: 135.9 | Loss: 0.0168 | Q: 5.66 | Grad: 0.38 | Eps: 0.050 | Time: 0.8s
Ep 3559 | Rw: 37.1 | Loss: 0.0159 | Q: 5.64 | Grad: 0.36 | Eps: 0.050 | Time: 0.8s
Ep 3560 | Rw: 130.1 | Loss: 0.0130 | Q: 5.65 | Grad: 0.36 | Eps: 0.050 | Time: 0.8s
Ep 3561 | Rw: 21.8 | Loss: 0.0186 | Q: 5.67 | Grad: 0.35 | Eps: 0.050 | Time: 0.8s
Ep 3562 | Rw: 31.8 | Loss: 0.0214 | Q: 5.65 | Grad: 0.33 | Eps: 0.050 | Time: 0.8s
Ep 3563 | Rw: 27.6 | Loss: 0.0185 | Q: 5.65 | Grad: 0.34 | Eps: 0.050 | Time: 0.8s
Ep 3564 | Rw: 121.0 | Loss: 0.0149 | Q: 5.66 | Grad: 0.32 | Eps: 0.050 | Time: 0.8s
Ep 3565 | Rw: 114.8 | Loss: 0.0127 | Q: 5.66 | Grad: 0.36 | Eps: 0.050 | Time: 0.7s
Ep 3566 | Rw: 33.1 | Loss: 0.0164 | Q: 5.70 | Grad: 0.36 | Eps: 0.050 | Time: 0.8s
Ep 3567 | Rw: 29.7 | Loss: 0.0172 | Q: 5.69 | Grad: 0.34 | Eps: 0.050 | Time: 0.8s
Ep 3568 | Rw: 29.7 | Loss: 0.0162 | Q: 5.70 | Grad: 0.34 | Eps: 0.050 | Time: 0.8s
Ep 3569 | Rw: 31.7 | Loss: 0.0207 | Q: 5.69 | Grad: 0.36 | Eps: 0.050 | Time: 2.0s
Ep 3570 | Rw: 29.5 | Loss: 0.0145 | Q: 5.69 | Grad: 0.40 | Eps: 0.050 | Time: 0.8s
Ep 3571 | Rw: 7.7 | Loss: 0.0231 | Q: 5.70 | Grad: 0.42 | Eps: 0.050 | Time: 0.8s
Ep 3572 | Rw: 128.1 | Loss: 0.0182 | Q: 5.70 | Grad: 0.39 | Eps: 0.050 | Time: 0.7s
Ep 3573 | Rw: 24.1 | Loss: 0.0207 | Q: 5.69 | Grad: 0.37 | Eps: 0.050 | Time: 0.8s
Ep 3574 | Rw: 15.9 | Loss: 0.0149 | Q: 5.69 | Grad: 0.34 | Eps: 0.050 | Time: 0.8s
Ep 3575 | Rw: 18.7 | Loss: 0.0167 | Q: 5.69 | Grad: 0.32 | Eps: 0.050 | Time: 0.8s
Ep 3576 | Rw: 19.1 | Loss: 0.0188 | Q: 5.69 | Grad: 0.34 | Eps: 0.050 | Time: 0.8s
Ep 3577 | Rw: 26.4 | Loss: 0.0184 | Q: 5.70 | Grad: 0.34 | Eps: 0.050 | Time: 0.8s
Ep 3578 | Rw: 16.1 | Loss: 0.0187 | Q: 5.69 | Grad: 0.38 | Eps: 0.050 | Time: 0.8s
Ep 3579 | Rw: 34.7 | Loss: 0.0191 | Q: 5.70 | Grad: 0.34 | Eps: 0.050 | Time: 0.8s
Ep 3580 | Rw: 25.0 | Loss: 0.0187 | Q: 5.70 | Grad: 0.39 | Eps: 0.050 | Time: 0.8s
Ep 3581 | Rw: 123.9 | Loss: 0.0176 | Q: 5.70 | Grad: 0.41 | Eps: 0.050 | Time: 0.7s
Ep 3582 | Rw: 13.0 | Loss: 0.0159 | Q: 5.69 | Grad: 0.31 | Eps: 0.050 | Time: 0.8s
Ep 3583 | Rw: 24.8 | Loss: 0.0209 | Q: 5.71 | Grad: 0.36 | Eps: 0.050 | Time: 0.8s
Ep 3584 | Rw: 33.0 | Loss: 0.0155 | Q: 5.70 | Grad: 0.33 | Eps: 0.050 | Time: 0.8s
Ep 3585 | Rw: 29.9 | Loss: 0.0159 | Q: 5.70 | Grad: 0.38 | Eps: 0.050 | Time: 0.8s
Ep 3586 | Rw: 13.0 | Loss: 0.0175 | Q: 5.72 | Grad: 0.34 | Eps: 0.050 | Time: 0.8s
Ep 3587 | Rw: 19.0 | Loss: 0.0161 | Q: 5.72 | Grad: 0.36 | Eps: 0.050 | Time: 0.8s
Ep 3588 | Rw: 17.0 | Loss: 0.0162 | Q: 5.73 | Grad: 0.34 | Eps: 0.050 | Time: 0.8s
Ep 3589 | Rw: 12.2 | Loss: 0.0150 | Q: 5.73 | Grad: 0.37 | Eps: 0.050 | Time: 0.8s
Ep 3590 | Rw: 37.1 | Loss: 0.0174 | Q: 5.73 | Grad: 0.34 | Eps: 0.050 | Time: 0.8s
Ep 3591 | Rw: 110.7 | Loss: 0.0152 | Q: 5.74 | Grad: 0.35 | Eps: 0.050 | Time: 0.7s
Ep 3592 | Rw: 31.4 | Loss: 0.0185 | Q: 5.72 | Grad: 0.37 | Eps: 0.050 | Time: 0.8s
Ep 3593 | Rw: 30.0 | Loss: 0.0200 | Q: 5.72 | Grad: 0.35 | Eps: 0.050 | Time: 0.8s
Ep 3594 | Rw: 32.1 | Loss: 0.0175 | Q: 5.73 | Grad: 0.38 | Eps: 0.050 | Time: 0.8s
Ep 3595 | Rw: 22.0 | Loss: 0.0143 | Q: 5.73 | Grad: 0.31 | Eps: 0.050 | Time: 0.8s
Ep 3596 | Rw: 34.9 | Loss: 0.0197 | Q: 5.72 | Grad: 0.34 | Eps: 0.050 | Time: 0.8s
Ep 3597 | Rw: 118.1 | Loss: 0.0176 | Q: 5.73 | Grad: 0.41 | Eps: 0.050 | Time: 0.6s
Ep 3598 | Rw: 23.0 | Loss: 0.0158 | Q: 5.73 | Grad: 0.33 | Eps: 0.050 | Time: 0.8s
Ep 3599 | Rw: 20.6 | Loss: 0.0133 | Q: 5.72 | Grad: 0.38 | Eps: 0.050 | Time: 0.8s
Ep 3600 | Rw: 29.9 | Loss: 0.0187 | Q: 5.74 | Grad: 0.40 | Eps: 0.050 | Time: 0.8s
  ✓ Saved checkpoint & updated plots in checkpoints/2026-03-12_11-17-00/plots
Ep 3601 | Rw: 102.5 | Loss: 0.0231 | Q: 5.72 | Grad: 0.42 | Eps: 0.050 | Time: 0.4s
Ep 3602 | Rw: 105.9 | Loss: 0.0173 | Q: 5.73 | Grad: 0.42 | Eps: 0.050 | Time: 0.7s
Ep 3603 | Rw: 115.6 | Loss: 0.0152 | Q: 5.72 | Grad: 0.32 | Eps: 0.050 | Time: 0.7s
Ep 3604 | Rw: 11.2 | Loss: 0.0176 | Q: 5.72 | Grad: 0.32 | Eps: 0.050 | Time: 0.8s
Ep 3605 | Rw: 37.5 | Loss: 0.0175 | Q: 5.73 | Grad: 0.37 | Eps: 0.050 | Time: 0.8s
Ep 3606 | Rw: 0.4 | Loss: 0.0143 | Q: 5.72 | Grad: 0.37 | Eps: 0.050 | Time: 0.8s
Ep 3607 | Rw: 14.1 | Loss: 0.0207 | Q: 5.72 | Grad: 0.35 | Eps: 0.050 | Time: 0.8s
Ep 3608 | Rw: 18.5 | Loss: 0.0178 | Q: 5.73 | Grad: 0.36 | Eps: 0.050 | Time: 2.0s
Ep 3609 | Rw: 29.2 | Loss: 0.0177 | Q: 5.72 | Grad: 0.38 | Eps: 0.050 | Time: 0.8s
Ep 3610 | Rw: 27.8 | Loss: 0.0151 | Q: 5.71 | Grad: 0.36 | Eps: 0.050 | Time: 0.8s
Ep 3611 | Rw: 102.7 | Loss: 0.0158 | Q: 5.72 | Grad: 0.38 | Eps: 0.050 | Time: 0.4s
Ep 3612 | Rw: 22.5 | Loss: 0.0174 | Q: 5.73 | Grad: 0.38 | Eps: 0.050 | Time: 0.8s
Ep 3613 | Rw: 32.7 | Loss: 0.0155 | Q: 5.72 | Grad: 0.35 | Eps: 0.050 | Time: 0.8s
Ep 3614 | Rw: 126.3 | Loss: 0.0140 | Q: 5.74 | Grad: 0.34 | Eps: 0.050 | Time: 0.8s
Ep 3615 | Rw: 22.7 | Loss: 0.0161 | Q: 5.72 | Grad: 0.38 | Eps: 0.050 | Time: 0.8s
Ep 3616 | Rw: 24.7 | Loss: 0.0182 | Q: 5.73 | Grad: 0.37 | Eps: 0.050 | Time: 0.9s
Ep 3617 | Rw: 25.6 | Loss: 0.0194 | Q: 5.73 | Grad: 0.36 | Eps: 0.050 | Time: 0.8s
Ep 3618 | Rw: 24.8 | Loss: 0.0192 | Q: 5.72 | Grad: 0.33 | Eps: 0.050 | Time: 0.8s
Ep 3619 | Rw: 34.6 | Loss: 0.0194 | Q: 5.72 | Grad: 0.37 | Eps: 0.050 | Time: 0.8s
Ep 3620 | Rw: 18.0 | Loss: 0.0143 | Q: 5.73 | Grad: 0.35 | Eps: 0.050 | Time: 0.8s
Ep 3621 | Rw: 21.8 | Loss: 0.0198 | Q: 5.72 | Grad: 0.36 | Eps: 0.050 | Time: 0.8s
Ep 3622 | Rw: 23.4 | Loss: 0.0186 | Q: 5.72 | Grad: 0.35 | Eps: 0.050 | Time: 0.8s
Ep 3623 | Rw: 26.0 | Loss: 0.0151 | Q: 5.74 | Grad: 0.37 | Eps: 0.050 | Time: 0.8s
Ep 3624 | Rw: 17.8 | Loss: 0.0195 | Q: 5.72 | Grad: 0.46 | Eps: 0.050 | Time: 0.8s
Ep 3625 | Rw: 26.1 | Loss: 0.0174 | Q: 5.72 | Grad: 0.36 | Eps: 0.050 | Time: 0.8s
Ep 3626 | Rw: 31.9 | Loss: 0.0195 | Q: 5.72 | Grad: 0.40 | Eps: 0.050 | Time: 0.8s
Ep 3627 | Rw: 107.5 | Loss: 0.0140 | Q: 5.72 | Grad: 0.35 | Eps: 0.050 | Time: 0.5s
Ep 3628 | Rw: 21.9 | Loss: 0.0163 | Q: 5.72 | Grad: 0.32 | Eps: 0.050 | Time: 0.9s
Ep 3629 | Rw: 28.3 | Loss: 0.0150 | Q: 5.73 | Grad: 0.40 | Eps: 0.050 | Time: 0.8s
Ep 3630 | Rw: 32.5 | Loss: 0.0153 | Q: 5.76 | Grad: 0.31 | Eps: 0.050 | Time: 0.8s
Ep 3631 | Rw: 35.6 | Loss: 0.0173 | Q: 5.74 | Grad: 0.30 | Eps: 0.050 | Time: 0.8s
Ep 3632 | Rw: 27.0 | Loss: 0.0201 | Q: 5.75 | Grad: 0.35 | Eps: 0.050 | Time: 0.8s
Ep 3633 | Rw: 1.7 | Loss: 0.0138 | Q: 5.75 | Grad: 0.29 | Eps: 0.050 | Time: 0.8s
Ep 3634 | Rw: 36.0 | Loss: 0.0176 | Q: 5.74 | Grad: 0.37 | Eps: 0.050 | Time: 0.8s
Ep 3635 | Rw: 0.7 | Loss: 0.0163 | Q: 5.75 | Grad: 0.40 | Eps: 0.050 | Time: 0.8s
Ep 3636 | Rw: 20.8 | Loss: 0.0156 | Q: 5.73 | Grad: 0.37 | Eps: 0.050 | Time: 0.8s
Ep 3637 | Rw: 119.1 | Loss: 0.0142 | Q: 5.75 | Grad: 0.30 | Eps: 0.050 | Time: 0.7s
Ep 3638 | Rw: 32.0 | Loss: 0.0153 | Q: 5.75 | Grad: 0.32 | Eps: 0.050 | Time: 0.8s
Ep 3639 | Rw: 19.2 | Loss: 0.0187 | Q: 5.75 | Grad: 0.37 | Eps: 0.050 | Time: 0.8s
Ep 3640 | Rw: 20.1 | Loss: 0.0130 | Q: 5.75 | Grad: 0.34 | Eps: 0.050 | Time: 0.8s
Ep 3641 | Rw: 118.3 | Loss: 0.0231 | Q: 5.75 | Grad: 0.31 | Eps: 0.050 | Time: 0.6s
Ep 3642 | Rw: 27.5 | Loss: 0.0161 | Q: 5.74 | Grad: 0.36 | Eps: 0.050 | Time: 0.8s
Ep 3643 | Rw: 111.8 | Loss: 0.0163 | Q: 5.74 | Grad: 0.34 | Eps: 0.050 | Time: 0.7s
Ep 3644 | Rw: 127.5 | Loss: 0.0178 | Q: 5.74 | Grad: 0.32 | Eps: 0.050 | Time: 0.8s
Ep 3645 | Rw: 11.5 | Loss: 0.0170 | Q: 5.75 | Grad: 0.31 | Eps: 0.050 | Time: 0.8s
Ep 3646 | Rw: 22.2 | Loss: 0.0101 | Q: 5.74 | Grad: 0.28 | Eps: 0.050 | Time: 0.8s
Ep 3647 | Rw: 19.8 | Loss: 0.0125 | Q: 5.75 | Grad: 0.30 | Eps: 0.050 | Time: 0.8s
Ep 3648 | Rw: 8.5 | Loss: 0.0189 | Q: 5.74 | Grad: 0.39 | Eps: 0.050 | Time: 0.8s
Ep 3649 | Rw: 96.7 | Loss: 0.0125 | Q: 5.73 | Grad: 0.31 | Eps: 0.050 | Time: 0.7s
Ep 3650 | Rw: 18.9 | Loss: 0.0124 | Q: 5.75 | Grad: 0.35 | Eps: 0.050 | Time: 2.1s
  ✓ Saved checkpoint & updated plots in checkpoints/2026-03-12_11-17-00/plots
Ep 3651 | Rw: 24.0 | Loss: 0.0130 | Q: 5.77 | Grad: 0.32 | Eps: 0.050 | Time: 0.8s
Ep 3652 | Rw: 23.8 | Loss: 0.0122 | Q: 5.78 | Grad: 0.31 | Eps: 0.050 | Time: 0.8s
Ep 3653 | Rw: 30.8 | Loss: 0.0129 | Q: 5.77 | Grad: 0.35 | Eps: 0.050 | Time: 0.8s
Ep 3654 | Rw: 118.5 | Loss: 0.0129 | Q: 5.78 | Grad: 0.36 | Eps: 0.050 | Time: 0.6s
Ep 3655 | Rw: 34.0 | Loss: 0.0119 | Q: 5.77 | Grad: 0.29 | Eps: 0.050 | Time: 0.8s
Ep 3656 | Rw: 112.8 | Loss: 0.0155 | Q: 5.77 | Grad: 0.30 | Eps: 0.050 | Time: 0.5s
Ep 3657 | Rw: -10.1 | Loss: 0.0160 | Q: 5.77 | Grad: 0.30 | Eps: 0.050 | Time: 0.8s
Ep 3658 | Rw: 23.0 | Loss: 0.0208 | Q: 5.76 | Grad: 0.39 | Eps: 0.050 | Time: 0.8s
Ep 3659 | Rw: 18.9 | Loss: 0.0133 | Q: 5.77 | Grad: 0.30 | Eps: 0.050 | Time: 0.8s
Ep 3660 | Rw: 130.1 | Loss: 0.0179 | Q: 5.78 | Grad: 0.28 | Eps: 0.050 | Time: 0.8s
Ep 3661 | Rw: 108.6 | Loss: 0.0147 | Q: 5.77 | Grad: 0.32 | Eps: 0.050 | Time: 0.8s
Ep 3662 | Rw: 31.3 | Loss: 0.0203 | Q: 5.77 | Grad: 0.31 | Eps: 0.050 | Time: 0.8s
Ep 3663 | Rw: 25.3 | Loss: 0.0222 | Q: 5.77 | Grad: 0.38 | Eps: 0.050 | Time: 0.8s
Ep 3664 | Rw: 24.5 | Loss: 0.0150 | Q: 5.77 | Grad: 0.27 | Eps: 0.050 | Time: 0.8s
Ep 3665 | Rw: 115.5 | Loss: 0.0130 | Q: 5.77 | Grad: 0.30 | Eps: 0.050 | Time: 0.7s
Ep 3666 | Rw: 27.2 | Loss: 0.0130 | Q: 5.77 | Grad: 0.35 | Eps: 0.050 | Time: 0.8s
Ep 3667 | Rw: 30.8 | Loss: 0.0169 | Q: 5.76 | Grad: 0.30 | Eps: 0.050 | Time: 0.8s
Ep 3668 | Rw: 110.1 | Loss: 0.0195 | Q: 5.77 | Grad: 0.30 | Eps: 0.050 | Time: 0.5s
Ep 3669 | Rw: 102.6 | Loss: 0.0140 | Q: 5.78 | Grad: 0.33 | Eps: 0.050 | Time: 0.4s
Ep 3670 | Rw: 29.6 | Loss: 0.0153 | Q: 5.77 | Grad: 0.29 | Eps: 0.050 | Time: 0.8s
Ep 3671 | Rw: 33.5 | Loss: 0.0202 | Q: 5.77 | Grad: 0.35 | Eps: 0.050 | Time: 0.8s
Ep 3672 | Rw: 19.1 | Loss: 0.0239 | Q: 5.78 | Grad: 0.36 | Eps: 0.050 | Time: 0.8s
Ep 3673 | Rw: 105.3 | Loss: 0.0192 | Q: 5.79 | Grad: 0.40 | Eps: 0.050 | Time: 0.5s
Ep 3674 | Rw: 17.1 | Loss: 0.0181 | Q: 5.79 | Grad: 0.39 | Eps: 0.050 | Time: 0.8s
Ep 3675 | Rw: 26.9 | Loss: 0.0171 | Q: 5.79 | Grad: 0.37 | Eps: 0.050 | Time: 0.8s
Ep 3676 | Rw: 28.6 | Loss: 0.0193 | Q: 5.80 | Grad: 0.35 | Eps: 0.050 | Time: 0.8s
Ep 3677 | Rw: 7.7 | Loss: 0.0168 | Q: 5.79 | Grad: 0.35 | Eps: 0.050 | Time: 0.8s
Ep 3678 | Rw: 30.1 | Loss: 0.0152 | Q: 5.80 | Grad: 0.38 | Eps: 0.050 | Time: 0.8s
Ep 3679 | Rw: 106.4 | Loss: 0.0153 | Q: 5.81 | Grad: 0.49 | Eps: 0.050 | Time: 0.4s
Ep 3680 | Rw: 26.3 | Loss: 0.0219 | Q: 5.79 | Grad: 0.39 | Eps: 0.050 | Time: 0.8s
Ep 3681 | Rw: 27.6 | Loss: 0.0167 | Q: 5.80 | Grad: 0.42 | Eps: 0.050 | Time: 0.8s
Ep 3682 | Rw: 26.8 | Loss: 0.0148 | Q: 5.80 | Grad: 0.32 | Eps: 0.050 | Time: 0.8s
Ep 3683 | Rw: 31.3 | Loss: 0.0207 | Q: 5.78 | Grad: 0.41 | Eps: 0.050 | Time: 0.8s
Ep 3684 | Rw: 23.4 | Loss: 0.0113 | Q: 5.79 | Grad: 0.33 | Eps: 0.050 | Time: 0.8s
Ep 3685 | Rw: -6.5 | Loss: 0.0193 | Q: 5.80 | Grad: 0.34 | Eps: 0.050 | Time: 0.8s
Ep 3686 | Rw: 23.5 | Loss: 0.0132 | Q: 5.78 | Grad: 0.36 | Eps: 0.050 | Time: 0.8s
Ep 3687 | Rw: 28.4 | Loss: 0.0191 | Q: 5.80 | Grad: 0.32 | Eps: 0.050 | Time: 0.8s
Ep 3688 | Rw: 117.0 | Loss: 0.0166 | Q: 5.79 | Grad: 0.32 | Eps: 0.050 | Time: 0.5s
Ep 3689 | Rw: 25.5 | Loss: 0.0151 | Q: 5.80 | Grad: 0.39 | Eps: 0.050 | Time: 2.0s
Ep 3690 | Rw: 31.2 | Loss: 0.0157 | Q: 5.78 | Grad: 0.41 | Eps: 0.050 | Time: 0.8s
Ep 3691 | Rw: 30.8 | Loss: 0.0143 | Q: 5.80 | Grad: 0.38 | Eps: 0.050 | Time: 0.8s
Ep 3692 | Rw: 21.0 | Loss: 0.0133 | Q: 5.79 | Grad: 0.34 | Eps: 0.050 | Time: 0.8s
Ep 3693 | Rw: 115.1 | Loss: 0.0148 | Q: 5.81 | Grad: 0.37 | Eps: 0.050 | Time: 0.6s
Ep 3694 | Rw: 36.2 | Loss: 0.0148 | Q: 5.80 | Grad: 0.33 | Eps: 0.050 | Time: 0.8s
Ep 3695 | Rw: 129.1 | Loss: 0.0157 | Q: 5.81 | Grad: 0.37 | Eps: 0.050 | Time: 0.8s
Ep 3696 | Rw: 30.1 | Loss: 0.0162 | Q: 5.82 | Grad: 0.43 | Eps: 0.050 | Time: 0.8s
Ep 3697 | Rw: 33.2 | Loss: 0.0202 | Q: 5.82 | Grad: 0.44 | Eps: 0.050 | Time: 0.9s
Ep 3698 | Rw: 19.5 | Loss: 0.0155 | Q: 5.80 | Grad: 0.37 | Eps: 0.050 | Time: 0.8s
Ep 3699 | Rw: 21.6 | Loss: 0.0134 | Q: 5.79 | Grad: 0.33 | Eps: 0.050 | Time: 0.8s
Ep 3700 | Rw: 35.4 | Loss: 0.0142 | Q: 5.82 | Grad: 0.35 | Eps: 0.050 | Time: 0.8s
  ✓ Saved checkpoint & updated plots in checkpoints/2026-03-12_11-17-00/plots
Ep 3701 | Rw: 22.5 | Loss: 0.0168 | Q: 5.82 | Grad: 0.38 | Eps: 0.050 | Time: 0.8s
Ep 3702 | Rw: 32.5 | Loss: 0.0152 | Q: 5.80 | Grad: 0.38 | Eps: 0.050 | Time: 0.8s
Ep 3703 | Rw: 27.4 | Loss: 0.0116 | Q: 5.80 | Grad: 0.35 | Eps: 0.050 | Time: 0.8s
Ep 3704 | Rw: 26.5 | Loss: 0.0124 | Q: 5.81 | Grad: 0.34 | Eps: 0.050 | Time: 0.8s
Ep 3705 | Rw: 32.7 | Loss: 0.0130 | Q: 5.81 | Grad: 0.39 | Eps: 0.050 | Time: 0.8s
Ep 3706 | Rw: 37.7 | Loss: 0.0209 | Q: 5.81 | Grad: 0.36 | Eps: 0.050 | Time: 0.8s
Ep 3707 | Rw: 110.4 | Loss: 0.0149 | Q: 5.81 | Grad: 0.42 | Eps: 0.050 | Time: 0.5s
Ep 3708 | Rw: 34.8 | Loss: 0.0150 | Q: 5.81 | Grad: 0.38 | Eps: 0.050 | Time: 0.8s
Ep 3709 | Rw: 13.5 | Loss: 0.0201 | Q: 5.81 | Grad: 0.34 | Eps: 0.050 | Time: 0.8s
Ep 3710 | Rw: 129.0 | Loss: 0.0191 | Q: 5.83 | Grad: 0.38 | Eps: 0.050 | Time: 0.7s
Ep 3711 | Rw: 34.0 | Loss: 0.0178 | Q: 5.81 | Grad: 0.38 | Eps: 0.050 | Time: 0.8s
Ep 3712 | Rw: 102.9 | Loss: 0.0205 | Q: 5.82 | Grad: 0.37 | Eps: 0.050 | Time: 0.4s
Ep 3713 | Rw: 25.8 | Loss: 0.0181 | Q: 5.81 | Grad: 0.34 | Eps: 0.050 | Time: 0.8s
Ep 3714 | Rw: 24.9 | Loss: 0.0217 | Q: 5.81 | Grad: 0.36 | Eps: 0.050 | Time: 0.8s
Ep 3715 | Rw: 13.2 | Loss: 0.0190 | Q: 5.82 | Grad: 0.39 | Eps: 0.050 | Time: 0.8s
Ep 3716 | Rw: 24.3 | Loss: 0.0183 | Q: 5.83 | Grad: 0.34 | Eps: 0.050 | Time: 0.8s
Ep 3717 | Rw: 30.1 | Loss: 0.0172 | Q: 5.83 | Grad: 0.37 | Eps: 0.050 | Time: 0.8s
Ep 3718 | Rw: 36.7 | Loss: 0.0123 | Q: 5.83 | Grad: 0.34 | Eps: 0.050 | Time: 0.8s
Ep 3719 | Rw: 103.0 | Loss: 0.0141 | Q: 5.83 | Grad: 0.44 | Eps: 0.050 | Time: 0.6s
Ep 3720 | Rw: 124.9 | Loss: 0.0188 | Q: 5.83 | Grad: 0.37 | Eps: 0.050 | Time: 0.7s
Ep 3721 | Rw: 32.2 | Loss: 0.0176 | Q: 5.84 | Grad: 0.36 | Eps: 0.050 | Time: 0.8s
Ep 3722 | Rw: 23.2 | Loss: 0.0142 | Q: 5.83 | Grad: 0.40 | Eps: 0.050 | Time: 0.8s
Ep 3723 | Rw: 29.7 | Loss: 0.0175 | Q: 5.83 | Grad: 0.40 | Eps: 0.050 | Time: 0.8s
Ep 3724 | Rw: 29.3 | Loss: 0.0125 | Q: 5.83 | Grad: 0.37 | Eps: 0.050 | Time: 0.8s
Ep 3725 | Rw: 112.9 | Loss: 0.0137 | Q: 5.81 | Grad: 0.32 | Eps: 0.050 | Time: 0.5s
Ep 3726 | Rw: 17.6 | Loss: 0.0171 | Q: 5.83 | Grad: 0.36 | Eps: 0.050 | Time: 0.8s
Ep 3727 | Rw: 26.1 | Loss: 0.0200 | Q: 5.82 | Grad: 0.34 | Eps: 0.050 | Time: 0.8s
Ep 3728 | Rw: 26.2 | Loss: 0.0120 | Q: 5.82 | Grad: 0.31 | Eps: 0.050 | Time: 0.8s
Ep 3729 | Rw: 107.0 | Loss: 0.0185 | Q: 5.83 | Grad: 0.32 | Eps: 0.050 | Time: 1.7s
Ep 3730 | Rw: 21.4 | Loss: 0.0151 | Q: 5.82 | Grad: 0.32 | Eps: 0.050 | Time: 0.8s
Ep 3731 | Rw: 26.1 | Loss: 0.0197 | Q: 5.83 | Grad: 0.32 | Eps: 0.050 | Time: 0.8s
Ep 3732 | Rw: 19.1 | Loss: 0.0200 | Q: 5.84 | Grad: 0.34 | Eps: 0.050 | Time: 0.8s
Ep 3733 | Rw: 21.6 | Loss: 0.0162 | Q: 5.82 | Grad: 0.36 | Eps: 0.050 | Time: 0.8s
Ep 3734 | Rw: 122.3 | Loss: 0.0179 | Q: 5.83 | Grad: 0.39 | Eps: 0.050 | Time: 0.7s
Ep 3735 | Rw: 32.8 | Loss: 0.0179 | Q: 5.83 | Grad: 0.32 | Eps: 0.050 | Time: 0.8s
Ep 3736 | Rw: 111.7 | Loss: 0.0118 | Q: 5.81 | Grad: 0.33 | Eps: 0.050 | Time: 0.5s
Ep 3737 | Rw: 25.9 | Loss: 0.0162 | Q: 5.84 | Grad: 0.36 | Eps: 0.050 | Time: 0.9s
Ep 3738 | Rw: 32.5 | Loss: 0.0200 | Q: 5.83 | Grad: 0.36 | Eps: 0.050 | Time: 0.8s
Ep 3739 | Rw: 19.5 | Loss: 0.0149 | Q: 5.87 | Grad: 0.38 | Eps: 0.050 | Time: 0.8s
Ep 3740 | Rw: 34.7 | Loss: 0.0139 | Q: 5.87 | Grad: 0.35 | Eps: 0.050 | Time: 0.8s
Ep 3741 | Rw: 34.6 | Loss: 0.0191 | Q: 5.88 | Grad: 0.37 | Eps: 0.050 | Time: 0.8s
Ep 3742 | Rw: 28.9 | Loss: 0.0158 | Q: 5.87 | Grad: 0.33 | Eps: 0.050 | Time: 0.8s
Ep 3743 | Rw: 9.9 | Loss: 0.0170 | Q: 5.87 | Grad: 0.42 | Eps: 0.050 | Time: 0.8s
Ep 3744 | Rw: 18.6 | Loss: 0.0175 | Q: 5.88 | Grad: 0.40 | Eps: 0.050 | Time: 0.8s
Ep 3745 | Rw: 111.5 | Loss: 0.0146 | Q: 5.87 | Grad: 0.37 | Eps: 0.050 | Time: 0.7s
Ep 3746 | Rw: 21.4 | Loss: 0.0204 | Q: 5.89 | Grad: 0.38 | Eps: 0.050 | Time: 0.8s
Ep 3747 | Rw: 30.8 | Loss: 0.0193 | Q: 5.88 | Grad: 0.35 | Eps: 0.050 | Time: 0.8s
Ep 3748 | Rw: 22.2 | Loss: 0.0149 | Q: 5.87 | Grad: 0.40 | Eps: 0.050 | Time: 0.8s
Ep 3749 | Rw: 22.1 | Loss: 0.0167 | Q: 5.87 | Grad: 0.37 | Eps: 0.050 | Time: 0.8s
Ep 3750 | Rw: 17.0 | Loss: 0.0178 | Q: 5.87 | Grad: 0.42 | Eps: 0.050 | Time: 0.8s
  ✓ Saved checkpoint & updated plots in checkpoints/2026-03-12_11-17-00/plots
Ep 3751 | Rw: 105.1 | Loss: 0.0165 | Q: 5.88 | Grad: 0.32 | Eps: 0.050 | Time: 0.4s
Ep 3752 | Rw: 34.0 | Loss: 0.0135 | Q: 5.87 | Grad: 0.36 | Eps: 0.050 | Time: 0.8s
Ep 3753 | Rw: 117.7 | Loss: 0.0185 | Q: 5.89 | Grad: 0.38 | Eps: 0.050 | Time: 0.6s
Ep 3754 | Rw: 121.2 | Loss: 0.0133 | Q: 5.86 | Grad: 0.36 | Eps: 0.050 | Time: 0.6s
Ep 3755 | Rw: 34.6 | Loss: 0.0129 | Q: 5.88 | Grad: 0.38 | Eps: 0.050 | Time: 0.8s
Ep 3756 | Rw: 35.3 | Loss: 0.0162 | Q: 5.87 | Grad: 0.37 | Eps: 0.050 | Time: 0.8s
Ep 3757 | Rw: 112.1 | Loss: 0.0130 | Q: 5.86 | Grad: 0.36 | Eps: 0.050 | Time: 0.5s
Ep 3758 | Rw: 31.1 | Loss: 0.0173 | Q: 5.88 | Grad: 0.42 | Eps: 0.050 | Time: 0.8s
Ep 3759 | Rw: 23.7 | Loss: 0.0230 | Q: 5.88 | Grad: 0.41 | Eps: 0.050 | Time: 0.8s
Ep 3760 | Rw: 22.4 | Loss: 0.0151 | Q: 5.88 | Grad: 0.36 | Eps: 0.050 | Time: 0.8s
Ep 3761 | Rw: 15.5 | Loss: 0.0159 | Q: 5.90 | Grad: 0.43 | Eps: 0.050 | Time: 0.8s
Ep 3762 | Rw: 29.6 | Loss: 0.0199 | Q: 5.90 | Grad: 0.37 | Eps: 0.050 | Time: 0.8s
Ep 3763 | Rw: 31.1 | Loss: 0.0148 | Q: 5.91 | Grad: 0.35 | Eps: 0.050 | Time: 0.8s
Ep 3764 | Rw: 22.2 | Loss: 0.0119 | Q: 5.90 | Grad: 0.39 | Eps: 0.050 | Time: 0.8s
Ep 3765 | Rw: 27.8 | Loss: 0.0143 | Q: 5.89 | Grad: 0.38 | Eps: 0.050 | Time: 0.8s
Ep 3766 | Rw: 22.1 | Loss: 0.0149 | Q: 5.91 | Grad: 0.36 | Eps: 0.050 | Time: 0.8s
Ep 3767 | Rw: 16.1 | Loss: 0.0190 | Q: 5.91 | Grad: 0.41 | Eps: 0.050 | Time: 0.8s
Ep 3768 | Rw: 18.4 | Loss: 0.0176 | Q: 5.91 | Grad: 0.45 | Eps: 0.050 | Time: 0.8s
Ep 3769 | Rw: 18.2 | Loss: 0.0164 | Q: 5.90 | Grad: 0.35 | Eps: 0.050 | Time: 0.8s
Ep 3770 | Rw: 28.5 | Loss: 0.0142 | Q: 5.89 | Grad: 0.41 | Eps: 0.050 | Time: 2.0s
Ep 3771 | Rw: 32.9 | Loss: 0.0175 | Q: 5.90 | Grad: 0.38 | Eps: 0.050 | Time: 0.8s
Ep 3772 | Rw: 109.2 | Loss: 0.0185 | Q: 5.90 | Grad: 0.36 | Eps: 0.050 | Time: 0.5s
Ep 3773 | Rw: 28.0 | Loss: 0.0183 | Q: 5.90 | Grad: 0.35 | Eps: 0.050 | Time: 0.8s
Ep 3774 | Rw: 9.1 | Loss: 0.0134 | Q: 5.90 | Grad: 0.36 | Eps: 0.050 | Time: 0.8s
Ep 3775 | Rw: 23.8 | Loss: 0.0175 | Q: 5.89 | Grad: 0.35 | Eps: 0.050 | Time: 0.8s
Ep 3776 | Rw: 31.9 | Loss: 0.0193 | Q: 5.89 | Grad: 0.35 | Eps: 0.050 | Time: 0.8s
Ep 3777 | Rw: 34.1 | Loss: 0.0161 | Q: 5.90 | Grad: 0.43 | Eps: 0.050 | Time: 0.8s
Ep 3778 | Rw: 117.9 | Loss: 0.0204 | Q: 5.89 | Grad: 0.47 | Eps: 0.050 | Time: 0.6s
Ep 3779 | Rw: 14.0 | Loss: 0.0194 | Q: 5.89 | Grad: 0.41 | Eps: 0.050 | Time: 0.8s
Ep 3780 | Rw: -7.9 | Loss: 0.0153 | Q: 5.90 | Grad: 0.39 | Eps: 0.050 | Time: 0.8s
Ep 3781 | Rw: 11.9 | Loss: 0.0181 | Q: 5.90 | Grad: 0.44 | Eps: 0.050 | Time: 0.8s
Ep 3782 | Rw: 120.1 | Loss: 0.0215 | Q: 5.92 | Grad: 0.47 | Eps: 0.050 | Time: 0.6s
Ep 3783 | Rw: 121.2 | Loss: 0.0192 | Q: 5.91 | Grad: 0.47 | Eps: 0.050 | Time: 0.6s
Ep 3784 | Rw: 113.2 | Loss: 0.0177 | Q: 5.92 | Grad: 0.43 | Eps: 0.050 | Time: 0.6s
Ep 3785 | Rw: 29.0 | Loss: 0.0134 | Q: 5.90 | Grad: 0.43 | Eps: 0.050 | Time: 0.8s
Ep 3786 | Rw: 112.4 | Loss: 0.0196 | Q: 5.92 | Grad: 0.42 | Eps: 0.050 | Time: 0.8s
Ep 3787 | Rw: 108.5 | Loss: 0.0141 | Q: 5.91 | Grad: 0.40 | Eps: 0.050 | Time: 0.6s
Ep 3788 | Rw: 27.3 | Loss: 0.0201 | Q: 5.91 | Grad: 0.45 | Eps: 0.050 | Time: 0.8s
Ep 3789 | Rw: 13.8 | Loss: 0.0156 | Q: 5.91 | Grad: 0.35 | Eps: 0.050 | Time: 0.8s
Ep 3790 | Rw: 36.3 | Loss: 0.0134 | Q: 5.91 | Grad: 0.38 | Eps: 0.050 | Time: 0.8s
Ep 3791 | Rw: 35.8 | Loss: 0.0150 | Q: 5.91 | Grad: 0.41 | Eps: 0.050 | Time: 0.8s
Ep 3792 | Rw: 128.9 | Loss: 0.0145 | Q: 5.91 | Grad: 0.47 | Eps: 0.050 | Time: 0.8s
Ep 3793 | Rw: 28.0 | Loss: 0.0185 | Q: 5.91 | Grad: 0.38 | Eps: 0.050 | Time: 0.8s
Ep 3794 | Rw: 22.7 | Loss: 0.0154 | Q: 5.91 | Grad: 0.37 | Eps: 0.050 | Time: 0.8s
Ep 3795 | Rw: 31.7 | Loss: 0.0191 | Q: 5.92 | Grad: 0.46 | Eps: 0.050 | Time: 0.8s
Ep 3796 | Rw: 19.2 | Loss: 0.0145 | Q: 5.91 | Grad: 0.44 | Eps: 0.050 | Time: 0.8s
Ep 3797 | Rw: 119.5 | Loss: 0.0184 | Q: 5.91 | Grad: 0.42 | Eps: 0.050 | Time: 0.8s
Ep 3798 | Rw: 32.8 | Loss: 0.0173 | Q: 5.91 | Grad: 0.43 | Eps: 0.050 | Time: 0.8s
Ep 3799 | Rw: 102.8 | Loss: 0.0152 | Q: 5.90 | Grad: 0.46 | Eps: 0.050 | Time: 0.5s
Ep 3800 | Rw: 30.9 | Loss: 0.0206 | Q: 5.91 | Grad: 0.40 | Eps: 0.050 | Time: 0.8s
  ✓ Saved checkpoint & updated plots in checkpoints/2026-03-12_11-17-00/plots
Ep 3801 | Rw: -6.3 | Loss: 0.0162 | Q: 5.91 | Grad: 0.41 | Eps: 0.050 | Time: 0.8s
Ep 3802 | Rw: 107.2 | Loss: 0.0212 | Q: 5.91 | Grad: 0.44 | Eps: 0.050 | Time: 0.5s
Ep 3803 | Rw: 35.5 | Loss: 0.0207 | Q: 5.91 | Grad: 0.44 | Eps: 0.050 | Time: 0.8s
Ep 3804 | Rw: 32.2 | Loss: 0.0165 | Q: 5.91 | Grad: 0.44 | Eps: 0.050 | Time: 0.8s
Ep 3805 | Rw: -0.0 | Loss: 0.0242 | Q: 5.95 | Grad: 0.42 | Eps: 0.050 | Time: 0.8s
Ep 3806 | Rw: 4.2 | Loss: 0.0189 | Q: 5.94 | Grad: 0.38 | Eps: 0.050 | Time: 0.8s
Ep 3807 | Rw: 108.5 | Loss: 0.0114 | Q: 5.94 | Grad: 0.32 | Eps: 0.050 | Time: 0.4s
Ep 3808 | Rw: 123.7 | Loss: 0.0135 | Q: 5.95 | Grad: 0.39 | Eps: 0.050 | Time: 0.6s
Ep 3809 | Rw: 122.4 | Loss: 0.0201 | Q: 5.95 | Grad: 0.42 | Eps: 0.050 | Time: 0.8s
Ep 3810 | Rw: 120.7 | Loss: 0.0234 | Q: 5.96 | Grad: 0.36 | Eps: 0.050 | Time: 0.7s
Ep 3811 | Rw: 118.0 | Loss: 0.0133 | Q: 5.95 | Grad: 0.37 | Eps: 0.050 | Time: 1.9s
Ep 3812 | Rw: 23.7 | Loss: 0.0216 | Q: 5.93 | Grad: 0.39 | Eps: 0.050 | Time: 0.8s
Ep 3813 | Rw: 31.6 | Loss: 0.0176 | Q: 5.94 | Grad: 0.46 | Eps: 0.050 | Time: 0.8s
Ep 3814 | Rw: 30.9 | Loss: 0.0178 | Q: 5.95 | Grad: 0.40 | Eps: 0.050 | Time: 0.8s
Ep 3815 | Rw: 20.1 | Loss: 0.0123 | Q: 5.95 | Grad: 0.46 | Eps: 0.050 | Time: 0.8s
Ep 3816 | Rw: 35.5 | Loss: 0.0178 | Q: 5.94 | Grad: 0.35 | Eps: 0.050 | Time: 0.8s
Ep 3817 | Rw: 20.5 | Loss: 0.0150 | Q: 5.95 | Grad: 0.37 | Eps: 0.050 | Time: 0.8s
Ep 3818 | Rw: 18.5 | Loss: 0.0174 | Q: 5.95 | Grad: 0.36 | Eps: 0.050 | Time: 0.8s
Ep 3819 | Rw: 104.8 | Loss: 0.0167 | Q: 5.94 | Grad: 0.34 | Eps: 0.050 | Time: 0.5s
Ep 3820 | Rw: 34.5 | Loss: 0.0166 | Q: 5.96 | Grad: 0.38 | Eps: 0.050 | Time: 0.8s
Ep 3821 | Rw: 26.4 | Loss: 0.0161 | Q: 5.95 | Grad: 0.35 | Eps: 0.050 | Time: 0.8s
Ep 3822 | Rw: 19.4 | Loss: 0.0169 | Q: 5.95 | Grad: 0.38 | Eps: 0.050 | Time: 0.8s
Ep 3823 | Rw: 126.1 | Loss: 0.0157 | Q: 5.95 | Grad: 0.34 | Eps: 0.050 | Time: 0.7s
Ep 3824 | Rw: 14.4 | Loss: 0.0152 | Q: 5.95 | Grad: 0.35 | Eps: 0.050 | Time: 0.8s
Ep 3825 | Rw: 27.8 | Loss: 0.0175 | Q: 5.95 | Grad: 0.39 | Eps: 0.050 | Time: 0.8s
Ep 3826 | Rw: 29.4 | Loss: 0.0145 | Q: 5.94 | Grad: 0.38 | Eps: 0.050 | Time: 0.8s
Ep 3827 | Rw: 4.1 | Loss: 0.0178 | Q: 5.98 | Grad: 0.42 | Eps: 0.050 | Time: 0.8s
Ep 3828 | Rw: 16.3 | Loss: 0.0166 | Q: 6.01 | Grad: 0.44 | Eps: 0.050 | Time: 0.8s
Ep 3829 | Rw: 108.2 | Loss: 0.0184 | Q: 5.99 | Grad: 0.47 | Eps: 0.050 | Time: 0.6s
Ep 3830 | Rw: 19.4 | Loss: 0.0156 | Q: 6.00 | Grad: 0.42 | Eps: 0.050 | Time: 0.8s
Ep 3831 | Rw: 33.2 | Loss: 0.0147 | Q: 5.99 | Grad: 0.38 | Eps: 0.050 | Time: 0.8s
Ep 3832 | Rw: 13.1 | Loss: 0.0147 | Q: 6.00 | Grad: 0.43 | Eps: 0.050 | Time: 0.8s
Ep 3833 | Rw: 25.3 | Loss: 0.0185 | Q: 5.99 | Grad: 0.39 | Eps: 0.050 | Time: 0.8s
Ep 3834 | Rw: 21.0 | Loss: 0.0168 | Q: 5.99 | Grad: 0.39 | Eps: 0.050 | Time: 0.8s
Ep 3835 | Rw: 21.8 | Loss: 0.0160 | Q: 6.00 | Grad: 0.40 | Eps: 0.050 | Time: 0.8s
Ep 3836 | Rw: 37.6 | Loss: 0.0148 | Q: 6.00 | Grad: 0.32 | Eps: 0.050 | Time: 0.9s
Ep 3837 | Rw: 9.7 | Loss: 0.0181 | Q: 6.00 | Grad: 0.41 | Eps: 0.050 | Time: 0.8s
Ep 3838 | Rw: 29.5 | Loss: 0.0144 | Q: 6.01 | Grad: 0.36 | Eps: 0.050 | Time: 0.8s
Ep 3839 | Rw: 28.7 | Loss: 0.0196 | Q: 6.00 | Grad: 0.40 | Eps: 0.050 | Time: 0.8s
Ep 3840 | Rw: 121.3 | Loss: 0.0138 | Q: 6.00 | Grad: 0.36 | Eps: 0.050 | Time: 0.7s
Ep 3841 | Rw: -2.5 | Loss: 0.0182 | Q: 6.00 | Grad: 0.39 | Eps: 0.050 | Time: 0.8s
Ep 3842 | Rw: 34.4 | Loss: 0.0175 | Q: 6.00 | Grad: 0.38 | Eps: 0.050 | Time: 0.8s
Ep 3843 | Rw: 28.8 | Loss: 0.0158 | Q: 5.99 | Grad: 0.41 | Eps: 0.050 | Time: 0.8s
Ep 3844 | Rw: 26.8 | Loss: 0.0199 | Q: 6.00 | Grad: 0.39 | Eps: 0.050 | Time: 0.8s
Ep 3845 | Rw: 23.1 | Loss: 0.0181 | Q: 5.99 | Grad: 0.35 | Eps: 0.050 | Time: 0.8s
Ep 3846 | Rw: 19.0 | Loss: 0.0184 | Q: 5.99 | Grad: 0.38 | Eps: 0.050 | Time: 0.8s
Ep 3847 | Rw: 106.9 | Loss: 0.0129 | Q: 5.97 | Grad: 0.34 | Eps: 0.050 | Time: 0.5s
Ep 3848 | Rw: 106.5 | Loss: 0.0130 | Q: 5.99 | Grad: 0.34 | Eps: 0.050 | Time: 0.4s
Ep 3849 | Rw: 120.4 | Loss: 0.0182 | Q: 6.01 | Grad: 0.42 | Eps: 0.050 | Time: 0.8s
Ep 3850 | Rw: 114.5 | Loss: 0.0191 | Q: 6.01 | Grad: 0.46 | Eps: 0.050 | Time: 0.6s
  ✓ Saved checkpoint & updated plots in checkpoints/2026-03-12_11-17-00/plots
Ep 3851 | Rw: 29.7 | Loss: 0.0214 | Q: 6.00 | Grad: 0.41 | Eps: 0.050 | Time: 0.8s
Ep 3852 | Rw: 30.5 | Loss: 0.0155 | Q: 6.00 | Grad: 0.46 | Eps: 0.050 | Time: 2.0s
Ep 3853 | Rw: 24.2 | Loss: 0.0208 | Q: 6.02 | Grad: 0.44 | Eps: 0.050 | Time: 0.8s
Ep 3854 | Rw: 113.7 | Loss: 0.0201 | Q: 5.98 | Grad: 0.45 | Eps: 0.050 | Time: 0.6s
Ep 3855 | Rw: 27.9 | Loss: 0.0164 | Q: 6.01 | Grad: 0.42 | Eps: 0.050 | Time: 0.8s
Ep 3856 | Rw: 5.5 | Loss: 0.0165 | Q: 6.00 | Grad: 0.46 | Eps: 0.050 | Time: 0.8s
Ep 3857 | Rw: 33.9 | Loss: 0.0137 | Q: 6.01 | Grad: 0.38 | Eps: 0.050 | Time: 0.8s
Ep 3858 | Rw: 116.7 | Loss: 0.0242 | Q: 6.01 | Grad: 0.44 | Eps: 0.050 | Time: 0.8s
Ep 3859 | Rw: 26.4 | Loss: 0.0167 | Q: 6.00 | Grad: 0.42 | Eps: 0.050 | Time: 0.8s
Ep 3860 | Rw: 24.4 | Loss: 0.0168 | Q: 6.01 | Grad: 0.40 | Eps: 0.050 | Time: 0.8s
Ep 3861 | Rw: 34.9 | Loss: 0.0220 | Q: 6.01 | Grad: 0.39 | Eps: 0.050 | Time: 0.8s
Ep 3862 | Rw: 30.2 | Loss: 0.0176 | Q: 6.00 | Grad: 0.38 | Eps: 0.050 | Time: 0.8s
Ep 3863 | Rw: 22.3 | Loss: 0.0195 | Q: 6.01 | Grad: 0.41 | Eps: 0.050 | Time: 0.8s
Ep 3864 | Rw: 26.2 | Loss: 0.0162 | Q: 6.00 | Grad: 0.38 | Eps: 0.050 | Time: 0.8s
Ep 3865 | Rw: 18.5 | Loss: 0.0194 | Q: 6.01 | Grad: 0.42 | Eps: 0.050 | Time: 0.8s
Ep 3866 | Rw: 34.0 | Loss: 0.0170 | Q: 6.00 | Grad: 0.39 | Eps: 0.050 | Time: 0.8s
Ep 3867 | Rw: 37.0 | Loss: 0.0166 | Q: 6.00 | Grad: 0.39 | Eps: 0.050 | Time: 0.8s
Ep 3868 | Rw: 28.8 | Loss: 0.0159 | Q: 6.01 | Grad: 0.39 | Eps: 0.050 | Time: 0.8s
Ep 3869 | Rw: 35.5 | Loss: 0.0273 | Q: 6.02 | Grad: 0.44 | Eps: 0.050 | Time: 0.8s
Ep 3870 | Rw: 113.0 | Loss: 0.0133 | Q: 6.04 | Grad: 0.40 | Eps: 0.050 | Time: 0.6s
Ep 3871 | Rw: 27.3 | Loss: 0.0201 | Q: 6.04 | Grad: 0.43 | Eps: 0.050 | Time: 0.8s
Ep 3872 | Rw: 25.8 | Loss: 0.0156 | Q: 6.04 | Grad: 0.36 | Eps: 0.050 | Time: 0.8s
Ep 3873 | Rw: 31.1 | Loss: 0.0169 | Q: 6.05 | Grad: 0.38 | Eps: 0.050 | Time: 0.8s
Ep 3874 | Rw: 26.5 | Loss: 0.0200 | Q: 6.04 | Grad: 0.44 | Eps: 0.050 | Time: 0.8s
Ep 3875 | Rw: 102.9 | Loss: 0.0182 | Q: 6.04 | Grad: 0.44 | Eps: 0.050 | Time: 0.5s
Ep 3876 | Rw: 17.8 | Loss: 0.0164 | Q: 6.04 | Grad: 0.39 | Eps: 0.050 | Time: 0.8s
Ep 3877 | Rw: 29.7 | Loss: 0.0151 | Q: 6.02 | Grad: 0.34 | Eps: 0.050 | Time: 0.8s
Ep 3878 | Rw: 24.8 | Loss: 0.0173 | Q: 6.05 | Grad: 0.44 | Eps: 0.050 | Time: 0.8s
Ep 3879 | Rw: 34.8 | Loss: 0.0162 | Q: 6.05 | Grad: 0.39 | Eps: 0.050 | Time: 0.8s
Ep 3880 | Rw: -1.4 | Loss: 0.0179 | Q: 6.04 | Grad: 0.36 | Eps: 0.050 | Time: 0.8s
Ep 3881 | Rw: 127.3 | Loss: 0.0212 | Q: 6.04 | Grad: 0.39 | Eps: 0.050 | Time: 0.7s
Ep 3882 | Rw: 128.0 | Loss: 0.0199 | Q: 6.05 | Grad: 0.40 | Eps: 0.050 | Time: 0.8s
Ep 3883 | Rw: 104.4 | Loss: 0.0102 | Q: 6.05 | Grad: 0.36 | Eps: 0.050 | Time: 0.5s
Ep 3884 | Rw: 28.1 | Loss: 0.0169 | Q: 6.04 | Grad: 0.35 | Eps: 0.050 | Time: 0.8s
Ep 3885 | Rw: 33.7 | Loss: 0.0132 | Q: 6.04 | Grad: 0.36 | Eps: 0.050 | Time: 0.8s
Ep 3886 | Rw: 11.1 | Loss: 0.0131 | Q: 6.04 | Grad: 0.37 | Eps: 0.050 | Time: 0.8s
Ep 3887 | Rw: 20.8 | Loss: 0.0161 | Q: 6.04 | Grad: 0.45 | Eps: 0.050 | Time: 0.8s
Ep 3888 | Rw: 19.0 | Loss: 0.0178 | Q: 6.04 | Grad: 0.42 | Eps: 0.050 | Time: 0.8s
Ep 3889 | Rw: 30.2 | Loss: 0.0203 | Q: 6.04 | Grad: 0.39 | Eps: 0.050 | Time: 0.8s
Ep 3890 | Rw: 22.1 | Loss: 0.0184 | Q: 6.04 | Grad: 0.37 | Eps: 0.050 | Time: 0.8s
Ep 3891 | Rw: 125.0 | Loss: 0.0211 | Q: 6.05 | Grad: 0.37 | Eps: 0.050 | Time: 0.6s
Ep 3892 | Rw: 33.9 | Loss: 0.0182 | Q: 6.06 | Grad: 0.49 | Eps: 0.050 | Time: 0.8s
Ep 3893 | Rw: 25.5 | Loss: 0.0203 | Q: 6.07 | Grad: 0.45 | Eps: 0.050 | Time: 0.8s
Ep 3894 | Rw: 121.6 | Loss: 0.0163 | Q: 6.08 | Grad: 0.39 | Eps: 0.050 | Time: 0.8s
Ep 3895 | Rw: 26.6 | Loss: 0.0188 | Q: 6.06 | Grad: 0.49 | Eps: 0.050 | Time: 0.8s
Ep 3896 | Rw: 35.0 | Loss: 0.0176 | Q: 6.07 | Grad: 0.45 | Eps: 0.050 | Time: 2.1s
Ep 3897 | Rw: 25.9 | Loss: 0.0211 | Q: 6.08 | Grad: 0.45 | Eps: 0.050 | Time: 0.8s
Ep 3898 | Rw: 12.7 | Loss: 0.0187 | Q: 6.06 | Grad: 0.46 | Eps: 0.050 | Time: 0.8s
Ep 3899 | Rw: 28.7 | Loss: 0.0196 | Q: 6.07 | Grad: 0.42 | Eps: 0.050 | Time: 0.8s
Ep 3900 | Rw: 27.9 | Loss: 0.0200 | Q: 6.06 | Grad: 0.43 | Eps: 0.050 | Time: 0.8s
  ✓ Saved checkpoint & updated plots in checkpoints/2026-03-12_11-17-00/plots
Ep 3901 | Rw: 33.0 | Loss: 0.0190 | Q: 6.08 | Grad: 0.48 | Eps: 0.050 | Time: 0.8s
Ep 3902 | Rw: 29.6 | Loss: 0.0203 | Q: 6.07 | Grad: 0.45 | Eps: 0.050 | Time: 0.8s
Ep 3903 | Rw: 33.3 | Loss: 0.0184 | Q: 6.06 | Grad: 0.46 | Eps: 0.050 | Time: 0.8s
Ep 3904 | Rw: 29.2 | Loss: 0.0174 | Q: 6.06 | Grad: 0.44 | Eps: 0.050 | Time: 0.8s
Ep 3905 | Rw: 121.0 | Loss: 0.0202 | Q: 6.06 | Grad: 0.48 | Eps: 0.050 | Time: 0.8s
Ep 3906 | Rw: 115.3 | Loss: 0.0142 | Q: 6.08 | Grad: 0.50 | Eps: 0.050 | Time: 0.7s
Ep 3907 | Rw: 22.9 | Loss: 0.0177 | Q: 6.06 | Grad: 0.45 | Eps: 0.050 | Time: 0.8s
Ep 3908 | Rw: 13.0 | Loss: 0.0191 | Q: 6.07 | Grad: 0.47 | Eps: 0.050 | Time: 0.8s
Ep 3909 | Rw: 25.5 | Loss: 0.0172 | Q: 6.06 | Grad: 0.43 | Eps: 0.050 | Time: 0.8s
Ep 3910 | Rw: -0.7 | Loss: 0.0169 | Q: 6.07 | Grad: 0.50 | Eps: 0.050 | Time: 0.8s
Ep 3911 | Rw: 119.8 | Loss: 0.0160 | Q: 6.06 | Grad: 0.45 | Eps: 0.050 | Time: 0.7s
Ep 3912 | Rw: 32.1 | Loss: 0.0167 | Q: 6.07 | Grad: 0.48 | Eps: 0.050 | Time: 0.8s
Ep 3913 | Rw: 24.9 | Loss: 0.0195 | Q: 6.09 | Grad: 0.42 | Eps: 0.050 | Time: 0.8s
Ep 3914 | Rw: 23.9 | Loss: 0.0175 | Q: 6.10 | Grad: 0.40 | Eps: 0.050 | Time: 0.8s
Ep 3915 | Rw: 26.0 | Loss: 0.0190 | Q: 6.10 | Grad: 0.44 | Eps: 0.050 | Time: 0.8s
Ep 3916 | Rw: 28.0 | Loss: 0.0153 | Q: 6.10 | Grad: 0.39 | Eps: 0.050 | Time: 0.8s
Ep 3917 | Rw: 32.6 | Loss: 0.0162 | Q: 6.09 | Grad: 0.38 | Eps: 0.050 | Time: 0.8s
Ep 3918 | Rw: 27.6 | Loss: 0.0161 | Q: 6.09 | Grad: 0.42 | Eps: 0.050 | Time: 0.8s
Ep 3919 | Rw: 109.2 | Loss: 0.0173 | Q: 6.09 | Grad: 0.41 | Eps: 0.050 | Time: 0.5s
Ep 3920 | Rw: 127.1 | Loss: 0.0198 | Q: 6.11 | Grad: 0.38 | Eps: 0.050 | Time: 0.7s
Ep 3921 | Rw: 15.7 | Loss: 0.0168 | Q: 6.10 | Grad: 0.38 | Eps: 0.050 | Time: 0.8s
Ep 3922 | Rw: 110.3 | Loss: 0.0156 | Q: 6.09 | Grad: 0.51 | Eps: 0.050 | Time: 0.7s
Ep 3923 | Rw: 14.3 | Loss: 0.0179 | Q: 6.09 | Grad: 0.43 | Eps: 0.050 | Time: 0.8s
Ep 3924 | Rw: 24.7 | Loss: 0.0154 | Q: 6.10 | Grad: 0.42 | Eps: 0.050 | Time: 0.8s
Ep 3925 | Rw: 25.7 | Loss: 0.0184 | Q: 6.09 | Grad: 0.40 | Eps: 0.050 | Time: 0.8s
Ep 3926 | Rw: 31.0 | Loss: 0.0164 | Q: 6.09 | Grad: 0.40 | Eps: 0.050 | Time: 0.8s
Ep 3927 | Rw: 18.3 | Loss: 0.0182 | Q: 6.10 | Grad: 0.42 | Eps: 0.050 | Time: 0.8s
Ep 3928 | Rw: 116.3 | Loss: 0.0144 | Q: 6.09 | Grad: 0.38 | Eps: 0.050 | Time: 0.5s
Ep 3929 | Rw: 107.7 | Loss: 0.0111 | Q: 6.10 | Grad: 0.35 | Eps: 0.050 | Time: 0.6s
Ep 3930 | Rw: 34.2 | Loss: 0.0126 | Q: 6.11 | Grad: 0.35 | Eps: 0.050 | Time: 0.8s
Ep 3931 | Rw: 101.2 | Loss: 0.0161 | Q: 6.10 | Grad: 0.40 | Eps: 0.050 | Time: 0.6s
Ep 3932 | Rw: 23.0 | Loss: 0.0194 | Q: 6.09 | Grad: 0.41 | Eps: 0.050 | Time: 0.8s
Ep 3933 | Rw: 122.2 | Loss: 0.0199 | Q: 6.09 | Grad: 0.45 | Eps: 0.050 | Time: 0.7s
Ep 3934 | Rw: 29.4 | Loss: 0.0145 | Q: 6.11 | Grad: 0.37 | Eps: 0.050 | Time: 0.8s
Ep 3935 | Rw: 23.4 | Loss: 0.0216 | Q: 6.13 | Grad: 0.43 | Eps: 0.050 | Time: 0.8s
Ep 3936 | Rw: 8.2 | Loss: 0.0189 | Q: 6.12 | Grad: 0.37 | Eps: 0.050 | Time: 0.8s
Ep 3937 | Rw: 20.8 | Loss: 0.0159 | Q: 6.13 | Grad: 0.37 | Eps: 0.050 | Time: 0.8s
Ep 3938 | Rw: 26.5 | Loss: 0.0175 | Q: 6.13 | Grad: 0.43 | Eps: 0.050 | Time: 0.8s
Ep 3939 | Rw: 106.1 | Loss: 0.0132 | Q: 6.13 | Grad: 0.45 | Eps: 0.050 | Time: 1.8s
Ep 3940 | Rw: 35.3 | Loss: 0.0136 | Q: 6.13 | Grad: 0.37 | Eps: 0.050 | Time: 0.8s
Ep 3941 | Rw: 26.5 | Loss: 0.0158 | Q: 6.13 | Grad: 0.39 | Eps: 0.050 | Time: 0.8s
Ep 3942 | Rw: 29.5 | Loss: 0.0153 | Q: 6.14 | Grad: 0.38 | Eps: 0.050 | Time: 0.8s
Ep 3943 | Rw: 36.7 | Loss: 0.0186 | Q: 6.13 | Grad: 0.41 | Eps: 0.050 | Time: 0.8s
Ep 3944 | Rw: 33.1 | Loss: 0.0169 | Q: 6.11 | Grad: 0.50 | Eps: 0.050 | Time: 0.8s
Ep 3945 | Rw: 34.4 | Loss: 0.0175 | Q: 6.13 | Grad: 0.42 | Eps: 0.050 | Time: 0.8s
Ep 3946 | Rw: 132.4 | Loss: 0.0159 | Q: 6.14 | Grad: 0.41 | Eps: 0.050 | Time: 0.8s
Ep 3947 | Rw: 14.5 | Loss: 0.0163 | Q: 6.13 | Grad: 0.39 | Eps: 0.050 | Time: 0.8s
Ep 3948 | Rw: 18.9 | Loss: 0.0225 | Q: 6.13 | Grad: 0.35 | Eps: 0.050 | Time: 0.8s
Ep 3949 | Rw: 108.4 | Loss: 0.0182 | Q: 6.12 | Grad: 0.45 | Eps: 0.050 | Time: 0.4s
Ep 3950 | Rw: 15.5 | Loss: 0.0216 | Q: 6.13 | Grad: 0.42 | Eps: 0.050 | Time: 0.8s
  ✓ Saved checkpoint & updated plots in checkpoints/2026-03-12_11-17-00/plots
Ep 3951 | Rw: 16.8 | Loss: 0.0200 | Q: 6.13 | Grad: 0.42 | Eps: 0.050 | Time: 0.8s
Ep 3952 | Rw: 22.7 | Loss: 0.0250 | Q: 6.13 | Grad: 0.52 | Eps: 0.050 | Time: 0.8s
Ep 3953 | Rw: 27.4 | Loss: 0.0126 | Q: 6.12 | Grad: 0.35 | Eps: 0.050 | Time: 0.8s
Ep 3954 | Rw: 124.7 | Loss: 0.0151 | Q: 6.14 | Grad: 0.41 | Eps: 0.050 | Time: 0.8s
Ep 3955 | Rw: 35.2 | Loss: 0.0185 | Q: 6.13 | Grad: 0.45 | Eps: 0.050 | Time: 0.8s
Ep 3956 | Rw: 7.1 | Loss: 0.0160 | Q: 6.16 | Grad: 0.43 | Eps: 0.050 | Time: 0.8s
Ep 3957 | Rw: 103.5 | Loss: 0.0223 | Q: 6.18 | Grad: 0.46 | Eps: 0.050 | Time: 0.5s
Ep 3958 | Rw: 24.3 | Loss: 0.0175 | Q: 6.17 | Grad: 0.38 | Eps: 0.050 | Time: 0.8s
Ep 3959 | Rw: 29.7 | Loss: 0.0163 | Q: 6.17 | Grad: 0.36 | Eps: 0.050 | Time: 0.8s
Ep 3960 | Rw: 117.2 | Loss: 0.0203 | Q: 6.17 | Grad: 0.37 | Eps: 0.050 | Time: 0.6s
Ep 3961 | Rw: 31.9 | Loss: 0.0192 | Q: 6.17 | Grad: 0.40 | Eps: 0.050 | Time: 0.8s
Ep 3962 | Rw: 24.6 | Loss: 0.0182 | Q: 6.16 | Grad: 0.46 | Eps: 0.050 | Time: 0.8s
Ep 3963 | Rw: 24.8 | Loss: 0.0174 | Q: 6.16 | Grad: 0.42 | Eps: 0.050 | Time: 0.8s
Ep 3964 | Rw: 17.0 | Loss: 0.0166 | Q: 6.17 | Grad: 0.39 | Eps: 0.050 | Time: 0.8s
Ep 3965 | Rw: 33.5 | Loss: 0.0173 | Q: 6.17 | Grad: 0.39 | Eps: 0.050 | Time: 0.8s
Ep 3966 | Rw: 117.6 | Loss: 0.0211 | Q: 6.17 | Grad: 0.39 | Eps: 0.050 | Time: 0.6s
Ep 3967 | Rw: 30.9 | Loss: 0.0158 | Q: 6.17 | Grad: 0.37 | Eps: 0.050 | Time: 0.8s
Ep 3968 | Rw: 125.7 | Loss: 0.0159 | Q: 6.17 | Grad: 0.42 | Eps: 0.050 | Time: 0.8s
Ep 3969 | Rw: 31.3 | Loss: 0.0198 | Q: 6.15 | Grad: 0.44 | Eps: 0.050 | Time: 0.8s
Ep 3970 | Rw: 102.2 | Loss: 0.0177 | Q: 6.16 | Grad: 0.36 | Eps: 0.050 | Time: 0.7s
Ep 3971 | Rw: 36.7 | Loss: 0.0199 | Q: 6.16 | Grad: 0.40 | Eps: 0.050 | Time: 0.8s
Ep 3972 | Rw: 103.4 | Loss: 0.0138 | Q: 6.17 | Grad: 0.42 | Eps: 0.050 | Time: 0.6s
Ep 3973 | Rw: -9.0 | Loss: 0.0180 | Q: 6.17 | Grad: 0.46 | Eps: 0.050 | Time: 0.8s
Ep 3974 | Rw: 17.1 | Loss: 0.0214 | Q: 6.16 | Grad: 0.44 | Eps: 0.050 | Time: 0.8s
Ep 3975 | Rw: 18.5 | Loss: 0.0207 | Q: 6.16 | Grad: 0.46 | Eps: 0.050 | Time: 0.8s
Ep 3976 | Rw: 123.3 | Loss: 0.0191 | Q: 6.15 | Grad: 0.38 | Eps: 0.050 | Time: 0.7s
Ep 3977 | Rw: 9.0 | Loss: 0.0164 | Q: 6.16 | Grad: 0.41 | Eps: 0.050 | Time: 0.8s
Ep 3978 | Rw: 134.1 | Loss: 0.0184 | Q: 6.16 | Grad: 0.42 | Eps: 0.050 | Time: 0.8s
Ep 3979 | Rw: 32.8 | Loss: 0.0124 | Q: 6.17 | Grad: 0.36 | Eps: 0.050 | Time: 0.8s
Ep 3980 | Rw: 30.8 | Loss: 0.0207 | Q: 6.17 | Grad: 0.37 | Eps: 0.050 | Time: 0.8s
Ep 3981 | Rw: 19.1 | Loss: 0.0148 | Q: 6.16 | Grad: 0.47 | Eps: 0.050 | Time: 2.1s
Ep 3982 | Rw: 30.9 | Loss: 0.0191 | Q: 6.17 | Grad: 0.37 | Eps: 0.050 | Time: 0.8s
Ep 3983 | Rw: 34.0 | Loss: 0.0179 | Q: 6.16 | Grad: 0.45 | Eps: 0.050 | Time: 0.8s
Ep 3984 | Rw: 37.2 | Loss: 0.0177 | Q: 6.16 | Grad: 0.41 | Eps: 0.050 | Time: 0.8s
Ep 3985 | Rw: 19.0 | Loss: 0.0207 | Q: 6.16 | Grad: 0.40 | Eps: 0.050 | Time: 0.8s
Ep 3986 | Rw: 35.3 | Loss: 0.0137 | Q: 6.18 | Grad: 0.36 | Eps: 0.050 | Time: 0.8s
Ep 3987 | Rw: 21.5 | Loss: 0.0187 | Q: 6.18 | Grad: 0.40 | Eps: 0.050 | Time: 0.8s
Ep 3988 | Rw: -8.4 | Loss: 0.0151 | Q: 6.16 | Grad: 0.39 | Eps: 0.050 | Time: 0.8s
Ep 3989 | Rw: 127.6 | Loss: 0.0159 | Q: 6.16 | Grad: 0.42 | Eps: 0.050 | Time: 0.7s
Ep 3990 | Rw: 23.0 | Loss: 0.0150 | Q: 6.18 | Grad: 0.39 | Eps: 0.050 | Time: 0.8s
Ep 3991 | Rw: 30.3 | Loss: 0.0194 | Q: 6.16 | Grad: 0.36 | Eps: 0.050 | Time: 0.8s
Ep 3992 | Rw: 26.5 | Loss: 0.0178 | Q: 6.16 | Grad: 0.41 | Eps: 0.050 | Time: 0.8s
Ep 3993 | Rw: 30.4 | Loss: 0.0171 | Q: 6.16 | Grad: 0.41 | Eps: 0.050 | Time: 0.8s
Ep 3994 | Rw: 120.2 | Loss: 0.0217 | Q: 6.17 | Grad: 0.50 | Eps: 0.050 | Time: 0.8s
Ep 3995 | Rw: 30.3 | Loss: 0.0198 | Q: 6.18 | Grad: 0.37 | Eps: 0.050 | Time: 0.8s
Ep 3996 | Rw: 120.2 | Loss: 0.0213 | Q: 6.18 | Grad: 0.40 | Eps: 0.050 | Time: 0.6s
Ep 3997 | Rw: 110.1 | Loss: 0.0176 | Q: 6.16 | Grad: 0.47 | Eps: 0.050 | Time: 0.4s
Ep 3998 | Rw: 131.7 | Loss: 0.0160 | Q: 6.18 | Grad: 0.38 | Eps: 0.050 | Time: 0.8s
Ep 3999 | Rw: 32.8 | Loss: 0.0211 | Q: 6.17 | Grad: 0.48 | Eps: 0.050 | Time: 0.8s
Ep 4000 | Rw: 112.2 | Loss: 0.0187 | Q: 6.15 | Grad: 0.50 | Eps: 0.050 | Time: 0.6s
  ✓ Saved checkpoint & updated plots in checkpoints/2026-03-12_11-17-00/plots
Ep 4001 | Rw: 32.1 | Loss: 0.0194 | Q: 6.15 | Grad: 0.51 | Eps: 0.050 | Time: 0.8s
Ep 4002 | Rw: 23.3 | Loss: 0.0148 | Q: 6.15 | Grad: 0.51 | Eps: 0.050 | Time: 0.8s
Ep 4003 | Rw: 12.0 | Loss: 0.0184 | Q: 6.15 | Grad: 0.48 | Eps: 0.050 | Time: 0.8s
Ep 4004 | Rw: 126.5 | Loss: 0.0208 | Q: 6.15 | Grad: 0.46 | Eps: 0.050 | Time: 0.8s
Ep 4005 | Rw: 23.1 | Loss: 0.0207 | Q: 6.15 | Grad: 0.46 | Eps: 0.050 | Time: 0.8s
Ep 4006 | Rw: 29.1 | Loss: 0.0191 | Q: 6.15 | Grad: 0.44 | Eps: 0.050 | Time: 0.8s
Ep 4007 | Rw: 27.8 | Loss: 0.0165 | Q: 6.15 | Grad: 0.39 | Eps: 0.050 | Time: 0.8s
Ep 4008 | Rw: -4.5 | Loss: 0.0151 | Q: 6.15 | Grad: 0.42 | Eps: 0.050 | Time: 0.8s
Ep 4009 | Rw: 21.9 | Loss: 0.0192 | Q: 6.15 | Grad: 0.51 | Eps: 0.050 | Time: 0.8s
Ep 4010 | Rw: 29.1 | Loss: 0.0173 | Q: 6.15 | Grad: 0.40 | Eps: 0.050 | Time: 0.8s
Ep 4011 | Rw: 27.6 | Loss: 0.0158 | Q: 6.15 | Grad: 0.44 | Eps: 0.050 | Time: 0.8s
Ep 4012 | Rw: 27.5 | Loss: 0.0201 | Q: 6.16 | Grad: 0.46 | Eps: 0.050 | Time: 0.8s
Ep 4013 | Rw: 16.8 | Loss: 0.0193 | Q: 6.14 | Grad: 0.49 | Eps: 0.050 | Time: 0.8s
Ep 4014 | Rw: 4.9 | Loss: 0.0204 | Q: 6.16 | Grad: 0.47 | Eps: 0.050 | Time: 0.8s
Ep 4015 | Rw: 32.0 | Loss: 0.0179 | Q: 6.16 | Grad: 0.45 | Eps: 0.050 | Time: 0.8s
Ep 4016 | Rw: 131.0 | Loss: 0.0178 | Q: 6.15 | Grad: 0.44 | Eps: 0.050 | Time: 0.8s
Ep 4017 | Rw: -12.1 | Loss: 0.0223 | Q: 6.15 | Grad: 0.44 | Eps: 0.050 | Time: 0.8s
Ep 4018 | Rw: 24.8 | Loss: 0.0211 | Q: 6.14 | Grad: 0.45 | Eps: 0.050 | Time: 0.8s
Ep 4019 | Rw: 29.4 | Loss: 0.0177 | Q: 6.15 | Grad: 0.46 | Eps: 0.050 | Time: 0.8s
Ep 4020 | Rw: 20.6 | Loss: 0.0129 | Q: 6.15 | Grad: 0.42 | Eps: 0.050 | Time: 0.8s
Ep 4021 | Rw: 15.7 | Loss: 0.0197 | Q: 6.18 | Grad: 0.43 | Eps: 0.050 | Time: 0.8s
Ep 4022 | Rw: 28.6 | Loss: 0.0175 | Q: 6.17 | Grad: 0.36 | Eps: 0.050 | Time: 0.9s
Ep 4023 | Rw: 127.2 | Loss: 0.0112 | Q: 6.16 | Grad: 0.34 | Eps: 0.050 | Time: 0.8s
Ep 4024 | Rw: -7.2 | Loss: 0.0198 | Q: 6.17 | Grad: 0.41 | Eps: 0.050 | Time: 2.2s
Ep 4025 | Rw: 4.6 | Loss: 0.0180 | Q: 6.16 | Grad: 0.47 | Eps: 0.050 | Time: 0.9s
Ep 4026 | Rw: 24.6 | Loss: 0.0176 | Q: 6.18 | Grad: 0.41 | Eps: 0.050 | Time: 1.1s
Ep 4027 | Rw: 34.8 | Loss: 0.0162 | Q: 6.16 | Grad: 0.40 | Eps: 0.050 | Time: 0.9s
Ep 4028 | Rw: 123.2 | Loss: 0.0158 | Q: 6.16 | Grad: 0.44 | Eps: 0.050 | Time: 0.8s
Ep 4029 | Rw: 25.0 | Loss: 0.0213 | Q: 6.16 | Grad: 0.41 | Eps: 0.050 | Time: 0.9s
Ep 4030 | Rw: 35.8 | Loss: 0.0140 | Q: 6.17 | Grad: 0.40 | Eps: 0.050 | Time: 0.9s
Ep 4031 | Rw: 127.5 | Loss: 0.0182 | Q: 6.16 | Grad: 0.50 | Eps: 0.050 | Time: 0.8s
Ep 4032 | Rw: 29.9 | Loss: 0.0153 | Q: 6.17 | Grad: 0.44 | Eps: 0.050 | Time: 0.8s
Ep 4033 | Rw: 25.5 | Loss: 0.0208 | Q: 6.17 | Grad: 0.46 | Eps: 0.050 | Time: 0.8s
Ep 4034 | Rw: 13.1 | Loss: 0.0151 | Q: 6.17 | Grad: 0.46 | Eps: 0.050 | Time: 0.8s
Ep 4035 | Rw: 29.4 | Loss: 0.0196 | Q: 6.18 | Grad: 0.42 | Eps: 0.050 | Time: 0.8s
Ep 4036 | Rw: 126.3 | Loss: 0.0211 | Q: 6.16 | Grad: 0.46 | Eps: 0.050 | Time: 0.7s
Ep 4037 | Rw: 35.3 | Loss: 0.0212 | Q: 6.18 | Grad: 0.40 | Eps: 0.050 | Time: 0.8s
Ep 4038 | Rw: 26.4 | Loss: 0.0182 | Q: 6.17 | Grad: 0.41 | Eps: 0.050 | Time: 0.8s
Ep 4039 | Rw: 22.2 | Loss: 0.0171 | Q: 6.16 | Grad: 0.44 | Eps: 0.050 | Time: 0.8s
Ep 4040 | Rw: 29.9 | Loss: 0.0141 | Q: 6.17 | Grad: 0.39 | Eps: 0.050 | Time: 0.9s
Ep 4041 | Rw: 34.4 | Loss: 0.0154 | Q: 6.21 | Grad: 0.45 | Eps: 0.050 | Time: 0.8s
Ep 4042 | Rw: -1.5 | Loss: 0.0180 | Q: 6.20 | Grad: 0.48 | Eps: 0.050 | Time: 0.9s
Ep 4043 | Rw: 30.8 | Loss: 0.0159 | Q: 6.21 | Grad: 0.47 | Eps: 0.050 | Time: 0.8s
Ep 4044 | Rw: 31.8 | Loss: 0.0164 | Q: 6.20 | Grad: 0.46 | Eps: 0.050 | Time: 0.8s
Ep 4045 | Rw: 110.8 | Loss: 0.0170 | Q: 6.19 | Grad: 0.49 | Eps: 0.050 | Time: 0.6s
Ep 4046 | Rw: 124.0 | Loss: 0.0204 | Q: 6.19 | Grad: 0.49 | Eps: 0.050 | Time: 0.8s
Ep 4047 | Rw: 3.6 | Loss: 0.0165 | Q: 6.20 | Grad: 0.41 | Eps: 0.050 | Time: 0.8s
Ep 4048 | Rw: 30.1 | Loss: 0.0179 | Q: 6.20 | Grad: 0.43 | Eps: 0.050 | Time: 0.8s
Ep 4049 | Rw: 33.9 | Loss: 0.0158 | Q: 6.20 | Grad: 0.44 | Eps: 0.050 | Time: 0.8s
Ep 4050 | Rw: 123.4 | Loss: 0.0188 | Q: 6.20 | Grad: 0.41 | Eps: 0.050 | Time: 0.8s
  ✓ Saved checkpoint & updated plots in checkpoints/2026-03-12_11-17-00/plots
Ep 4051 | Rw: 30.2 | Loss: 0.0162 | Q: 6.20 | Grad: 0.36 | Eps: 0.050 | Time: 0.9s
Ep 4052 | Rw: 18.7 | Loss: 0.0198 | Q: 6.20 | Grad: 0.38 | Eps: 0.050 | Time: 0.8s
Ep 4053 | Rw: 132.4 | Loss: 0.0199 | Q: 6.21 | Grad: 0.51 | Eps: 0.050 | Time: 0.8s
Ep 4054 | Rw: -0.0 | Loss: 0.0202 | Q: 6.19 | Grad: 0.48 | Eps: 0.050 | Time: 0.8s
Ep 4055 | Rw: -26.4 | Loss: 0.0167 | Q: 6.20 | Grad: 0.40 | Eps: 0.050 | Time: 0.8s
Ep 4056 | Rw: 125.2 | Loss: 0.0184 | Q: 6.21 | Grad: 0.45 | Eps: 0.050 | Time: 0.7s
Ep 4057 | Rw: 111.5 | Loss: 0.0199 | Q: 6.19 | Grad: 0.48 | Eps: 0.050 | Time: 0.4s
Ep 4058 | Rw: 27.3 | Loss: 0.0193 | Q: 6.21 | Grad: 0.44 | Eps: 0.050 | Time: 0.9s
Ep 4059 | Rw: 21.1 | Loss: 0.0183 | Q: 6.20 | Grad: 0.47 | Eps: 0.050 | Time: 0.9s
Ep 4060 | Rw: 114.9 | Loss: 0.0150 | Q: 6.21 | Grad: 0.44 | Eps: 0.050 | Time: 0.5s
Ep 4061 | Rw: -10.3 | Loss: 0.0175 | Q: 6.20 | Grad: 0.43 | Eps: 0.050 | Time: 0.8s
Ep 4062 | Rw: 111.0 | Loss: 0.0181 | Q: 6.20 | Grad: 0.43 | Eps: 0.050 | Time: 0.5s
Ep 4063 | Rw: 35.8 | Loss: 0.0173 | Q: 6.22 | Grad: 0.47 | Eps: 0.050 | Time: 0.8s
Ep 4064 | Rw: 35.1 | Loss: 0.0191 | Q: 6.25 | Grad: 0.49 | Eps: 0.050 | Time: 0.8s
Ep 4065 | Rw: 107.1 | Loss: 0.0205 | Q: 6.23 | Grad: 0.44 | Eps: 0.050 | Time: 0.4s
Ep 4066 | Rw: 125.0 | Loss: 0.0232 | Q: 6.24 | Grad: 0.50 | Eps: 0.050 | Time: 0.8s
Ep 4067 | Rw: 105.0 | Loss: 0.0217 | Q: 6.26 | Grad: 0.46 | Eps: 0.050 | Time: 0.6s
Ep 4068 | Rw: 29.5 | Loss: 0.0158 | Q: 6.26 | Grad: 0.43 | Eps: 0.050 | Time: 2.3s
Ep 4069 | Rw: 113.1 | Loss: 0.0177 | Q: 6.26 | Grad: 0.44 | Eps: 0.050 | Time: 0.9s
Ep 4070 | Rw: 5.4 | Loss: 0.0142 | Q: 6.24 | Grad: 0.42 | Eps: 0.050 | Time: 0.9s
Ep 4071 | Rw: 26.4 | Loss: 0.0194 | Q: 6.25 | Grad: 0.43 | Eps: 0.050 | Time: 0.9s
Ep 4072 | Rw: 19.4 | Loss: 0.0198 | Q: 6.26 | Grad: 0.45 | Eps: 0.050 | Time: 0.8s
Ep 4073 | Rw: 120.8 | Loss: 0.0219 | Q: 6.24 | Grad: 0.46 | Eps: 0.050 | Time: 0.8s
Ep 4074 | Rw: 28.5 | Loss: 0.0164 | Q: 6.24 | Grad: 0.41 | Eps: 0.050 | Time: 0.8s
Ep 4075 | Rw: 20.4 | Loss: 0.0183 | Q: 6.26 | Grad: 0.42 | Eps: 0.050 | Time: 0.8s
Ep 4076 | Rw: 119.1 | Loss: 0.0175 | Q: 6.26 | Grad: 0.46 | Eps: 0.050 | Time: 0.8s
Ep 4077 | Rw: 4.5 | Loss: 0.0194 | Q: 6.25 | Grad: 0.50 | Eps: 0.050 | Time: 0.8s
Ep 4078 | Rw: 25.1 | Loss: 0.0225 | Q: 6.25 | Grad: 0.44 | Eps: 0.050 | Time: 0.8s
Ep 4079 | Rw: 22.5 | Loss: 0.0213 | Q: 6.25 | Grad: 0.44 | Eps: 0.050 | Time: 0.9s
Ep 4080 | Rw: 2.8 | Loss: 0.0212 | Q: 6.25 | Grad: 0.50 | Eps: 0.050 | Time: 0.9s
Ep 4081 | Rw: 31.3 | Loss: 0.0190 | Q: 6.24 | Grad: 0.45 | Eps: 0.050 | Time: 1.0s
Ep 4082 | Rw: 25.1 | Loss: 0.0125 | Q: 6.24 | Grad: 0.38 | Eps: 0.050 | Time: 1.0s
Ep 4083 | Rw: 27.4 | Loss: 0.0169 | Q: 6.24 | Grad: 0.42 | Eps: 0.050 | Time: 1.0s
Ep 4084 | Rw: 33.8 | Loss: 0.0203 | Q: 6.24 | Grad: 0.44 | Eps: 0.050 | Time: 1.0s
Ep 4085 | Rw: 26.9 | Loss: 0.0195 | Q: 6.27 | Grad: 0.46 | Eps: 0.050 | Time: 0.9s
Ep 4086 | Rw: 30.2 | Loss: 0.0172 | Q: 6.26 | Grad: 0.42 | Eps: 0.050 | Time: 0.9s
Ep 4087 | Rw: 29.8 | Loss: 0.0193 | Q: 6.28 | Grad: 0.39 | Eps: 0.050 | Time: 0.9s
Ep 4088 | Rw: 27.6 | Loss: 0.0178 | Q: 6.26 | Grad: 0.47 | Eps: 0.050 | Time: 0.9s
Ep 4089 | Rw: 111.8 | Loss: 0.0130 | Q: 6.28 | Grad: 0.40 | Eps: 0.050 | Time: 0.4s
Ep 4090 | Rw: 13.8 | Loss: 0.0161 | Q: 6.29 | Grad: 0.37 | Eps: 0.050 | Time: 0.9s
Ep 4091 | Rw: 18.1 | Loss: 0.0145 | Q: 6.27 | Grad: 0.45 | Eps: 0.050 | Time: 0.9s
Ep 4092 | Rw: 19.7 | Loss: 0.0216 | Q: 6.28 | Grad: 0.42 | Eps: 0.050 | Time: 0.9s
Ep 4093 | Rw: 16.5 | Loss: 0.0252 | Q: 6.27 | Grad: 0.46 | Eps: 0.050 | Time: 0.9s
Ep 4094 | Rw: 27.8 | Loss: 0.0175 | Q: 6.28 | Grad: 0.40 | Eps: 0.050 | Time: 0.9s
Ep 4095 | Rw: 36.3 | Loss: 0.0169 | Q: 6.28 | Grad: 0.39 | Eps: 0.050 | Time: 0.9s
Ep 4096 | Rw: 31.0 | Loss: 0.0187 | Q: 6.27 | Grad: 0.40 | Eps: 0.050 | Time: 0.9s
Ep 4097 | Rw: 11.8 | Loss: 0.0159 | Q: 6.27 | Grad: 0.41 | Eps: 0.050 | Time: 0.9s
Ep 4098 | Rw: 17.6 | Loss: 0.0164 | Q: 6.28 | Grad: 0.45 | Eps: 0.050 | Time: 0.9s
Ep 4099 | Rw: 26.1 | Loss: 0.0185 | Q: 6.27 | Grad: 0.45 | Eps: 0.050 | Time: 0.9s
Ep 4100 | Rw: 29.5 | Loss: 0.0150 | Q: 6.27 | Grad: 0.49 | Eps: 0.050 | Time: 0.9s
  ✓ Saved checkpoint & updated plots in checkpoints/2026-03-12_11-17-00/plots
Ep 4101 | Rw: 24.0 | Loss: 0.0214 | Q: 6.28 | Grad: 0.44 | Eps: 0.050 | Time: 0.9s
Ep 4102 | Rw: 7.0 | Loss: 0.0174 | Q: 6.28 | Grad: 0.45 | Eps: 0.050 | Time: 1.0s
Ep 4103 | Rw: 22.7 | Loss: 0.0157 | Q: 6.28 | Grad: 0.49 | Eps: 0.050 | Time: 0.9s
Ep 4104 | Rw: 20.3 | Loss: 0.0199 | Q: 6.27 | Grad: 0.41 | Eps: 0.050 | Time: 0.9s
Ep 4105 | Rw: 0.1 | Loss: 0.0197 | Q: 6.28 | Grad: 0.44 | Eps: 0.050 | Time: 0.8s
Ep 4106 | Rw: 126.7 | Loss: 0.0173 | Q: 6.30 | Grad: 0.37 | Eps: 0.050 | Time: 0.7s
Ep 4107 | Rw: 107.1 | Loss: 0.0212 | Q: 6.29 | Grad: 0.41 | Eps: 0.050 | Time: 0.7s
Ep 4108 | Rw: 26.8 | Loss: 0.0112 | Q: 6.30 | Grad: 0.44 | Eps: 0.050 | Time: 0.8s
Ep 4109 | Rw: 105.8 | Loss: 0.0196 | Q: 6.31 | Grad: 0.53 | Eps: 0.050 | Time: 0.6s
Ep 4110 | Rw: 23.5 | Loss: 0.0128 | Q: 6.29 | Grad: 0.52 | Eps: 0.050 | Time: 1.0s
Ep 4111 | Rw: -2.0 | Loss: 0.0159 | Q: 6.30 | Grad: 0.45 | Eps: 0.050 | Time: 0.8s
Ep 4112 | Rw: 8.1 | Loss: 0.0194 | Q: 6.31 | Grad: 0.47 | Eps: 0.050 | Time: 2.3s
Ep 4113 | Rw: 17.7 | Loss: 0.0211 | Q: 6.30 | Grad: 0.42 | Eps: 0.050 | Time: 0.8s
Ep 4114 | Rw: 127.8 | Loss: 0.0137 | Q: 6.29 | Grad: 0.42 | Eps: 0.050 | Time: 0.8s
Ep 4115 | Rw: 36.7 | Loss: 0.0166 | Q: 6.30 | Grad: 0.44 | Eps: 0.050 | Time: 0.9s
Ep 4116 | Rw: 19.0 | Loss: 0.0238 | Q: 6.29 | Grad: 0.53 | Eps: 0.050 | Time: 0.9s
Ep 4117 | Rw: 25.6 | Loss: 0.0196 | Q: 6.31 | Grad: 0.36 | Eps: 0.050 | Time: 0.9s
Ep 4118 | Rw: 29.0 | Loss: 0.0197 | Q: 6.30 | Grad: 0.53 | Eps: 0.050 | Time: 1.0s
Ep 4119 | Rw: 30.0 | Loss: 0.0211 | Q: 6.30 | Grad: 0.49 | Eps: 0.050 | Time: 1.0s
Ep 4120 | Rw: 26.4 | Loss: 0.0221 | Q: 6.30 | Grad: 0.45 | Eps: 0.050 | Time: 0.9s
Ep 4121 | Rw: 13.5 | Loss: 0.0189 | Q: 6.30 | Grad: 0.44 | Eps: 0.050 | Time: 0.9s
Ep 4122 | Rw: 30.5 | Loss: 0.0206 | Q: 6.29 | Grad: 0.48 | Eps: 0.050 | Time: 0.9s
Ep 4123 | Rw: 24.7 | Loss: 0.0184 | Q: 6.30 | Grad: 0.42 | Eps: 0.050 | Time: 0.9s
Ep 4124 | Rw: 20.0 | Loss: 0.0123 | Q: 6.29 | Grad: 0.47 | Eps: 0.050 | Time: 0.9s
Ep 4125 | Rw: 15.7 | Loss: 0.0182 | Q: 6.29 | Grad: 0.46 | Eps: 0.050 | Time: 0.9s
Ep 4126 | Rw: 27.8 | Loss: 0.0163 | Q: 6.29 | Grad: 0.48 | Eps: 0.050 | Time: 0.9s
Ep 4127 | Rw: 30.5 | Loss: 0.0187 | Q: 6.32 | Grad: 0.47 | Eps: 0.050 | Time: 0.9s
Ep 4128 | Rw: 13.5 | Loss: 0.0151 | Q: 6.31 | Grad: 0.40 | Eps: 0.050 | Time: 0.9s
Ep 4129 | Rw: 26.9 | Loss: 0.0134 | Q: 6.31 | Grad: 0.38 | Eps: 0.050 | Time: 0.9s
Ep 4130 | Rw: 30.6 | Loss: 0.0168 | Q: 6.31 | Grad: 0.43 | Eps: 0.050 | Time: 0.9s
Ep 4131 | Rw: 119.5 | Loss: 0.0179 | Q: 6.32 | Grad: 0.40 | Eps: 0.050 | Time: 0.9s
Ep 4132 | Rw: 25.8 | Loss: 0.0182 | Q: 6.30 | Grad: 0.48 | Eps: 0.050 | Time: 0.9s
Ep 4133 | Rw: 29.2 | Loss: 0.0171 | Q: 6.31 | Grad: 0.38 | Eps: 0.050 | Time: 1.0s
Ep 4134 | Rw: 17.7 | Loss: 0.0182 | Q: 6.32 | Grad: 0.46 | Eps: 0.050 | Time: 0.9s
Ep 4135 | Rw: 4.9 | Loss: 0.0178 | Q: 6.31 | Grad: 0.44 | Eps: 0.050 | Time: 0.9s
Ep 4136 | Rw: 29.6 | Loss: 0.0150 | Q: 6.32 | Grad: 0.44 | Eps: 0.050 | Time: 0.9s
Ep 4137 | Rw: 24.9 | Loss: 0.0225 | Q: 6.32 | Grad: 0.46 | Eps: 0.050 | Time: 0.9s
Ep 4138 | Rw: 24.8 | Loss: 0.0214 | Q: 6.32 | Grad: 0.47 | Eps: 0.050 | Time: 0.9s
Ep 4139 | Rw: 27.7 | Loss: 0.0201 | Q: 6.32 | Grad: 0.45 | Eps: 0.050 | Time: 0.9s
Ep 4140 | Rw: 34.2 | Loss: 0.0152 | Q: 6.30 | Grad: 0.47 | Eps: 0.050 | Time: 0.9s
Ep 4141 | Rw: 30.6 | Loss: 0.0186 | Q: 6.31 | Grad: 0.47 | Eps: 0.050 | Time: 0.9s
Ep 4142 | Rw: 13.4 | Loss: 0.0181 | Q: 6.30 | Grad: 0.47 | Eps: 0.050 | Time: 0.9s
Ep 4143 | Rw: 33.1 | Loss: 0.0190 | Q: 6.29 | Grad: 0.54 | Eps: 0.050 | Time: 0.9s
Ep 4144 | Rw: 13.9 | Loss: 0.0170 | Q: 6.31 | Grad: 0.42 | Eps: 0.050 | Time: 0.9s
Ep 4145 | Rw: 35.4 | Loss: 0.0191 | Q: 6.31 | Grad: 0.48 | Eps: 0.050 | Time: 0.9s
Ep 4146 | Rw: 28.8 | Loss: 0.0180 | Q: 6.30 | Grad: 0.53 | Eps: 0.050 | Time: 0.9s
Ep 4147 | Rw: 28.8 | Loss: 0.0189 | Q: 6.36 | Grad: 0.51 | Eps: 0.050 | Time: 0.9s
Ep 4148 | Rw: 20.2 | Loss: 0.0207 | Q: 6.37 | Grad: 0.44 | Eps: 0.050 | Time: 0.9s
Ep 4149 | Rw: 128.0 | Loss: 0.0148 | Q: 6.37 | Grad: 0.52 | Eps: 0.050 | Time: 0.8s
Ep 4150 | Rw: 13.2 | Loss: 0.0155 | Q: 6.37 | Grad: 0.50 | Eps: 0.050 | Time: 0.8s
  ✓ Saved checkpoint & updated plots in checkpoints/2026-03-12_11-17-00/plots
Ep 4151 | Rw: 10.5 | Loss: 0.0165 | Q: 6.36 | Grad: 0.49 | Eps: 0.050 | Time: 0.9s
Ep 4152 | Rw: 8.3 | Loss: 0.0129 | Q: 6.37 | Grad: 0.45 | Eps: 0.050 | Time: 0.8s
Ep 4153 | Rw: 8.8 | Loss: 0.0200 | Q: 6.35 | Grad: 0.47 | Eps: 0.050 | Time: 0.8s
Ep 4154 | Rw: 27.4 | Loss: 0.0179 | Q: 6.36 | Grad: 0.45 | Eps: 0.050 | Time: 0.8s
Ep 4155 | Rw: 13.6 | Loss: 0.0177 | Q: 6.36 | Grad: 0.47 | Eps: 0.050 | Time: 0.9s
Ep 4156 | Rw: 22.0 | Loss: 0.0194 | Q: 6.35 | Grad: 0.53 | Eps: 0.050 | Time: 0.9s
Ep 4157 | Rw: 18.4 | Loss: 0.0190 | Q: 6.38 | Grad: 0.48 | Eps: 0.050 | Time: 2.3s
Ep 4158 | Rw: 27.5 | Loss: 0.0194 | Q: 6.36 | Grad: 0.44 | Eps: 0.050 | Time: 1.0s
Ep 4159 | Rw: 33.4 | Loss: 0.0163 | Q: 6.37 | Grad: 0.43 | Eps: 0.050 | Time: 1.0s
Ep 4160 | Rw: 34.7 | Loss: 0.0179 | Q: 6.35 | Grad: 0.42 | Eps: 0.050 | Time: 0.9s
Ep 4161 | Rw: 32.6 | Loss: 0.0211 | Q: 6.37 | Grad: 0.49 | Eps: 0.050 | Time: 0.9s
Ep 4162 | Rw: 32.8 | Loss: 0.0158 | Q: 6.38 | Grad: 0.43 | Eps: 0.050 | Time: 1.0s
Ep 4163 | Rw: 33.4 | Loss: 0.0175 | Q: 6.36 | Grad: 0.50 | Eps: 0.050 | Time: 0.9s
Ep 4164 | Rw: 25.7 | Loss: 0.0160 | Q: 6.35 | Grad: 0.44 | Eps: 0.050 | Time: 0.9s
Ep 4165 | Rw: 119.5 | Loss: 0.0156 | Q: 6.37 | Grad: 0.45 | Eps: 0.050 | Time: 0.8s
Ep 4166 | Rw: 29.4 | Loss: 0.0161 | Q: 6.36 | Grad: 0.42 | Eps: 0.050 | Time: 1.1s
Ep 4167 | Rw: 9.8 | Loss: 0.0143 | Q: 6.39 | Grad: 0.46 | Eps: 0.050 | Time: 1.0s
Ep 4168 | Rw: 22.6 | Loss: 0.0210 | Q: 6.41 | Grad: 0.44 | Eps: 0.050 | Time: 1.0s
Ep 4169 | Rw: 27.9 | Loss: 0.0139 | Q: 6.41 | Grad: 0.46 | Eps: 0.050 | Time: 1.0s
Ep 4170 | Rw: 4.7 | Loss: 0.0155 | Q: 6.38 | Grad: 0.50 | Eps: 0.050 | Time: 1.0s
Ep 4171 | Rw: -13.0 | Loss: 0.0144 | Q: 6.40 | Grad: 0.47 | Eps: 0.050 | Time: 0.9s
Ep 4172 | Rw: 20.1 | Loss: 0.0169 | Q: 6.41 | Grad: 0.45 | Eps: 0.050 | Time: 1.0s
Ep 4173 | Rw: 31.0 | Loss: 0.0199 | Q: 6.41 | Grad: 0.42 | Eps: 0.050 | Time: 0.9s
Ep 4174 | Rw: 16.0 | Loss: 0.0140 | Q: 6.39 | Grad: 0.38 | Eps: 0.050 | Time: 0.8s
Ep 4175 | Rw: 34.5 | Loss: 0.0173 | Q: 6.40 | Grad: 0.42 | Eps: 0.050 | Time: 0.9s
Ep 4176 | Rw: 33.3 | Loss: 0.0168 | Q: 6.40 | Grad: 0.42 | Eps: 0.050 | Time: 0.9s
Ep 4177 | Rw: 18.1 | Loss: 0.0165 | Q: 6.40 | Grad: 0.43 | Eps: 0.050 | Time: 0.9s
Ep 4178 | Rw: 20.0 | Loss: 0.0169 | Q: 6.39 | Grad: 0.45 | Eps: 0.050 | Time: 0.9s
Ep 4179 | Rw: 115.9 | Loss: 0.0190 | Q: 6.40 | Grad: 0.43 | Eps: 0.050 | Time: 0.6s
Ep 4180 | Rw: 24.8 | Loss: 0.0151 | Q: 6.40 | Grad: 0.41 | Eps: 0.050 | Time: 0.8s
Ep 4181 | Rw: 30.1 | Loss: 0.0170 | Q: 6.40 | Grad: 0.43 | Eps: 0.050 | Time: 0.8s
Ep 4182 | Rw: 28.7 | Loss: 0.0149 | Q: 6.40 | Grad: 0.41 | Eps: 0.050 | Time: 0.9s
Ep 4183 | Rw: 28.7 | Loss: 0.0185 | Q: 6.41 | Grad: 0.45 | Eps: 0.050 | Time: 0.8s
Ep 4184 | Rw: 30.1 | Loss: 0.0179 | Q: 6.40 | Grad: 0.47 | Eps: 0.050 | Time: 0.9s
Ep 4185 | Rw: 31.8 | Loss: 0.0133 | Q: 6.39 | Grad: 0.46 | Eps: 0.050 | Time: 0.9s
Ep 4186 | Rw: 28.4 | Loss: 0.0190 | Q: 6.40 | Grad: 0.51 | Eps: 0.050 | Time: 0.9s
Ep 4187 | Rw: 28.7 | Loss: 0.0150 | Q: 6.40 | Grad: 0.48 | Eps: 0.050 | Time: 0.9s
Ep 4188 | Rw: 109.2 | Loss: 0.0182 | Q: 6.41 | Grad: 0.61 | Eps: 0.050 | Time: 0.5s
Ep 4189 | Rw: 29.6 | Loss: 0.0212 | Q: 6.43 | Grad: 0.50 | Eps: 0.050 | Time: 0.9s
Ep 4190 | Rw: 17.5 | Loss: 0.0168 | Q: 6.41 | Grad: 0.44 | Eps: 0.050 | Time: 0.9s
Ep 4191 | Rw: 29.5 | Loss: 0.0171 | Q: 6.41 | Grad: 0.47 | Eps: 0.050 | Time: 0.8s
Ep 4192 | Rw: 27.3 | Loss: 0.0152 | Q: 6.41 | Grad: 0.48 | Eps: 0.050 | Time: 0.9s
Ep 4193 | Rw: 33.2 | Loss: 0.0188 | Q: 6.42 | Grad: 0.51 | Eps: 0.050 | Time: 1.0s
Ep 4194 | Rw: 33.1 | Loss: 0.0157 | Q: 6.42 | Grad: 0.44 | Eps: 0.050 | Time: 0.9s
Ep 4195 | Rw: 38.7 | Loss: 0.0130 | Q: 6.41 | Grad: 0.45 | Eps: 0.050 | Time: 0.8s
Ep 4196 | Rw: 24.9 | Loss: 0.0156 | Q: 6.42 | Grad: 0.49 | Eps: 0.050 | Time: 0.8s
Ep 4197 | Rw: 23.6 | Loss: 0.0194 | Q: 6.41 | Grad: 0.48 | Eps: 0.050 | Time: 0.8s
Ep 4198 | Rw: 30.1 | Loss: 0.0194 | Q: 6.42 | Grad: 0.51 | Eps: 0.050 | Time: 0.9s
Ep 4199 | Rw: 26.9 | Loss: 0.0141 | Q: 6.40 | Grad: 0.53 | Eps: 0.050 | Time: 0.8s
Ep 4200 | Rw: 9.5 | Loss: 0.0184 | Q: 6.42 | Grad: 0.46 | Eps: 0.050 | Time: 0.8s
  ✓ Saved checkpoint & updated plots in checkpoints/2026-03-12_11-17-00/plots
Ep 4201 | Rw: 101.9 | Loss: 0.0223 | Q: 6.42 | Grad: 0.53 | Eps: 0.050 | Time: 0.6s
Ep 4202 | Rw: 22.8 | Loss: 0.0151 | Q: 6.41 | Grad: 0.45 | Eps: 0.050 | Time: 2.3s
Ep 4203 | Rw: 29.3 | Loss: 0.0168 | Q: 6.42 | Grad: 0.41 | Eps: 0.050 | Time: 1.0s
Ep 4204 | Rw: 119.5 | Loss: 0.0164 | Q: 6.41 | Grad: 0.46 | Eps: 0.050 | Time: 0.8s
Ep 4205 | Rw: 3.8 | Loss: 0.0149 | Q: 6.41 | Grad: 0.43 | Eps: 0.050 | Time: 0.9s
Ep 4206 | Rw: 13.0 | Loss: 0.0138 | Q: 6.42 | Grad: 0.42 | Eps: 0.050 | Time: 1.1s
Ep 4207 | Rw: 117.8 | Loss: 0.0204 | Q: 6.41 | Grad: 0.42 | Eps: 0.050 | Time: 0.6s
Ep 4208 | Rw: 109.6 | Loss: 0.0127 | Q: 6.41 | Grad: 0.48 | Eps: 0.050 | Time: 0.8s
Ep 4209 | Rw: 29.2 | Loss: 0.0161 | Q: 6.42 | Grad: 0.45 | Eps: 0.050 | Time: 1.0s
Ep 4210 | Rw: 33.7 | Loss: 0.0217 | Q: 6.42 | Grad: 0.47 | Eps: 0.050 | Time: 1.0s
Ep 4211 | Rw: 27.3 | Loss: 0.0194 | Q: 6.43 | Grad: 0.48 | Eps: 0.050 | Time: 1.0s
Ep 4212 | Rw: 5.6 | Loss: 0.0159 | Q: 6.44 | Grad: 0.37 | Eps: 0.050 | Time: 1.0s
Ep 4213 | Rw: 18.1 | Loss: 0.0172 | Q: 6.42 | Grad: 0.44 | Eps: 0.050 | Time: 1.0s
Ep 4214 | Rw: 20.7 | Loss: 0.0141 | Q: 6.42 | Grad: 0.41 | Eps: 0.050 | Time: 0.9s
Ep 4215 | Rw: 25.2 | Loss: 0.0147 | Q: 6.42 | Grad: 0.42 | Eps: 0.050 | Time: 0.9s
Ep 4216 | Rw: 25.4 | Loss: 0.0128 | Q: 6.42 | Grad: 0.48 | Eps: 0.050 | Time: 0.9s
Ep 4217 | Rw: 31.5 | Loss: 0.0161 | Q: 6.41 | Grad: 0.45 | Eps: 0.050 | Time: 1.0s
Ep 4218 | Rw: 115.6 | Loss: 0.0146 | Q: 6.43 | Grad: 0.36 | Eps: 0.050 | Time: 0.8s
Ep 4219 | Rw: 33.7 | Loss: 0.0182 | Q: 6.41 | Grad: 0.40 | Eps: 0.050 | Time: 1.1s
Ep 4220 | Rw: 20.2 | Loss: 0.0184 | Q: 6.43 | Grad: 0.41 | Eps: 0.050 | Time: 1.1s
Ep 4221 | Rw: 32.5 | Loss: 0.0179 | Q: 6.43 | Grad: 0.41 | Eps: 0.050 | Time: 1.3s
Ep 4222 | Rw: 115.5 | Loss: 0.0121 | Q: 6.43 | Grad: 0.38 | Eps: 0.050 | Time: 0.9s
Ep 4223 | Rw: 23.3 | Loss: 0.0149 | Q: 6.43 | Grad: 0.43 | Eps: 0.050 | Time: 1.3s
Ep 4224 | Rw: 114.3 | Loss: 0.0182 | Q: 6.42 | Grad: 0.44 | Eps: 0.050 | Time: 0.9s
Ep 4225 | Rw: 32.8 | Loss: 0.0131 | Q: 6.44 | Grad: 0.44 | Eps: 0.050 | Time: 1.3s
Ep 4226 | Rw: 13.7 | Loss: 0.0174 | Q: 6.43 | Grad: 0.49 | Eps: 0.050 | Time: 1.2s
Ep 4227 | Rw: 32.8 | Loss: 0.0158 | Q: 6.42 | Grad: 0.40 | Eps: 0.050 | Time: 1.3s
Ep 4228 | Rw: 21.3 | Loss: 0.0152 | Q: 6.42 | Grad: 0.44 | Eps: 0.050 | Time: 1.0s
Ep 4229 | Rw: 24.9 | Loss: 0.0198 | Q: 6.44 | Grad: 0.41 | Eps: 0.050 | Time: 1.3s
Ep 4230 | Rw: 26.5 | Loss: 0.0127 | Q: 6.42 | Grad: 0.43 | Eps: 0.050 | Time: 1.2s
Ep 4231 | Rw: 21.3 | Loss: 0.0133 | Q: 6.47 | Grad: 0.46 | Eps: 0.050 | Time: 1.1s
Ep 4232 | Rw: 33.4 | Loss: 0.0175 | Q: 6.46 | Grad: 0.46 | Eps: 0.050 | Time: 1.0s
Ep 4233 | Rw: 105.7 | Loss: 0.0167 | Q: 6.45 | Grad: 0.40 | Eps: 0.050 | Time: 0.8s
Ep 4234 | Rw: 37.0 | Loss: 0.0154 | Q: 6.46 | Grad: 0.41 | Eps: 0.050 | Time: 1.4s
Ep 4235 | Rw: 18.5 | Loss: 0.0126 | Q: 6.45 | Grad: 0.36 | Eps: 0.050 | Time: 1.1s
Ep 4236 | Rw: 30.2 | Loss: 0.0190 | Q: 6.46 | Grad: 0.42 | Eps: 0.050 | Time: 1.1s
Ep 4237 | Rw: 27.9 | Loss: 0.0140 | Q: 6.45 | Grad: 0.46 | Eps: 0.050 | Time: 1.0s
Ep 4238 | Rw: 25.6 | Loss: 0.0169 | Q: 6.46 | Grad: 0.42 | Eps: 0.050 | Time: 1.1s
Ep 4239 | Rw: 21.6 | Loss: 0.0154 | Q: 6.44 | Grad: 0.42 | Eps: 0.050 | Time: 1.0s
Ep 4240 | Rw: 33.7 | Loss: 0.0119 | Q: 6.45 | Grad: 0.38 | Eps: 0.050 | Time: 1.0s
Ep 4241 | Rw: 16.9 | Loss: 0.0159 | Q: 6.45 | Grad: 0.39 | Eps: 0.050 | Time: 1.0s
Ep 4242 | Rw: 123.0 | Loss: 0.0163 | Q: 6.43 | Grad: 0.40 | Eps: 0.050 | Time: 1.2s
Ep 4243 | Rw: 22.2 | Loss: 0.0197 | Q: 6.46 | Grad: 0.43 | Eps: 0.050 | Time: 1.0s
Ep 4244 | Rw: 25.6 | Loss: 0.0099 | Q: 6.45 | Grad: 0.42 | Eps: 0.050 | Time: 1.2s
Ep 4245 | Rw: 123.2 | Loss: 0.0181 | Q: 6.46 | Grad: 0.50 | Eps: 0.050 | Time: 0.9s
Ep 4246 | Rw: 113.0 | Loss: 0.0175 | Q: 6.46 | Grad: 0.46 | Eps: 0.050 | Time: 0.8s
Ep 4247 | Rw: 36.4 | Loss: 0.0158 | Q: 6.46 | Grad: 0.40 | Eps: 0.050 | Time: 1.4s
Ep 4248 | Rw: 106.6 | Loss: 0.0121 | Q: 6.47 | Grad: 0.36 | Eps: 0.050 | Time: 0.6s
Ep 4249 | Rw: 13.7 | Loss: 0.0146 | Q: 6.45 | Grad: 0.42 | Eps: 0.050 | Time: 1.0s
Ep 4250 | Rw: 28.1 | Loss: 0.0176 | Q: 6.45 | Grad: 0.45 | Eps: 0.050 | Time: 6.3s
  ✓ Saved checkpoint & updated plots in checkpoints/2026-03-12_11-17-00/plots
Ep 4251 | Rw: 28.4 | Loss: 0.0173 | Q: 6.47 | Grad: 0.41 | Eps: 0.050 | Time: 1.2s
Ep 4252 | Rw: 34.3 | Loss: 0.0170 | Q: 6.46 | Grad: 0.45 | Eps: 0.050 | Time: 1.0s
Ep 4253 | Rw: 122.4 | Loss: 0.0195 | Q: 6.47 | Grad: 0.43 | Eps: 0.050 | Time: 0.8s
Ep 4254 | Rw: 25.3 | Loss: 0.0150 | Q: 6.47 | Grad: 0.41 | Eps: 0.050 | Time: 0.9s
Ep 4255 | Rw: 111.7 | Loss: 0.0175 | Q: 6.48 | Grad: 0.41 | Eps: 0.050 | Time: 0.5s
Ep 4256 | Rw: 32.5 | Loss: 0.0150 | Q: 6.48 | Grad: 0.44 | Eps: 0.050 | Time: 0.9s
Ep 4257 | Rw: 35.1 | Loss: 0.0161 | Q: 6.48 | Grad: 0.48 | Eps: 0.050 | Time: 0.9s
Ep 4258 | Rw: 27.8 | Loss: 0.0152 | Q: 6.47 | Grad: 0.43 | Eps: 0.050 | Time: 1.0s
Ep 4259 | Rw: 110.1 | Loss: 0.0189 | Q: 6.45 | Grad: 0.38 | Eps: 0.050 | Time: 0.6s
Ep 4260 | Rw: 27.1 | Loss: 0.0196 | Q: 6.49 | Grad: 0.45 | Eps: 0.050 | Time: 1.0s
Ep 4261 | Rw: 24.4 | Loss: 0.0198 | Q: 6.46 | Grad: 0.49 | Eps: 0.050 | Time: 1.0s
Ep 4262 | Rw: 0.3 | Loss: 0.0154 | Q: 6.47 | Grad: 0.42 | Eps: 0.050 | Time: 1.1s
Ep 4263 | Rw: 17.5 | Loss: 0.0154 | Q: 6.46 | Grad: 0.51 | Eps: 0.050 | Time: 1.0s
Ep 4264 | Rw: 30.4 | Loss: 0.0170 | Q: 6.47 | Grad: 0.48 | Eps: 0.050 | Time: 1.0s
Ep 4265 | Rw: 18.8 | Loss: 0.0117 | Q: 6.46 | Grad: 0.44 | Eps: 0.050 | Time: 1.0s
Ep 4266 | Rw: 31.0 | Loss: 0.0162 | Q: 6.47 | Grad: 0.41 | Eps: 0.050 | Time: 0.9s
Ep 4267 | Rw: 21.3 | Loss: 0.0158 | Q: 6.47 | Grad: 0.44 | Eps: 0.050 | Time: 1.0s
Ep 4268 | Rw: 37.2 | Loss: 0.0119 | Q: 6.47 | Grad: 0.43 | Eps: 0.050 | Time: 1.0s
Ep 4269 | Rw: -10.1 | Loss: 0.0141 | Q: 6.47 | Grad: 0.47 | Eps: 0.050 | Time: 0.8s
Ep 4270 | Rw: 33.5 | Loss: 0.0191 | Q: 6.47 | Grad: 0.44 | Eps: 0.050 | Time: 0.9s
Ep 4271 | Rw: 12.1 | Loss: 0.0144 | Q: 6.47 | Grad: 0.48 | Eps: 0.050 | Time: 0.9s
Ep 4272 | Rw: 117.6 | Loss: 0.0158 | Q: 6.47 | Grad: 0.51 | Eps: 0.050 | Time: 0.7s
Ep 4273 | Rw: 33.5 | Loss: 0.0159 | Q: 6.47 | Grad: 0.52 | Eps: 0.050 | Time: 0.8s
Ep 4274 | Rw: 30.3 | Loss: 0.0161 | Q: 6.50 | Grad: 0.41 | Eps: 0.050 | Time: 0.9s
Ep 4275 | Rw: 30.3 | Loss: 0.0161 | Q: 6.51 | Grad: 0.43 | Eps: 0.050 | Time: 1.0s
Ep 4276 | Rw: 25.0 | Loss: 0.0144 | Q: 6.51 | Grad: 0.47 | Eps: 0.050 | Time: 1.0s
Ep 4277 | Rw: 31.5 | Loss: 0.0145 | Q: 6.51 | Grad: 0.46 | Eps: 0.050 | Time: 0.9s
Ep 4278 | Rw: 29.5 | Loss: 0.0143 | Q: 6.51 | Grad: 0.41 | Eps: 0.050 | Time: 1.0s
Ep 4279 | Rw: 21.6 | Loss: 0.0157 | Q: 6.50 | Grad: 0.44 | Eps: 0.050 | Time: 0.9s
Ep 4280 | Rw: 28.6 | Loss: 0.0170 | Q: 6.50 | Grad: 0.50 | Eps: 0.050 | Time: 0.9s
Ep 4281 | Rw: 112.8 | Loss: 0.0104 | Q: 6.50 | Grad: 0.40 | Eps: 0.050 | Time: 0.8s
Ep 4282 | Rw: -10.9 | Loss: 0.0183 | Q: 6.50 | Grad: 0.54 | Eps: 0.050 | Time: 0.9s
Ep 4283 | Rw: 103.7 | Loss: 0.0154 | Q: 6.51 | Grad: 0.41 | Eps: 0.050 | Time: 0.8s
Ep 4284 | Rw: 120.3 | Loss: 0.0152 | Q: 6.50 | Grad: 0.43 | Eps: 0.050 | Time: 0.7s
Ep 4285 | Rw: 20.9 | Loss: 0.0166 | Q: 6.49 | Grad: 0.48 | Eps: 0.050 | Time: 0.9s
Ep 4286 | Rw: 107.3 | Loss: 0.0090 | Q: 6.51 | Grad: 0.42 | Eps: 0.050 | Time: 0.5s
Ep 4287 | Rw: 111.7 | Loss: 0.0130 | Q: 6.48 | Grad: 0.40 | Eps: 0.050 | Time: 0.7s
Ep 4288 | Rw: 129.0 | Loss: 0.0184 | Q: 6.51 | Grad: 0.41 | Eps: 0.050 | Time: 1.0s
Ep 4289 | Rw: 33.0 | Loss: 0.0146 | Q: 6.51 | Grad: 0.47 | Eps: 0.050 | Time: 0.9s
Ep 4290 | Rw: 13.0 | Loss: 0.0187 | Q: 6.51 | Grad: 0.46 | Eps: 0.050 | Time: 0.9s
Ep 4291 | Rw: 27.5 | Loss: 0.0216 | Q: 6.50 | Grad: 0.48 | Eps: 0.050 | Time: 0.9s
Ep 4292 | Rw: 119.8 | Loss: 0.0194 | Q: 6.50 | Grad: 0.50 | Eps: 0.050 | Time: 0.6s
Ep 4293 | Rw: 30.1 | Loss: 0.0130 | Q: 6.51 | Grad: 0.41 | Eps: 0.050 | Time: 0.9s
Ep 4294 | Rw: 27.9 | Loss: 0.0170 | Q: 6.49 | Grad: 0.43 | Eps: 0.050 | Time: 0.9s
Ep 4295 | Rw: 22.9 | Loss: 0.0125 | Q: 6.51 | Grad: 0.39 | Eps: 0.050 | Time: 0.9s
Ep 4296 | Rw: 24.1 | Loss: 0.0160 | Q: 6.52 | Grad: 0.44 | Eps: 0.050 | Time: 2.2s
Ep 4297 | Rw: 19.7 | Loss: 0.0147 | Q: 6.53 | Grad: 0.40 | Eps: 0.050 | Time: 0.9s
Ep 4298 | Rw: 129.0 | Loss: 0.0152 | Q: 6.52 | Grad: 0.46 | Eps: 0.050 | Time: 0.9s
Ep 4299 | Rw: 34.8 | Loss: 0.0124 | Q: 6.53 | Grad: 0.43 | Eps: 0.050 | Time: 0.9s
Ep 4300 | Rw: 30.5 | Loss: 0.0197 | Q: 6.52 | Grad: 0.39 | Eps: 0.050 | Time: 0.9s
  ✓ Saved checkpoint & updated plots in checkpoints/2026-03-12_11-17-00/plots
Ep 4301 | Rw: 127.6 | Loss: 0.0147 | Q: 6.52 | Grad: 0.42 | Eps: 0.050 | Time: 0.7s
Ep 4302 | Rw: 26.2 | Loss: 0.0131 | Q: 6.54 | Grad: 0.38 | Eps: 0.050 | Time: 1.0s
Ep 4303 | Rw: 12.2 | Loss: 0.0170 | Q: 6.53 | Grad: 0.44 | Eps: 0.050 | Time: 0.9s
Ep 4304 | Rw: 32.7 | Loss: 0.0171 | Q: 6.54 | Grad: 0.42 | Eps: 0.050 | Time: 0.9s
Ep 4305 | Rw: -0.5 | Loss: 0.0195 | Q: 6.54 | Grad: 0.44 | Eps: 0.050 | Time: 0.8s
Ep 4306 | Rw: 128.1 | Loss: 0.0118 | Q: 6.54 | Grad: 0.46 | Eps: 0.050 | Time: 0.8s
Ep 4307 | Rw: 18.9 | Loss: 0.0198 | Q: 6.54 | Grad: 0.45 | Eps: 0.050 | Time: 1.0s
Ep 4308 | Rw: 125.8 | Loss: 0.0225 | Q: 6.54 | Grad: 0.49 | Eps: 0.050 | Time: 0.8s
Ep 4309 | Rw: 27.7 | Loss: 0.0121 | Q: 6.52 | Grad: 0.41 | Eps: 0.050 | Time: 1.0s
Ep 4310 | Rw: 33.8 | Loss: 0.0124 | Q: 6.53 | Grad: 0.43 | Eps: 0.050 | Time: 1.0s
Ep 4311 | Rw: 104.8 | Loss: 0.0126 | Q: 6.53 | Grad: 0.51 | Eps: 0.050 | Time: 0.6s
Ep 4312 | Rw: 22.3 | Loss: 0.0158 | Q: 6.53 | Grad: 0.43 | Eps: 0.050 | Time: 0.9s
Ep 4313 | Rw: 31.0 | Loss: 0.0158 | Q: 6.53 | Grad: 0.41 | Eps: 0.050 | Time: 0.9s
Ep 4314 | Rw: 25.8 | Loss: 0.0133 | Q: 6.53 | Grad: 0.42 | Eps: 0.050 | Time: 0.9s
Ep 4315 | Rw: 32.8 | Loss: 0.0154 | Q: 6.53 | Grad: 0.41 | Eps: 0.050 | Time: 0.9s
Ep 4316 | Rw: 31.6 | Loss: 0.0177 | Q: 6.53 | Grad: 0.41 | Eps: 0.050 | Time: 0.9s
Ep 4317 | Rw: 23.7 | Loss: 0.0142 | Q: 6.55 | Grad: 0.42 | Eps: 0.050 | Time: 0.9s
Ep 4318 | Rw: 111.1 | Loss: 0.0156 | Q: 6.57 | Grad: 0.46 | Eps: 0.050 | Time: 0.5s
Ep 4319 | Rw: 111.3 | Loss: 0.0181 | Q: 6.57 | Grad: 0.43 | Eps: 0.050 | Time: 0.6s
Ep 4320 | Rw: 11.6 | Loss: 0.0157 | Q: 6.56 | Grad: 0.45 | Eps: 0.050 | Time: 0.9s
Ep 4321 | Rw: 122.7 | Loss: 0.0090 | Q: 6.56 | Grad: 0.45 | Eps: 0.050 | Time: 0.6s
Ep 4322 | Rw: 118.3 | Loss: 0.0133 | Q: 6.57 | Grad: 0.47 | Eps: 0.050 | Time: 0.7s
Ep 4323 | Rw: 29.6 | Loss: 0.0177 | Q: 6.56 | Grad: 0.44 | Eps: 0.050 | Time: 0.9s
Ep 4324 | Rw: 22.4 | Loss: 0.0165 | Q: 6.57 | Grad: 0.43 | Eps: 0.050 | Time: 0.9s
Ep 4325 | Rw: 32.9 | Loss: 0.0179 | Q: 6.58 | Grad: 0.43 | Eps: 0.050 | Time: 0.9s
Ep 4326 | Rw: 36.6 | Loss: 0.0166 | Q: 6.56 | Grad: 0.42 | Eps: 0.050 | Time: 0.9s
Ep 4327 | Rw: 26.7 | Loss: 0.0096 | Q: 6.56 | Grad: 0.44 | Eps: 0.050 | Time: 0.9s
Ep 4328 | Rw: 33.6 | Loss: 0.0133 | Q: 6.56 | Grad: 0.44 | Eps: 0.050 | Time: 0.9s
Ep 4329 | Rw: 29.5 | Loss: 0.0148 | Q: 6.56 | Grad: 0.42 | Eps: 0.050 | Time: 0.9s
Ep 4330 | Rw: 7.8 | Loss: 0.0159 | Q: 6.56 | Grad: 0.45 | Eps: 0.050 | Time: 0.9s
Ep 4331 | Rw: 107.5 | Loss: 0.0215 | Q: 6.57 | Grad: 0.47 | Eps: 0.050 | Time: 0.4s
Ep 4332 | Rw: 109.4 | Loss: 0.0122 | Q: 6.56 | Grad: 0.53 | Eps: 0.050 | Time: 0.7s
Ep 4333 | Rw: 15.1 | Loss: 0.0139 | Q: 6.56 | Grad: 0.44 | Eps: 0.050 | Time: 0.9s
Ep 4334 | Rw: 29.2 | Loss: 0.0146 | Q: 6.57 | Grad: 0.49 | Eps: 0.050 | Time: 1.0s
Ep 4335 | Rw: 102.2 | Loss: 0.0204 | Q: 6.57 | Grad: 0.49 | Eps: 0.050 | Time: 0.4s
Ep 4336 | Rw: 134.6 | Loss: 0.0150 | Q: 6.56 | Grad: 0.40 | Eps: 0.050 | Time: 1.0s
Ep 4337 | Rw: 122.5 | Loss: 0.0162 | Q: 6.57 | Grad: 0.41 | Eps: 0.050 | Time: 0.9s
Ep 4338 | Rw: 23.9 | Loss: 0.0162 | Q: 6.56 | Grad: 0.47 | Eps: 0.050 | Time: 0.9s
Ep 4339 | Rw: 7.3 | Loss: 0.0104 | Q: 6.56 | Grad: 0.46 | Eps: 0.050 | Time: 0.9s
Ep 4340 | Rw: 107.1 | Loss: 0.0105 | Q: 6.58 | Grad: 0.45 | Eps: 0.050 | Time: 0.7s
Ep 4341 | Rw: 14.3 | Loss: 0.0161 | Q: 6.57 | Grad: 0.46 | Eps: 0.050 | Time: 1.0s
Ep 4342 | Rw: 117.4 | Loss: 0.0191 | Q: 6.59 | Grad: 0.50 | Eps: 0.050 | Time: 2.3s
Ep 4343 | Rw: 18.5 | Loss: 0.0182 | Q: 6.58 | Grad: 0.49 | Eps: 0.050 | Time: 1.0s
Ep 4344 | Rw: 15.0 | Loss: 0.0191 | Q: 6.56 | Grad: 0.52 | Eps: 0.050 | Time: 1.0s
Ep 4345 | Rw: 33.4 | Loss: 0.0181 | Q: 6.57 | Grad: 0.46 | Eps: 0.050 | Time: 1.0s
Ep 4346 | Rw: 34.9 | Loss: 0.0162 | Q: 6.57 | Grad: 0.57 | Eps: 0.050 | Time: 1.1s
Ep 4347 | Rw: 109.3 | Loss: 0.0186 | Q: 6.57 | Grad: 0.54 | Eps: 0.050 | Time: 0.8s
Ep 4348 | Rw: 34.3 | Loss: 0.0173 | Q: 6.59 | Grad: 0.49 | Eps: 0.050 | Time: 1.0s
Ep 4349 | Rw: 26.3 | Loss: 0.0147 | Q: 6.57 | Grad: 0.43 | Eps: 0.050 | Time: 1.0s
Ep 4350 | Rw: 28.7 | Loss: 0.0193 | Q: 6.57 | Grad: 0.50 | Eps: 0.050 | Time: 1.0s
  ✓ Saved checkpoint & updated plots in checkpoints/2026-03-12_11-17-00/plots
Ep 4351 | Rw: 108.3 | Loss: 0.0178 | Q: 6.58 | Grad: 0.52 | Eps: 0.050 | Time: 0.8s
Ep 4352 | Rw: 35.1 | Loss: 0.0124 | Q: 6.56 | Grad: 0.45 | Eps: 0.050 | Time: 0.9s
Ep 4353 | Rw: 130.5 | Loss: 0.0144 | Q: 6.57 | Grad: 0.42 | Eps: 0.050 | Time: 1.0s
Ep 4354 | Rw: 133.4 | Loss: 0.0148 | Q: 6.58 | Grad: 0.45 | Eps: 0.050 | Time: 1.0s
Ep 4355 | Rw: 25.4 | Loss: 0.0147 | Q: 6.56 | Grad: 0.51 | Eps: 0.050 | Time: 1.0s
Ep 4356 | Rw: 16.8 | Loss: 0.0127 | Q: 6.56 | Grad: 0.46 | Eps: 0.050 | Time: 0.9s
Ep 4357 | Rw: 4.0 | Loss: 0.0154 | Q: 6.57 | Grad: 0.45 | Eps: 0.050 | Time: 0.9s
Ep 4358 | Rw: 118.9 | Loss: 0.0180 | Q: 6.55 | Grad: 0.51 | Eps: 0.050 | Time: 0.8s
Ep 4359 | Rw: 28.3 | Loss: 0.0172 | Q: 6.56 | Grad: 0.48 | Eps: 0.050 | Time: 0.9s
Ep 4360 | Rw: 128.4 | Loss: 0.0145 | Q: 6.58 | Grad: 0.44 | Eps: 0.050 | Time: 0.9s
Ep 4361 | Rw: 28.0 | Loss: 0.0135 | Q: 6.56 | Grad: 0.46 | Eps: 0.050 | Time: 0.9s
Ep 4362 | Rw: 32.4 | Loss: 0.0124 | Q: 6.60 | Grad: 0.42 | Eps: 0.050 | Time: 0.9s
Ep 4363 | Rw: 29.3 | Loss: 0.0140 | Q: 6.60 | Grad: 0.50 | Eps: 0.050 | Time: 0.9s
Ep 4364 | Rw: 105.0 | Loss: 0.0148 | Q: 6.60 | Grad: 0.49 | Eps: 0.050 | Time: 0.6s
Ep 4365 | Rw: 28.7 | Loss: 0.0136 | Q: 6.60 | Grad: 0.44 | Eps: 0.050 | Time: 0.9s
Ep 4366 | Rw: 30.2 | Loss: 0.0209 | Q: 6.59 | Grad: 0.50 | Eps: 0.050 | Time: 0.9s
Ep 4367 | Rw: 115.1 | Loss: 0.0175 | Q: 6.60 | Grad: 0.44 | Eps: 0.050 | Time: 0.9s
Ep 4368 | Rw: 21.1 | Loss: 0.0164 | Q: 6.60 | Grad: 0.46 | Eps: 0.050 | Time: 0.9s
Ep 4369 | Rw: 23.6 | Loss: 0.0150 | Q: 6.60 | Grad: 0.49 | Eps: 0.050 | Time: 0.9s
Ep 4370 | Rw: 35.1 | Loss: 0.0137 | Q: 6.59 | Grad: 0.48 | Eps: 0.050 | Time: 0.9s
Ep 4371 | Rw: 27.8 | Loss: 0.0161 | Q: 6.60 | Grad: 0.48 | Eps: 0.050 | Time: 0.9s
Ep 4372 | Rw: 29.3 | Loss: 0.0178 | Q: 6.60 | Grad: 0.48 | Eps: 0.050 | Time: 0.9s
Ep 4373 | Rw: 7.3 | Loss: 0.0178 | Q: 6.59 | Grad: 0.54 | Eps: 0.050 | Time: 0.9s
Ep 4374 | Rw: 19.2 | Loss: 0.0136 | Q: 6.60 | Grad: 0.41 | Eps: 0.050 | Time: 0.9s
Ep 4375 | Rw: 30.8 | Loss: 0.0164 | Q: 6.61 | Grad: 0.42 | Eps: 0.050 | Time: 0.9s
Ep 4376 | Rw: 13.6 | Loss: 0.0178 | Q: 6.60 | Grad: 0.51 | Eps: 0.050 | Time: 0.9s
Ep 4377 | Rw: 31.1 | Loss: 0.0120 | Q: 6.59 | Grad: 0.47 | Eps: 0.050 | Time: 0.9s
Ep 4378 | Rw: 31.8 | Loss: 0.0154 | Q: 6.59 | Grad: 0.44 | Eps: 0.050 | Time: 0.9s
Ep 4379 | Rw: 12.7 | Loss: 0.0187 | Q: 6.61 | Grad: 0.50 | Eps: 0.050 | Time: 0.9s
Ep 4380 | Rw: 13.3 | Loss: 0.0169 | Q: 6.60 | Grad: 0.46 | Eps: 0.050 | Time: 0.9s
Ep 4381 | Rw: 8.9 | Loss: 0.0150 | Q: 6.60 | Grad: 0.48 | Eps: 0.050 | Time: 0.9s
Ep 4382 | Rw: 105.3 | Loss: 0.0222 | Q: 6.59 | Grad: 0.53 | Eps: 0.050 | Time: 0.4s
Ep 4383 | Rw: 32.6 | Loss: 0.0177 | Q: 6.61 | Grad: 0.44 | Eps: 0.050 | Time: 0.9s
Ep 4384 | Rw: 21.2 | Loss: 0.0186 | Q: 6.62 | Grad: 0.48 | Eps: 0.050 | Time: 0.9s
Ep 4385 | Rw: 23.2 | Loss: 0.0118 | Q: 6.63 | Grad: 0.48 | Eps: 0.050 | Time: 0.9s
Ep 4386 | Rw: 26.0 | Loss: 0.0197 | Q: 6.63 | Grad: 0.52 | Eps: 0.050 | Time: 0.9s
Ep 4387 | Rw: 120.7 | Loss: 0.0174 | Q: 6.62 | Grad: 0.45 | Eps: 0.050 | Time: 0.8s
Ep 4388 | Rw: 113.8 | Loss: 0.0208 | Q: 6.63 | Grad: 0.52 | Eps: 0.050 | Time: 0.8s
Ep 4389 | Rw: 30.1 | Loss: 0.0170 | Q: 6.61 | Grad: 0.53 | Eps: 0.050 | Time: 2.3s
Ep 4390 | Rw: 25.8 | Loss: 0.0122 | Q: 6.62 | Grad: 0.44 | Eps: 0.050 | Time: 0.9s
Ep 4391 | Rw: 29.7 | Loss: 0.0138 | Q: 6.61 | Grad: 0.45 | Eps: 0.050 | Time: 0.9s
Ep 4392 | Rw: 112.1 | Loss: 0.0132 | Q: 6.62 | Grad: 0.44 | Eps: 0.050 | Time: 0.7s
Ep 4393 | Rw: 18.5 | Loss: 0.0181 | Q: 6.62 | Grad: 0.50 | Eps: 0.050 | Time: 0.9s
Ep 4394 | Rw: 30.1 | Loss: 0.0119 | Q: 6.61 | Grad: 0.45 | Eps: 0.050 | Time: 0.9s
Ep 4395 | Rw: 24.6 | Loss: 0.0142 | Q: 6.62 | Grad: 0.49 | Eps: 0.050 | Time: 0.9s
Ep 4396 | Rw: 27.1 | Loss: 0.0169 | Q: 6.63 | Grad: 0.50 | Eps: 0.050 | Time: 0.9s
Ep 4397 | Rw: 32.4 | Loss: 0.0174 | Q: 6.61 | Grad: 0.53 | Eps: 0.050 | Time: 0.9s
Ep 4398 | Rw: 33.2 | Loss: 0.0129 | Q: 6.61 | Grad: 0.43 | Eps: 0.050 | Time: 0.9s
Ep 4399 | Rw: 26.7 | Loss: 0.0150 | Q: 6.62 | Grad: 0.49 | Eps: 0.050 | Time: 0.9s
Ep 4400 | Rw: 12.6 | Loss: 0.0120 | Q: 6.62 | Grad: 0.48 | Eps: 0.050 | Time: 0.9s
  ✓ Saved checkpoint & updated plots in checkpoints/2026-03-12_11-17-00/plots
Ep 4401 | Rw: 106.4 | Loss: 0.0108 | Q: 6.61 | Grad: 0.48 | Eps: 0.050 | Time: 0.8s
Ep 4402 | Rw: 35.3 | Loss: 0.0181 | Q: 6.62 | Grad: 0.45 | Eps: 0.050 | Time: 0.9s
Ep 4403 | Rw: 29.9 | Loss: 0.0164 | Q: 6.62 | Grad: 0.47 | Eps: 0.050 | Time: 0.8s
Ep 4404 | Rw: 30.3 | Loss: 0.0115 | Q: 6.64 | Grad: 0.52 | Eps: 0.050 | Time: 0.9s
Ep 4405 | Rw: -4.5 | Loss: 0.0191 | Q: 6.63 | Grad: 0.46 | Eps: 0.050 | Time: 0.8s
Ep 4406 | Rw: 29.4 | Loss: 0.0165 | Q: 6.63 | Grad: 0.49 | Eps: 0.050 | Time: 0.9s
Ep 4407 | Rw: 122.4 | Loss: 0.0182 | Q: 6.63 | Grad: 0.55 | Eps: 0.050 | Time: 0.8s
Ep 4408 | Rw: 111.3 | Loss: 0.0183 | Q: 6.64 | Grad: 0.51 | Eps: 0.050 | Time: 0.5s
Ep 4409 | Rw: 26.4 | Loss: 0.0192 | Q: 6.63 | Grad: 0.51 | Eps: 0.050 | Time: 0.8s
Ep 4410 | Rw: 22.2 | Loss: 0.0177 | Q: 6.64 | Grad: 0.58 | Eps: 0.050 | Time: 0.9s
Ep 4411 | Rw: -10.3 | Loss: 0.0196 | Q: 6.63 | Grad: 0.52 | Eps: 0.050 | Time: 0.8s
Ep 4412 | Rw: 27.2 | Loss: 0.0134 | Q: 6.63 | Grad: 0.56 | Eps: 0.050 | Time: 0.9s
Ep 4413 | Rw: 34.4 | Loss: 0.0174 | Q: 6.64 | Grad: 0.47 | Eps: 0.050 | Time: 0.9s
Ep 4414 | Rw: 122.3 | Loss: 0.0192 | Q: 6.62 | Grad: 0.52 | Eps: 0.050 | Time: 0.8s
Ep 4415 | Rw: 9.8 | Loss: 0.0189 | Q: 6.65 | Grad: 0.50 | Eps: 0.050 | Time: 0.9s
Ep 4416 | Rw: 29.1 | Loss: 0.0153 | Q: 6.62 | Grad: 0.50 | Eps: 0.050 | Time: 0.9s
Ep 4417 | Rw: 26.4 | Loss: 0.0153 | Q: 6.63 | Grad: 0.48 | Eps: 0.050 | Time: 0.9s
Ep 4418 | Rw: 25.6 | Loss: 0.0135 | Q: 6.64 | Grad: 0.48 | Eps: 0.050 | Time: 0.9s
Ep 4419 | Rw: 15.2 | Loss: 0.0164 | Q: 6.63 | Grad: 0.55 | Eps: 0.050 | Time: 0.9s
Ep 4420 | Rw: 32.2 | Loss: 0.0133 | Q: 6.63 | Grad: 0.57 | Eps: 0.050 | Time: 0.9s
Ep 4421 | Rw: 37.0 | Loss: 0.0147 | Q: 6.63 | Grad: 0.49 | Eps: 0.050 | Time: 0.9s
Ep 4422 | Rw: 32.1 | Loss: 0.0134 | Q: 6.63 | Grad: 0.54 | Eps: 0.050 | Time: 0.8s
Ep 4423 | Rw: 25.3 | Loss: 0.0176 | Q: 6.64 | Grad: 0.48 | Eps: 0.050 | Time: 0.8s
Ep 4424 | Rw: 110.8 | Loss: 0.0151 | Q: 6.64 | Grad: 0.52 | Eps: 0.050 | Time: 0.5s
Ep 4425 | Rw: 21.4 | Loss: 0.0154 | Q: 6.65 | Grad: 0.49 | Eps: 0.050 | Time: 0.9s
Ep 4426 | Rw: 31.3 | Loss: 0.0131 | Q: 6.66 | Grad: 0.48 | Eps: 0.050 | Time: 0.9s
Ep 4427 | Rw: 118.6 | Loss: 0.0165 | Q: 6.66 | Grad: 0.43 | Eps: 0.050 | Time: 0.7s
Ep 4428 | Rw: 33.0 | Loss: 0.0131 | Q: 6.65 | Grad: 0.48 | Eps: 0.050 | Time: 0.9s
Ep 4429 | Rw: 125.9 | Loss: 0.0178 | Q: 6.65 | Grad: 0.49 | Eps: 0.050 | Time: 0.7s
Ep 4430 | Rw: 109.4 | Loss: 0.0163 | Q: 6.65 | Grad: 0.55 | Eps: 0.050 | Time: 0.5s
Ep 4431 | Rw: 115.0 | Loss: 0.0206 | Q: 6.66 | Grad: 0.53 | Eps: 0.050 | Time: 0.7s
Ep 4432 | Rw: 0.1 | Loss: 0.0138 | Q: 6.64 | Grad: 0.52 | Eps: 0.050 | Time: 0.8s
Ep 4433 | Rw: 24.3 | Loss: 0.0159 | Q: 6.66 | Grad: 0.46 | Eps: 0.050 | Time: 0.9s
Ep 4434 | Rw: 25.6 | Loss: 0.0145 | Q: 6.65 | Grad: 0.47 | Eps: 0.050 | Time: 0.9s
Ep 4435 | Rw: 118.0 | Loss: 0.0123 | Q: 6.66 | Grad: 0.50 | Eps: 0.050 | Time: 0.6s
Ep 4436 | Rw: 16.0 | Loss: 0.0135 | Q: 6.66 | Grad: 0.48 | Eps: 0.050 | Time: 2.3s
Ep 4437 | Rw: 28.7 | Loss: 0.0143 | Q: 6.65 | Grad: 0.49 | Eps: 0.050 | Time: 0.9s
Ep 4438 | Rw: 27.0 | Loss: 0.0134 | Q: 6.65 | Grad: 0.47 | Eps: 0.050 | Time: 0.9s
Ep 4439 | Rw: 34.4 | Loss: 0.0129 | Q: 6.65 | Grad: 0.46 | Eps: 0.050 | Time: 1.0s
Ep 4440 | Rw: 106.8 | Loss: 0.0192 | Q: 6.66 | Grad: 0.45 | Eps: 0.050 | Time: 0.6s
Ep 4441 | Rw: 23.2 | Loss: 0.0205 | Q: 6.67 | Grad: 0.49 | Eps: 0.050 | Time: 0.9s
Ep 4442 | Rw: 26.6 | Loss: 0.0106 | Q: 6.66 | Grad: 0.46 | Eps: 0.050 | Time: 1.0s
Ep 4443 | Rw: 22.9 | Loss: 0.0165 | Q: 6.66 | Grad: 0.45 | Eps: 0.050 | Time: 0.9s
Ep 4444 | Rw: 17.9 | Loss: 0.0136 | Q: 6.65 | Grad: 0.45 | Eps: 0.050 | Time: 0.9s
Ep 4445 | Rw: 114.1 | Loss: 0.0124 | Q: 6.65 | Grad: 0.41 | Eps: 0.050 | Time: 0.6s
Ep 4446 | Rw: 10.4 | Loss: 0.0155 | Q: 6.65 | Grad: 0.46 | Eps: 0.050 | Time: 0.9s
Ep 4447 | Rw: 114.4 | Loss: 0.0114 | Q: 6.64 | Grad: 0.41 | Eps: 0.050 | Time: 0.6s
Ep 4448 | Rw: 23.1 | Loss: 0.0138 | Q: 6.65 | Grad: 0.49 | Eps: 0.050 | Time: 0.9s
Ep 4449 | Rw: 23.7 | Loss: 0.0204 | Q: 6.69 | Grad: 0.50 | Eps: 0.050 | Time: 0.9s
Ep 4450 | Rw: 112.9 | Loss: 0.0191 | Q: 6.68 | Grad: 0.53 | Eps: 0.050 | Time: 0.6s
  ✓ Saved checkpoint & updated plots in checkpoints/2026-03-12_11-17-00/plots
Ep 4451 | Rw: 33.7 | Loss: 0.0156 | Q: 6.69 | Grad: 0.48 | Eps: 0.050 | Time: 0.8s
Ep 4452 | Rw: 28.5 | Loss: 0.0167 | Q: 6.69 | Grad: 0.43 | Eps: 0.050 | Time: 0.8s
Ep 4453 | Rw: 119.2 | Loss: 0.0130 | Q: 6.69 | Grad: 0.50 | Eps: 0.050 | Time: 0.7s
Ep 4454 | Rw: 114.8 | Loss: 0.0144 | Q: 6.68 | Grad: 0.44 | Eps: 0.050 | Time: 0.7s
Ep 4455 | Rw: 2.2 | Loss: 0.0178 | Q: 6.68 | Grad: 0.45 | Eps: 0.050 | Time: 0.8s
Ep 4456 | Rw: 14.2 | Loss: 0.0184 | Q: 6.69 | Grad: 0.44 | Eps: 0.050 | Time: 0.9s
Ep 4457 | Rw: -13.1 | Loss: 0.0159 | Q: 6.68 | Grad: 0.42 | Eps: 0.050 | Time: 0.9s
Ep 4458 | Rw: 13.7 | Loss: 0.0150 | Q: 6.68 | Grad: 0.42 | Eps: 0.050 | Time: 0.9s
Ep 4459 | Rw: 38.5 | Loss: 0.0153 | Q: 6.69 | Grad: 0.41 | Eps: 0.050 | Time: 1.1s
Ep 4460 | Rw: 109.8 | Loss: 0.0141 | Q: 6.69 | Grad: 0.46 | Eps: 0.050 | Time: 0.7s
Ep 4461 | Rw: 27.5 | Loss: 0.0136 | Q: 6.68 | Grad: 0.39 | Eps: 0.050 | Time: 0.9s
Ep 4462 | Rw: 116.1 | Loss: 0.0163 | Q: 6.68 | Grad: 0.50 | Eps: 0.050 | Time: 0.8s
Ep 4463 | Rw: 19.0 | Loss: 0.0167 | Q: 6.67 | Grad: 0.55 | Eps: 0.050 | Time: 0.9s
Ep 4464 | Rw: 27.2 | Loss: 0.0169 | Q: 6.67 | Grad: 0.44 | Eps: 0.050 | Time: 0.9s
Ep 4465 | Rw: 28.2 | Loss: 0.0157 | Q: 6.69 | Grad: 0.41 | Eps: 0.050 | Time: 0.8s
Ep 4466 | Rw: 30.6 | Loss: 0.0121 | Q: 6.69 | Grad: 0.46 | Eps: 0.050 | Time: 0.9s
Ep 4467 | Rw: 3.4 | Loss: 0.0217 | Q: 6.69 | Grad: 0.56 | Eps: 0.050 | Time: 0.9s
Ep 4468 | Rw: 21.2 | Loss: 0.0168 | Q: 6.67 | Grad: 0.53 | Eps: 0.050 | Time: 1.0s
Ep 4469 | Rw: 30.9 | Loss: 0.0142 | Q: 6.69 | Grad: 0.50 | Eps: 0.050 | Time: 0.8s
Ep 4470 | Rw: 16.3 | Loss: 0.0128 | Q: 6.71 | Grad: 0.46 | Eps: 0.050 | Time: 0.8s
Ep 4471 | Rw: 25.6 | Loss: 0.0112 | Q: 6.71 | Grad: 0.47 | Eps: 0.050 | Time: 0.8s
Ep 4472 | Rw: 16.4 | Loss: 0.0194 | Q: 6.71 | Grad: 0.51 | Eps: 0.050 | Time: 0.8s
Ep 4473 | Rw: 28.4 | Loss: 0.0134 | Q: 6.70 | Grad: 0.51 | Eps: 0.050 | Time: 0.8s
Ep 4474 | Rw: 120.5 | Loss: 0.0152 | Q: 6.72 | Grad: 0.44 | Eps: 0.050 | Time: 0.7s
Ep 4475 | Rw: 25.3 | Loss: 0.0181 | Q: 6.71 | Grad: 0.51 | Eps: 0.050 | Time: 0.8s
Ep 4476 | Rw: 17.6 | Loss: 0.0185 | Q: 6.73 | Grad: 0.46 | Eps: 0.050 | Time: 0.8s
Ep 4477 | Rw: 31.7 | Loss: 0.0156 | Q: 6.71 | Grad: 0.46 | Eps: 0.050 | Time: 0.8s
Ep 4478 | Rw: 19.4 | Loss: 0.0132 | Q: 6.71 | Grad: 0.50 | Eps: 0.050 | Time: 0.8s
Ep 4479 | Rw: 36.0 | Loss: 0.0126 | Q: 6.71 | Grad: 0.53 | Eps: 0.050 | Time: 0.8s
Ep 4480 | Rw: 33.9 | Loss: 0.0178 | Q: 6.72 | Grad: 0.43 | Eps: 0.050 | Time: 0.8s
Ep 4481 | Rw: 34.6 | Loss: 0.0167 | Q: 6.73 | Grad: 0.49 | Eps: 0.050 | Time: 0.8s
Ep 4482 | Rw: 27.7 | Loss: 0.0173 | Q: 6.71 | Grad: 0.47 | Eps: 0.050 | Time: 0.8s
Ep 4483 | Rw: 14.2 | Loss: 0.0160 | Q: 6.71 | Grad: 0.49 | Eps: 0.050 | Time: 0.8s
Ep 4484 | Rw: 28.2 | Loss: 0.0143 | Q: 6.71 | Grad: 0.51 | Eps: 0.050 | Time: 2.3s
Ep 4485 | Rw: 16.1 | Loss: 0.0147 | Q: 6.71 | Grad: 0.46 | Eps: 0.050 | Time: 0.8s
Ep 4486 | Rw: 19.0 | Loss: 0.0174 | Q: 6.72 | Grad: 0.50 | Eps: 0.050 | Time: 0.8s
Ep 4487 | Rw: 35.3 | Loss: 0.0161 | Q: 6.71 | Grad: 0.51 | Eps: 0.050 | Time: 0.8s
Ep 4488 | Rw: 117.0 | Loss: 0.0161 | Q: 6.72 | Grad: 0.48 | Eps: 0.050 | Time: 0.7s
Ep 4489 | Rw: 35.2 | Loss: 0.0178 | Q: 6.72 | Grad: 0.53 | Eps: 0.050 | Time: 0.8s
Ep 4490 | Rw: 26.3 | Loss: 0.0140 | Q: 6.71 | Grad: 0.54 | Eps: 0.050 | Time: 0.8s
Ep 4491 | Rw: 21.5 | Loss: 0.0166 | Q: 6.72 | Grad: 0.50 | Eps: 0.050 | Time: 0.8s
Ep 4492 | Rw: 114.4 | Loss: 0.0132 | Q: 6.72 | Grad: 0.62 | Eps: 0.050 | Time: 0.5s
Ep 4493 | Rw: 25.6 | Loss: 0.0135 | Q: 6.70 | Grad: 0.53 | Eps: 0.050 | Time: 0.8s
Ep 4494 | Rw: 24.8 | Loss: 0.0151 | Q: 6.73 | Grad: 0.56 | Eps: 0.050 | Time: 0.8s
Ep 4495 | Rw: 129.9 | Loss: 0.0156 | Q: 6.73 | Grad: 0.46 | Eps: 0.050 | Time: 0.8s
Ep 4496 | Rw: 33.6 | Loss: 0.0157 | Q: 6.73 | Grad: 0.48 | Eps: 0.050 | Time: 0.8s
Ep 4497 | Rw: 114.1 | Loss: 0.0144 | Q: 6.72 | Grad: 0.52 | Eps: 0.050 | Time: 0.7s
Ep 4498 | Rw: 30.7 | Loss: 0.0160 | Q: 6.74 | Grad: 0.48 | Eps: 0.050 | Time: 0.8s
Ep 4499 | Rw: 36.2 | Loss: 0.0149 | Q: 6.72 | Grad: 0.51 | Eps: 0.050 | Time: 0.8s
Ep 4500 | Rw: 107.8 | Loss: 0.0164 | Q: 6.71 | Grad: 0.52 | Eps: 0.050 | Time: 0.4s
  ✓ Saved checkpoint & updated plots in checkpoints/2026-03-12_11-17-00/plots
Ep 4501 | Rw: 18.6 | Loss: 0.0203 | Q: 6.72 | Grad: 0.46 | Eps: 0.050 | Time: 0.8s
Ep 4502 | Rw: 38.0 | Loss: 0.0164 | Q: 6.72 | Grad: 0.47 | Eps: 0.050 | Time: 0.8s
Ep 4503 | Rw: 10.8 | Loss: 0.0160 | Q: 6.71 | Grad: 0.48 | Eps: 0.050 | Time: 0.8s
Ep 4504 | Rw: 25.2 | Loss: 0.0172 | Q: 6.73 | Grad: 0.42 | Eps: 0.050 | Time: 0.8s
Ep 4505 | Rw: 22.8 | Loss: 0.0149 | Q: 6.73 | Grad: 0.44 | Eps: 0.050 | Time: 0.8s
Ep 4506 | Rw: 24.5 | Loss: 0.0152 | Q: 6.72 | Grad: 0.45 | Eps: 0.050 | Time: 0.8s
Ep 4507 | Rw: 33.4 | Loss: 0.0126 | Q: 6.72 | Grad: 0.44 | Eps: 0.050 | Time: 0.8s
Ep 4508 | Rw: 33.5 | Loss: 0.0161 | Q: 6.73 | Grad: 0.49 | Eps: 0.050 | Time: 0.8s
Ep 4509 | Rw: 20.3 | Loss: 0.0152 | Q: 6.72 | Grad: 0.49 | Eps: 0.050 | Time: 0.8s
Ep 4510 | Rw: 23.1 | Loss: 0.0159 | Q: 6.72 | Grad: 0.43 | Eps: 0.050 | Time: 0.8s
Ep 4511 | Rw: 11.7 | Loss: 0.0172 | Q: 6.71 | Grad: 0.60 | Eps: 0.050 | Time: 0.8s
Ep 4512 | Rw: 27.0 | Loss: 0.0154 | Q: 6.73 | Grad: 0.45 | Eps: 0.050 | Time: 0.8s
Ep 4513 | Rw: 106.1 | Loss: 0.0162 | Q: 6.70 | Grad: 0.59 | Eps: 0.050 | Time: 0.5s
Ep 4514 | Rw: 10.9 | Loss: 0.0157 | Q: 6.72 | Grad: 0.48 | Eps: 0.050 | Time: 0.8s
Ep 4515 | Rw: 111.1 | Loss: 0.0206 | Q: 6.73 | Grad: 0.46 | Eps: 0.050 | Time: 0.4s
Ep 4516 | Rw: 126.5 | Loss: 0.0147 | Q: 6.70 | Grad: 0.48 | Eps: 0.050 | Time: 0.7s
Ep 4517 | Rw: 29.7 | Loss: 0.0168 | Q: 6.71 | Grad: 0.47 | Eps: 0.050 | Time: 0.8s
Ep 4518 | Rw: 25.8 | Loss: 0.0120 | Q: 6.71 | Grad: 0.52 | Eps: 0.050 | Time: 0.8s
Ep 4519 | Rw: 108.8 | Loss: 0.0115 | Q: 6.71 | Grad: 0.48 | Eps: 0.050 | Time: 0.8s
Ep 4520 | Rw: 107.9 | Loss: 0.0143 | Q: 6.71 | Grad: 0.53 | Eps: 0.050 | Time: 0.5s
Ep 4521 | Rw: 25.9 | Loss: 0.0130 | Q: 6.69 | Grad: 0.47 | Eps: 0.050 | Time: 0.8s
Ep 4522 | Rw: 27.3 | Loss: 0.0164 | Q: 6.72 | Grad: 0.58 | Eps: 0.050 | Time: 0.8s
Ep 4523 | Rw: 30.9 | Loss: 0.0161 | Q: 6.72 | Grad: 0.53 | Eps: 0.050 | Time: 0.9s
Ep 4524 | Rw: 35.6 | Loss: 0.0145 | Q: 6.72 | Grad: 0.45 | Eps: 0.050 | Time: 0.9s
Ep 4525 | Rw: 33.0 | Loss: 0.0150 | Q: 6.71 | Grad: 0.52 | Eps: 0.050 | Time: 0.8s
Ep 4526 | Rw: 32.6 | Loss: 0.0185 | Q: 6.72 | Grad: 0.59 | Eps: 0.050 | Time: 0.8s
Ep 4527 | Rw: 32.6 | Loss: 0.0135 | Q: 6.71 | Grad: 0.47 | Eps: 0.050 | Time: 0.8s
Ep 4528 | Rw: 28.0 | Loss: 0.0148 | Q: 6.71 | Grad: 0.54 | Eps: 0.050 | Time: 0.8s
Ep 4529 | Rw: 112.2 | Loss: 0.0142 | Q: 6.73 | Grad: 0.46 | Eps: 0.050 | Time: 0.7s
Ep 4530 | Rw: 37.4 | Loss: 0.0142 | Q: 6.71 | Grad: 0.48 | Eps: 0.050 | Time: 0.8s
Ep 4531 | Rw: 25.6 | Loss: 0.0141 | Q: 6.72 | Grad: 0.47 | Eps: 0.050 | Time: 0.8s
Ep 4532 | Rw: 108.0 | Loss: 0.0193 | Q: 6.73 | Grad: 0.51 | Eps: 0.050 | Time: 2.0s
Ep 4533 | Rw: 18.8 | Loss: 0.0163 | Q: 6.72 | Grad: 0.52 | Eps: 0.050 | Time: 0.9s
Ep 4534 | Rw: 25.9 | Loss: 0.0124 | Q: 6.71 | Grad: 0.45 | Eps: 0.050 | Time: 0.8s
Ep 4535 | Rw: 11.9 | Loss: 0.0160 | Q: 6.76 | Grad: 0.48 | Eps: 0.050 | Time: 0.8s
Ep 4536 | Rw: 35.6 | Loss: 0.0175 | Q: 6.74 | Grad: 0.55 | Eps: 0.050 | Time: 0.8s
Ep 4537 | Rw: 126.2 | Loss: 0.0111 | Q: 6.74 | Grad: 0.48 | Eps: 0.050 | Time: 0.8s
Ep 4538 | Rw: 28.4 | Loss: 0.0144 | Q: 6.74 | Grad: 0.49 | Eps: 0.050 | Time: 0.8s
Ep 4539 | Rw: 10.6 | Loss: 0.0197 | Q: 6.75 | Grad: 0.50 | Eps: 0.050 | Time: 0.8s
Ep 4540 | Rw: 10.6 | Loss: 0.0146 | Q: 6.74 | Grad: 0.50 | Eps: 0.050 | Time: 0.8s
Ep 4541 | Rw: 33.5 | Loss: 0.0118 | Q: 6.73 | Grad: 0.46 | Eps: 0.050 | Time: 0.8s
Ep 4542 | Rw: 3.0 | Loss: 0.0172 | Q: 6.75 | Grad: 0.58 | Eps: 0.050 | Time: 0.8s
Ep 4543 | Rw: 32.7 | Loss: 0.0156 | Q: 6.74 | Grad: 0.55 | Eps: 0.050 | Time: 0.9s
Ep 4544 | Rw: 100.9 | Loss: 0.0107 | Q: 6.75 | Grad: 0.41 | Eps: 0.050 | Time: 0.3s
Ep 4545 | Rw: 7.5 | Loss: 0.0164 | Q: 6.76 | Grad: 0.51 | Eps: 0.050 | Time: 0.8s
Ep 4546 | Rw: 25.2 | Loss: 0.0186 | Q: 6.75 | Grad: 0.58 | Eps: 0.050 | Time: 0.8s
Ep 4547 | Rw: 29.9 | Loss: 0.0137 | Q: 6.75 | Grad: 0.53 | Eps: 0.050 | Time: 0.8s
Ep 4548 | Rw: 11.5 | Loss: 0.0153 | Q: 6.73 | Grad: 0.54 | Eps: 0.050 | Time: 0.8s
Ep 4549 | Rw: 30.0 | Loss: 0.0169 | Q: 6.75 | Grad: 0.51 | Eps: 0.050 | Time: 0.8s
Ep 4550 | Rw: 126.9 | Loss: 0.0166 | Q: 6.74 | Grad: 0.56 | Eps: 0.050 | Time: 0.8s
  ✓ Saved checkpoint & updated plots in checkpoints/2026-03-12_11-17-00/plots
Ep 4551 | Rw: 34.3 | Loss: 0.0191 | Q: 6.75 | Grad: 0.52 | Eps: 0.050 | Time: 0.8s
Ep 4552 | Rw: 17.1 | Loss: 0.0163 | Q: 6.74 | Grad: 0.52 | Eps: 0.050 | Time: 0.8s
Ep 4553 | Rw: 34.3 | Loss: 0.0148 | Q: 6.75 | Grad: 0.53 | Eps: 0.050 | Time: 0.8s
Ep 4554 | Rw: 11.4 | Loss: 0.0144 | Q: 6.75 | Grad: 0.52 | Eps: 0.050 | Time: 0.8s
Ep 4555 | Rw: 33.0 | Loss: 0.0184 | Q: 6.76 | Grad: 0.56 | Eps: 0.050 | Time: 0.8s
Ep 4556 | Rw: 35.8 | Loss: 0.0129 | Q: 6.75 | Grad: 0.49 | Eps: 0.050 | Time: 0.8s
Ep 4557 | Rw: 37.1 | Loss: 0.0178 | Q: 6.75 | Grad: 0.51 | Eps: 0.050 | Time: 0.8s
Ep 4558 | Rw: 97.3 | Loss: 0.0155 | Q: 6.77 | Grad: 0.52 | Eps: 0.050 | Time: 0.5s
Ep 4559 | Rw: 29.1 | Loss: 0.0157 | Q: 6.75 | Grad: 0.51 | Eps: 0.050 | Time: 0.8s
Ep 4560 | Rw: 18.6 | Loss: 0.0135 | Q: 6.76 | Grad: 0.45 | Eps: 0.050 | Time: 0.8s
Ep 4561 | Rw: 24.3 | Loss: 0.0142 | Q: 6.75 | Grad: 0.49 | Eps: 0.050 | Time: 0.8s
Ep 4562 | Rw: 33.8 | Loss: 0.0160 | Q: 6.74 | Grad: 0.48 | Eps: 0.050 | Time: 0.8s
Ep 4563 | Rw: 8.0 | Loss: 0.0161 | Q: 6.75 | Grad: 0.56 | Eps: 0.050 | Time: 0.8s
Ep 4564 | Rw: 32.0 | Loss: 0.0180 | Q: 6.76 | Grad: 0.54 | Eps: 0.050 | Time: 0.8s
Ep 4565 | Rw: 16.8 | Loss: 0.0127 | Q: 6.76 | Grad: 0.53 | Eps: 0.050 | Time: 0.8s
Ep 4566 | Rw: 27.2 | Loss: 0.0180 | Q: 6.76 | Grad: 0.52 | Eps: 0.050 | Time: 0.8s
Ep 4567 | Rw: 29.6 | Loss: 0.0178 | Q: 6.75 | Grad: 0.52 | Eps: 0.050 | Time: 0.8s
Ep 4568 | Rw: 19.9 | Loss: 0.0130 | Q: 6.75 | Grad: 0.48 | Eps: 0.050 | Time: 0.8s
Ep 4569 | Rw: 30.1 | Loss: 0.0179 | Q: 6.76 | Grad: 0.53 | Eps: 0.050 | Time: 0.8s
Ep 4570 | Rw: 33.8 | Loss: 0.0146 | Q: 6.76 | Grad: 0.48 | Eps: 0.050 | Time: 0.8s
Ep 4571 | Rw: 17.1 | Loss: 0.0171 | Q: 6.76 | Grad: 0.55 | Eps: 0.050 | Time: 0.8s
Ep 4572 | Rw: 33.3 | Loss: 0.0139 | Q: 6.76 | Grad: 0.51 | Eps: 0.050 | Time: 0.8s
Ep 4573 | Rw: 35.0 | Loss: 0.0149 | Q: 6.76 | Grad: 0.50 | Eps: 0.050 | Time: 0.8s
Ep 4574 | Rw: 18.9 | Loss: 0.0166 | Q: 6.75 | Grad: 0.54 | Eps: 0.050 | Time: 0.8s
Ep 4575 | Rw: 129.4 | Loss: 0.0171 | Q: 6.75 | Grad: 0.44 | Eps: 0.050 | Time: 0.8s
Ep 4576 | Rw: 105.8 | Loss: 0.0233 | Q: 6.78 | Grad: 0.48 | Eps: 0.050 | Time: 0.4s
Ep 4577 | Rw: 27.9 | Loss: 0.0116 | Q: 6.78 | Grad: 0.44 | Eps: 0.050 | Time: 0.8s
Ep 4578 | Rw: 20.6 | Loss: 0.0183 | Q: 6.78 | Grad: 0.43 | Eps: 0.050 | Time: 0.8s
Ep 4579 | Rw: 36.5 | Loss: 0.0152 | Q: 6.78 | Grad: 0.54 | Eps: 0.050 | Time: 0.8s
Ep 4580 | Rw: 116.1 | Loss: 0.0179 | Q: 6.76 | Grad: 0.49 | Eps: 0.050 | Time: 2.0s
Ep 4581 | Rw: 28.2 | Loss: 0.0124 | Q: 6.78 | Grad: 0.49 | Eps: 0.050 | Time: 0.8s
Ep 4582 | Rw: 20.0 | Loss: 0.0135 | Q: 6.76 | Grad: 0.45 | Eps: 0.050 | Time: 0.8s
Ep 4583 | Rw: 37.6 | Loss: 0.0166 | Q: 6.78 | Grad: 0.51 | Eps: 0.050 | Time: 0.8s
Ep 4584 | Rw: 118.9 | Loss: 0.0152 | Q: 6.78 | Grad: 0.45 | Eps: 0.050 | Time: 0.6s
Ep 4585 | Rw: 15.3 | Loss: 0.0156 | Q: 6.77 | Grad: 0.51 | Eps: 0.050 | Time: 0.8s
Ep 4586 | Rw: 32.8 | Loss: 0.0164 | Q: 6.76 | Grad: 0.48 | Eps: 0.050 | Time: 0.8s
Ep 4587 | Rw: 20.1 | Loss: 0.0117 | Q: 6.77 | Grad: 0.44 | Eps: 0.050 | Time: 0.8s
Ep 4588 | Rw: 28.4 | Loss: 0.0155 | Q: 6.79 | Grad: 0.43 | Eps: 0.050 | Time: 0.8s
Ep 4589 | Rw: 30.2 | Loss: 0.0132 | Q: 6.76 | Grad: 0.43 | Eps: 0.050 | Time: 0.8s
Ep 4590 | Rw: 15.1 | Loss: 0.0176 | Q: 6.78 | Grad: 0.43 | Eps: 0.050 | Time: 0.8s
Ep 4591 | Rw: 106.4 | Loss: 0.0157 | Q: 6.77 | Grad: 0.43 | Eps: 0.050 | Time: 0.4s
Ep 4592 | Rw: 30.1 | Loss: 0.0145 | Q: 6.78 | Grad: 0.42 | Eps: 0.050 | Time: 0.8s
Ep 4593 | Rw: 27.9 | Loss: 0.0165 | Q: 6.78 | Grad: 0.48 | Eps: 0.050 | Time: 0.9s
Ep 4594 | Rw: 17.7 | Loss: 0.0118 | Q: 6.77 | Grad: 0.46 | Eps: 0.050 | Time: 0.8s
Ep 4595 | Rw: 20.6 | Loss: 0.0125 | Q: 6.77 | Grad: 0.52 | Eps: 0.050 | Time: 0.8s
Ep 4596 | Rw: 18.9 | Loss: 0.0155 | Q: 6.79 | Grad: 0.54 | Eps: 0.050 | Time: 0.8s
Ep 4597 | Rw: 113.6 | Loss: 0.0151 | Q: 6.78 | Grad: 0.51 | Eps: 0.050 | Time: 0.7s
Ep 4598 | Rw: 116.8 | Loss: 0.0092 | Q: 6.80 | Grad: 0.42 | Eps: 0.050 | Time: 0.6s
Ep 4599 | Rw: 36.4 | Loss: 0.0160 | Q: 6.79 | Grad: 0.48 | Eps: 0.050 | Time: 0.8s
Ep 4600 | Rw: 35.5 | Loss: 0.0139 | Q: 6.80 | Grad: 0.43 | Eps: 0.050 | Time: 0.8s
  ✓ Saved checkpoint & updated plots in checkpoints/2026-03-12_11-17-00/plots
Ep 4601 | Rw: 27.6 | Loss: 0.0135 | Q: 6.79 | Grad: 0.48 | Eps: 0.050 | Time: 0.8s
Ep 4602 | Rw: 30.2 | Loss: 0.0140 | Q: 6.79 | Grad: 0.53 | Eps: 0.050 | Time: 0.8s
Ep 4603 | Rw: 21.3 | Loss: 0.0173 | Q: 6.80 | Grad: 0.46 | Eps: 0.050 | Time: 0.8s
Ep 4604 | Rw: 35.6 | Loss: 0.0168 | Q: 6.81 | Grad: 0.50 | Eps: 0.050 | Time: 0.8s
Ep 4605 | Rw: 30.3 | Loss: 0.0177 | Q: 6.81 | Grad: 0.45 | Eps: 0.050 | Time: 0.8s
Ep 4606 | Rw: 23.5 | Loss: 0.0128 | Q: 6.79 | Grad: 0.58 | Eps: 0.050 | Time: 0.9s
Ep 4607 | Rw: 33.0 | Loss: 0.0125 | Q: 6.79 | Grad: 0.45 | Eps: 0.050 | Time: 0.8s
Ep 4608 | Rw: 36.9 | Loss: 0.0135 | Q: 6.79 | Grad: 0.47 | Eps: 0.050 | Time: 0.8s
Ep 4609 | Rw: 26.7 | Loss: 0.0147 | Q: 6.80 | Grad: 0.42 | Eps: 0.050 | Time: 0.8s
Ep 4610 | Rw: 18.3 | Loss: 0.0111 | Q: 6.79 | Grad: 0.46 | Eps: 0.050 | Time: 0.8s
Ep 4611 | Rw: 28.2 | Loss: 0.0167 | Q: 6.78 | Grad: 0.58 | Eps: 0.050 | Time: 0.8s
Ep 4612 | Rw: 37.5 | Loss: 0.0129 | Q: 6.80 | Grad: 0.52 | Eps: 0.050 | Time: 0.8s
Ep 4613 | Rw: 30.8 | Loss: 0.0137 | Q: 6.80 | Grad: 0.45 | Eps: 0.050 | Time: 0.8s
Ep 4614 | Rw: 28.2 | Loss: 0.0150 | Q: 6.80 | Grad: 0.49 | Eps: 0.050 | Time: 0.8s
Ep 4615 | Rw: 13.9 | Loss: 0.0117 | Q: 6.80 | Grad: 0.41 | Eps: 0.050 | Time: 0.8s
Ep 4616 | Rw: 37.3 | Loss: 0.0138 | Q: 6.79 | Grad: 0.44 | Eps: 0.050 | Time: 0.8s
Ep 4617 | Rw: 20.1 | Loss: 0.0151 | Q: 6.79 | Grad: 0.51 | Eps: 0.050 | Time: 0.8s
Ep 4618 | Rw: 29.4 | Loss: 0.0159 | Q: 6.78 | Grad: 0.44 | Eps: 0.050 | Time: 0.8s
Ep 4619 | Rw: 36.0 | Loss: 0.0125 | Q: 6.80 | Grad: 0.45 | Eps: 0.050 | Time: 0.8s
Ep 4620 | Rw: 32.3 | Loss: 0.0128 | Q: 6.81 | Grad: 0.52 | Eps: 0.050 | Time: 0.8s
Ep 4621 | Rw: 110.3 | Loss: 0.0203 | Q: 6.80 | Grad: 0.54 | Eps: 0.050 | Time: 0.5s
Ep 4622 | Rw: 23.2 | Loss: 0.0190 | Q: 6.81 | Grad: 0.47 | Eps: 0.050 | Time: 0.9s
Ep 4623 | Rw: -5.5 | Loss: 0.0153 | Q: 6.80 | Grad: 0.49 | Eps: 0.050 | Time: 0.8s
Ep 4624 | Rw: 26.7 | Loss: 0.0145 | Q: 6.79 | Grad: 0.42 | Eps: 0.050 | Time: 0.8s
Ep 4625 | Rw: 12.6 | Loss: 0.0146 | Q: 6.80 | Grad: 0.45 | Eps: 0.050 | Time: 0.8s
Ep 4626 | Rw: 36.8 | Loss: 0.0105 | Q: 6.81 | Grad: 0.41 | Eps: 0.050 | Time: 0.8s
Ep 4627 | Rw: 112.8 | Loss: 0.0158 | Q: 6.80 | Grad: 0.49 | Eps: 0.050 | Time: 0.7s
Ep 4628 | Rw: 14.6 | Loss: 0.0135 | Q: 6.80 | Grad: 0.43 | Eps: 0.050 | Time: 0.8s
Ep 4629 | Rw: 28.6 | Loss: 0.0155 | Q: 6.80 | Grad: 0.51 | Eps: 0.050 | Time: 0.8s
Ep 4630 | Rw: 15.0 | Loss: 0.0141 | Q: 6.82 | Grad: 0.50 | Eps: 0.050 | Time: 2.2s
Ep 4631 | Rw: 123.0 | Loss: 0.0156 | Q: 6.81 | Grad: 0.45 | Eps: 0.050 | Time: 0.6s
Ep 4632 | Rw: 108.8 | Loss: 0.0120 | Q: 6.79 | Grad: 0.40 | Eps: 0.050 | Time: 0.6s
Ep 4633 | Rw: 118.4 | Loss: 0.0160 | Q: 6.80 | Grad: 0.46 | Eps: 0.050 | Time: 0.8s
Ep 4634 | Rw: 25.9 | Loss: 0.0126 | Q: 6.80 | Grad: 0.42 | Eps: 0.050 | Time: 0.8s
Ep 4635 | Rw: 131.0 | Loss: 0.0164 | Q: 6.82 | Grad: 0.50 | Eps: 0.050 | Time: 0.8s
Ep 4636 | Rw: 21.3 | Loss: 0.0141 | Q: 6.82 | Grad: 0.48 | Eps: 0.050 | Time: 0.8s
Ep 4637 | Rw: 23.1 | Loss: 0.0124 | Q: 6.81 | Grad: 0.45 | Eps: 0.050 | Time: 0.8s
Ep 4638 | Rw: 15.8 | Loss: 0.0121 | Q: 6.80 | Grad: 0.46 | Eps: 0.050 | Time: 0.8s
Ep 4639 | Rw: 26.5 | Loss: 0.0119 | Q: 6.80 | Grad: 0.51 | Eps: 0.050 | Time: 0.8s
Ep 4640 | Rw: 25.5 | Loss: 0.0173 | Q: 6.80 | Grad: 0.49 | Eps: 0.050 | Time: 0.8s
Ep 4641 | Rw: 31.2 | Loss: 0.0122 | Q: 6.82 | Grad: 0.48 | Eps: 0.050 | Time: 0.8s
Ep 4642 | Rw: 104.5 | Loss: 0.0101 | Q: 6.83 | Grad: 0.42 | Eps: 0.050 | Time: 0.4s
Ep 4643 | Rw: 27.2 | Loss: 0.0143 | Q: 6.82 | Grad: 0.51 | Eps: 0.050 | Time: 0.8s
Ep 4644 | Rw: 23.0 | Loss: 0.0129 | Q: 6.82 | Grad: 0.47 | Eps: 0.050 | Time: 0.8s
Ep 4645 | Rw: 15.8 | Loss: 0.0146 | Q: 6.82 | Grad: 0.49 | Eps: 0.050 | Time: 0.8s
Ep 4646 | Rw: -6.1 | Loss: 0.0152 | Q: 6.83 | Grad: 0.41 | Eps: 0.050 | Time: 0.8s
Ep 4647 | Rw: 116.9 | Loss: 0.0086 | Q: 6.82 | Grad: 0.41 | Eps: 0.050 | Time: 0.5s
Ep 4648 | Rw: 12.6 | Loss: 0.0155 | Q: 6.83 | Grad: 0.53 | Eps: 0.050 | Time: 0.8s
Ep 4649 | Rw: -17.0 | Loss: 0.0168 | Q: 6.83 | Grad: 0.46 | Eps: 0.050 | Time: 0.8s
Ep 4650 | Rw: 30.7 | Loss: 0.0129 | Q: 6.82 | Grad: 0.50 | Eps: 0.050 | Time: 0.8s
  ✓ Saved checkpoint & updated plots in checkpoints/2026-03-12_11-17-00/plots
Ep 4651 | Rw: 111.2 | Loss: 0.0138 | Q: 6.82 | Grad: 0.45 | Eps: 0.050 | Time: 0.7s
Ep 4652 | Rw: 26.0 | Loss: 0.0145 | Q: 6.82 | Grad: 0.48 | Eps: 0.050 | Time: 0.8s
Ep 4653 | Rw: 37.1 | Loss: 0.0144 | Q: 6.82 | Grad: 0.42 | Eps: 0.050 | Time: 0.8s
Ep 4654 | Rw: 30.1 | Loss: 0.0126 | Q: 6.84 | Grad: 0.41 | Eps: 0.050 | Time: 0.8s
Ep 4655 | Rw: -24.1 | Loss: 0.0176 | Q: 6.81 | Grad: 0.51 | Eps: 0.050 | Time: 0.8s
Ep 4656 | Rw: 22.6 | Loss: 0.0159 | Q: 6.83 | Grad: 0.46 | Eps: 0.050 | Time: 0.8s
Ep 4657 | Rw: 21.0 | Loss: 0.0153 | Q: 6.83 | Grad: 0.49 | Eps: 0.050 | Time: 0.8s
Ep 4658 | Rw: 34.8 | Loss: 0.0142 | Q: 6.82 | Grad: 0.50 | Eps: 0.050 | Time: 0.8s
Ep 4659 | Rw: 17.3 | Loss: 0.0123 | Q: 6.82 | Grad: 0.47 | Eps: 0.050 | Time: 0.8s
Ep 4660 | Rw: 105.3 | Loss: 0.0102 | Q: 6.82 | Grad: 0.46 | Eps: 0.050 | Time: 0.4s
Ep 4661 | Rw: 111.7 | Loss: 0.0148 | Q: 6.80 | Grad: 0.44 | Eps: 0.050 | Time: 0.5s
Ep 4662 | Rw: 108.5 | Loss: 0.0102 | Q: 6.81 | Grad: 0.43 | Eps: 0.050 | Time: 0.5s
Ep 4663 | Rw: 106.6 | Loss: 0.0159 | Q: 6.82 | Grad: 0.49 | Eps: 0.050 | Time: 0.7s
Ep 4664 | Rw: 34.5 | Loss: 0.0172 | Q: 6.83 | Grad: 0.47 | Eps: 0.050 | Time: 0.8s
Ep 4665 | Rw: 103.0 | Loss: 0.0137 | Q: 6.83 | Grad: 0.42 | Eps: 0.050 | Time: 0.5s
Ep 4666 | Rw: 20.5 | Loss: 0.0151 | Q: 6.83 | Grad: 0.39 | Eps: 0.050 | Time: 0.8s
Ep 4667 | Rw: 22.2 | Loss: 0.0136 | Q: 6.83 | Grad: 0.42 | Eps: 0.050 | Time: 0.8s
Ep 4668 | Rw: 109.7 | Loss: 0.0123 | Q: 6.82 | Grad: 0.48 | Eps: 0.050 | Time: 0.6s
Ep 4669 | Rw: 25.9 | Loss: 0.0145 | Q: 6.82 | Grad: 0.45 | Eps: 0.050 | Time: 0.8s
Ep 4670 | Rw: 18.3 | Loss: 0.0145 | Q: 6.84 | Grad: 0.42 | Eps: 0.050 | Time: 0.8s
Ep 4671 | Rw: 23.5 | Loss: 0.0159 | Q: 6.83 | Grad: 0.46 | Eps: 0.050 | Time: 0.8s
Ep 4672 | Rw: 21.4 | Loss: 0.0155 | Q: 6.82 | Grad: 0.52 | Eps: 0.050 | Time: 0.8s
Ep 4673 | Rw: 113.9 | Loss: 0.0207 | Q: 6.83 | Grad: 0.48 | Eps: 0.050 | Time: 0.7s
Ep 4674 | Rw: 123.5 | Loss: 0.0126 | Q: 6.82 | Grad: 0.45 | Eps: 0.050 | Time: 0.8s
Ep 4675 | Rw: 16.4 | Loss: 0.0193 | Q: 6.83 | Grad: 0.46 | Eps: 0.050 | Time: 0.8s
Ep 4676 | Rw: 20.1 | Loss: 0.0152 | Q: 6.82 | Grad: 0.42 | Eps: 0.050 | Time: 0.8s
Ep 4677 | Rw: 102.1 | Loss: 0.0135 | Q: 6.83 | Grad: 0.48 | Eps: 0.050 | Time: 0.5s
Ep 4678 | Rw: 5.5 | Loss: 0.0125 | Q: 6.82 | Grad: 0.49 | Eps: 0.050 | Time: 0.8s
Ep 4679 | Rw: 28.2 | Loss: 0.0159 | Q: 6.82 | Grad: 0.44 | Eps: 0.050 | Time: 2.3s
Ep 4680 | Rw: 109.1 | Loss: 0.0177 | Q: 6.83 | Grad: 0.52 | Eps: 0.050 | Time: 0.5s
Ep 4681 | Rw: 22.4 | Loss: 0.0137 | Q: 6.83 | Grad: 0.40 | Eps: 0.050 | Time: 0.8s
Ep 4682 | Rw: 108.5 | Loss: 0.0127 | Q: 6.83 | Grad: 0.44 | Eps: 0.050 | Time: 0.9s
Ep 4683 | Rw: 29.0 | Loss: 0.0143 | Q: 6.83 | Grad: 0.39 | Eps: 0.050 | Time: 0.8s
Ep 4684 | Rw: 11.9 | Loss: 0.0164 | Q: 6.81 | Grad: 0.60 | Eps: 0.050 | Time: 0.8s
Ep 4685 | Rw: 29.1 | Loss: 0.0163 | Q: 6.82 | Grad: 0.45 | Eps: 0.050 | Time: 0.8s
Ep 4686 | Rw: 26.7 | Loss: 0.0136 | Q: 6.84 | Grad: 0.46 | Eps: 0.050 | Time: 0.8s
Ep 4687 | Rw: 15.6 | Loss: 0.0165 | Q: 6.87 | Grad: 0.42 | Eps: 0.050 | Time: 0.8s
Ep 4688 | Rw: 30.2 | Loss: 0.0146 | Q: 6.85 | Grad: 0.41 | Eps: 0.050 | Time: 0.8s
Ep 4689 | Rw: 102.0 | Loss: 0.0174 | Q: 6.86 | Grad: 0.43 | Eps: 0.050 | Time: 0.3s
Ep 4690 | Rw: 30.7 | Loss: 0.0150 | Q: 6.86 | Grad: 0.45 | Eps: 0.050 | Time: 0.8s
Ep 4691 | Rw: 26.5 | Loss: 0.0149 | Q: 6.86 | Grad: 0.41 | Eps: 0.050 | Time: 0.8s
Ep 4692 | Rw: -4.4 | Loss: 0.0164 | Q: 6.86 | Grad: 0.43 | Eps: 0.050 | Time: 0.8s
Ep 4693 | Rw: 29.3 | Loss: 0.0156 | Q: 6.85 | Grad: 0.47 | Eps: 0.050 | Time: 0.8s
Ep 4694 | Rw: 100.8 | Loss: 0.0164 | Q: 6.87 | Grad: 0.42 | Eps: 0.050 | Time: 0.5s
Ep 4695 | Rw: 24.6 | Loss: 0.0169 | Q: 6.86 | Grad: 0.46 | Eps: 0.050 | Time: 0.8s
Ep 4696 | Rw: 31.5 | Loss: 0.0140 | Q: 6.86 | Grad: 0.44 | Eps: 0.050 | Time: 0.8s
Ep 4697 | Rw: 24.8 | Loss: 0.0133 | Q: 6.86 | Grad: 0.47 | Eps: 0.050 | Time: 0.8s
Ep 4698 | Rw: 111.6 | Loss: 0.0151 | Q: 6.86 | Grad: 0.41 | Eps: 0.050 | Time: 0.7s
Ep 4699 | Rw: 33.5 | Loss: 0.0130 | Q: 6.85 | Grad: 0.40 | Eps: 0.050 | Time: 0.8s
Ep 4700 | Rw: 37.2 | Loss: 0.0140 | Q: 6.86 | Grad: 0.43 | Eps: 0.050 | Time: 0.8s
  ✓ Saved checkpoint & updated plots in checkpoints/2026-03-12_11-17-00/plots
Ep 4701 | Rw: 37.8 | Loss: 0.0141 | Q: 6.86 | Grad: 0.44 | Eps: 0.050 | Time: 0.8s
Ep 4702 | Rw: 27.2 | Loss: 0.0160 | Q: 6.86 | Grad: 0.39 | Eps: 0.050 | Time: 0.8s
Ep 4703 | Rw: 34.4 | Loss: 0.0163 | Q: 6.86 | Grad: 0.38 | Eps: 0.050 | Time: 0.8s
Ep 4704 | Rw: 111.3 | Loss: 0.0178 | Q: 6.86 | Grad: 0.46 | Eps: 0.050 | Time: 0.5s
Ep 4705 | Rw: 31.6 | Loss: 0.0155 | Q: 6.85 | Grad: 0.44 | Eps: 0.050 | Time: 0.8s
Ep 4706 | Rw: 110.4 | Loss: 0.0183 | Q: 6.87 | Grad: 0.49 | Eps: 0.050 | Time: 0.6s
Ep 4707 | Rw: 111.6 | Loss: 0.0175 | Q: 6.85 | Grad: 0.43 | Eps: 0.050 | Time: 0.7s
Ep 4708 | Rw: 29.5 | Loss: 0.0175 | Q: 6.87 | Grad: 0.46 | Eps: 0.050 | Time: 0.8s
Ep 4709 | Rw: 33.0 | Loss: 0.0153 | Q: 6.88 | Grad: 0.45 | Eps: 0.050 | Time: 0.8s
Ep 4710 | Rw: -16.3 | Loss: 0.0140 | Q: 6.88 | Grad: 0.45 | Eps: 0.050 | Time: 0.8s
Ep 4711 | Rw: 35.6 | Loss: 0.0152 | Q: 6.86 | Grad: 0.38 | Eps: 0.050 | Time: 0.8s
Ep 4712 | Rw: 26.5 | Loss: 0.0127 | Q: 6.87 | Grad: 0.41 | Eps: 0.050 | Time: 0.8s
Ep 4713 | Rw: 22.4 | Loss: 0.0171 | Q: 6.88 | Grad: 0.47 | Eps: 0.050 | Time: 0.8s
Ep 4714 | Rw: 27.3 | Loss: 0.0174 | Q: 6.87 | Grad: 0.43 | Eps: 0.050 | Time: 0.8s
Ep 4715 | Rw: 26.7 | Loss: 0.0124 | Q: 6.85 | Grad: 0.40 | Eps: 0.050 | Time: 0.8s
Ep 4716 | Rw: 30.6 | Loss: 0.0128 | Q: 6.86 | Grad: 0.46 | Eps: 0.050 | Time: 0.8s
Ep 4717 | Rw: 26.0 | Loss: 0.0140 | Q: 6.88 | Grad: 0.42 | Eps: 0.050 | Time: 0.8s
Ep 4718 | Rw: 17.9 | Loss: 0.0112 | Q: 6.87 | Grad: 0.40 | Eps: 0.050 | Time: 0.8s
Ep 4719 | Rw: 25.9 | Loss: 0.0143 | Q: 6.87 | Grad: 0.44 | Eps: 0.050 | Time: 0.8s
Ep 4720 | Rw: 28.9 | Loss: 0.0192 | Q: 6.87 | Grad: 0.46 | Eps: 0.050 | Time: 0.8s
Ep 4721 | Rw: 20.7 | Loss: 0.0142 | Q: 6.88 | Grad: 0.40 | Eps: 0.050 | Time: 0.8s
Ep 4722 | Rw: 23.1 | Loss: 0.0120 | Q: 6.86 | Grad: 0.43 | Eps: 0.050 | Time: 0.8s
Ep 4723 | Rw: 115.4 | Loss: 0.0183 | Q: 6.88 | Grad: 0.45 | Eps: 0.050 | Time: 0.6s
Ep 4724 | Rw: 119.9 | Loss: 0.0184 | Q: 6.87 | Grad: 0.43 | Eps: 0.050 | Time: 0.6s
Ep 4725 | Rw: 16.3 | Loss: 0.0116 | Q: 6.86 | Grad: 0.41 | Eps: 0.050 | Time: 0.8s
Ep 4726 | Rw: 15.4 | Loss: 0.0133 | Q: 6.87 | Grad: 0.48 | Eps: 0.050 | Time: 0.8s
Ep 4727 | Rw: 114.0 | Loss: 0.0163 | Q: 6.88 | Grad: 0.49 | Eps: 0.050 | Time: 0.6s
Ep 4728 | Rw: 105.8 | Loss: 0.0173 | Q: 6.87 | Grad: 0.38 | Eps: 0.050 | Time: 0.7s
Ep 4729 | Rw: 13.7 | Loss: 0.0108 | Q: 6.87 | Grad: 0.37 | Eps: 0.050 | Time: 2.3s
Ep 4730 | Rw: 21.2 | Loss: 0.0137 | Q: 6.88 | Grad: 0.42 | Eps: 0.050 | Time: 0.8s
Ep 4731 | Rw: 16.4 | Loss: 0.0160 | Q: 6.89 | Grad: 0.45 | Eps: 0.050 | Time: 0.8s
Ep 4732 | Rw: 23.4 | Loss: 0.0155 | Q: 6.89 | Grad: 0.46 | Eps: 0.050 | Time: 0.8s
Ep 4733 | Rw: 127.6 | Loss: 0.0164 | Q: 6.88 | Grad: 0.47 | Eps: 0.050 | Time: 0.8s
Ep 4734 | Rw: 32.7 | Loss: 0.0122 | Q: 6.87 | Grad: 0.42 | Eps: 0.050 | Time: 0.9s
Ep 4735 | Rw: 12.9 | Loss: 0.0144 | Q: 6.88 | Grad: 0.39 | Eps: 0.050 | Time: 0.9s
Ep 4736 | Rw: 27.4 | Loss: 0.0160 | Q: 6.89 | Grad: 0.43 | Eps: 0.050 | Time: 0.9s
Ep 4737 | Rw: 30.2 | Loss: 0.0098 | Q: 6.89 | Grad: 0.41 | Eps: 0.050 | Time: 0.9s
Ep 4738 | Rw: 25.5 | Loss: 0.0159 | Q: 6.89 | Grad: 0.41 | Eps: 0.050 | Time: 0.8s
Ep 4739 | Rw: 117.8 | Loss: 0.0162 | Q: 6.89 | Grad: 0.43 | Eps: 0.050 | Time: 0.7s
Ep 4740 | Rw: 36.0 | Loss: 0.0161 | Q: 6.89 | Grad: 0.51 | Eps: 0.050 | Time: 0.8s
Ep 4741 | Rw: 126.6 | Loss: 0.0147 | Q: 6.89 | Grad: 0.42 | Eps: 0.050 | Time: 0.8s
Ep 4742 | Rw: 125.9 | Loss: 0.0163 | Q: 6.90 | Grad: 0.50 | Eps: 0.050 | Time: 0.8s
Ep 4743 | Rw: 137.1 | Loss: 0.0115 | Q: 6.90 | Grad: 0.41 | Eps: 0.050 | Time: 0.8s
Ep 4744 | Rw: 24.2 | Loss: 0.0151 | Q: 6.89 | Grad: 0.46 | Eps: 0.050 | Time: 0.8s
Ep 4745 | Rw: 31.9 | Loss: 0.0128 | Q: 6.89 | Grad: 0.46 | Eps: 0.050 | Time: 0.8s
Ep 4746 | Rw: 22.2 | Loss: 0.0186 | Q: 6.89 | Grad: 0.43 | Eps: 0.050 | Time: 0.8s
Ep 4747 | Rw: 26.4 | Loss: 0.0145 | Q: 6.90 | Grad: 0.40 | Eps: 0.050 | Time: 0.8s
Ep 4748 | Rw: 32.1 | Loss: 0.0138 | Q: 6.89 | Grad: 0.39 | Eps: 0.050 | Time: 0.8s
Ep 4749 | Rw: 34.8 | Loss: 0.0137 | Q: 6.89 | Grad: 0.38 | Eps: 0.050 | Time: 0.8s
Ep 4750 | Rw: 28.1 | Loss: 0.0112 | Q: 6.89 | Grad: 0.38 | Eps: 0.050 | Time: 0.8s
  ✓ Saved checkpoint & updated plots in checkpoints/2026-03-12_11-17-00/plots
Ep 4751 | Rw: 21.4 | Loss: 0.0163 | Q: 6.91 | Grad: 0.49 | Eps: 0.050 | Time: 0.8s
Ep 4752 | Rw: 17.3 | Loss: 0.0170 | Q: 6.92 | Grad: 0.44 | Eps: 0.050 | Time: 0.8s
Ep 4753 | Rw: 22.8 | Loss: 0.0134 | Q: 6.92 | Grad: 0.45 | Eps: 0.050 | Time: 0.8s
Ep 4754 | Rw: 24.6 | Loss: 0.0150 | Q: 6.92 | Grad: 0.43 | Eps: 0.050 | Time: 0.8s
Ep 4755 | Rw: 30.3 | Loss: 0.0151 | Q: 6.92 | Grad: 0.45 | Eps: 0.050 | Time: 0.8s
Ep 4756 | Rw: 23.7 | Loss: 0.0139 | Q: 6.90 | Grad: 0.43 | Eps: 0.050 | Time: 0.8s
Ep 4757 | Rw: 24.4 | Loss: 0.0155 | Q: 6.91 | Grad: 0.47 | Eps: 0.050 | Time: 0.8s
Ep 4758 | Rw: 21.3 | Loss: 0.0173 | Q: 6.91 | Grad: 0.42 | Eps: 0.050 | Time: 0.8s
Ep 4759 | Rw: 31.9 | Loss: 0.0160 | Q: 6.92 | Grad: 0.40 | Eps: 0.050 | Time: 0.8s
Ep 4760 | Rw: 15.4 | Loss: 0.0165 | Q: 6.92 | Grad: 0.45 | Eps: 0.050 | Time: 0.8s
Ep 4761 | Rw: 30.6 | Loss: 0.0160 | Q: 6.92 | Grad: 0.43 | Eps: 0.050 | Time: 0.8s
Ep 4762 | Rw: 115.8 | Loss: 0.0163 | Q: 6.92 | Grad: 0.42 | Eps: 0.050 | Time: 0.7s
Ep 4763 | Rw: 29.3 | Loss: 0.0129 | Q: 6.93 | Grad: 0.40 | Eps: 0.050 | Time: 0.8s
Ep 4764 | Rw: 125.5 | Loss: 0.0107 | Q: 6.91 | Grad: 0.39 | Eps: 0.050 | Time: 0.8s
Ep 4765 | Rw: 108.2 | Loss: 0.0144 | Q: 6.91 | Grad: 0.54 | Eps: 0.050 | Time: 0.6s
Ep 4766 | Rw: 27.3 | Loss: 0.0135 | Q: 6.91 | Grad: 0.46 | Eps: 0.050 | Time: 0.8s
Ep 4767 | Rw: 24.5 | Loss: 0.0111 | Q: 6.93 | Grad: 0.40 | Eps: 0.050 | Time: 0.8s
Ep 4768 | Rw: 27.9 | Loss: 0.0139 | Q: 6.91 | Grad: 0.45 | Eps: 0.050 | Time: 0.8s
Ep 4769 | Rw: 35.7 | Loss: 0.0136 | Q: 6.92 | Grad: 0.42 | Eps: 0.050 | Time: 0.8s
Ep 4770 | Rw: 124.4 | Loss: 0.0142 | Q: 6.93 | Grad: 0.40 | Eps: 0.050 | Time: 0.6s
Ep 4771 | Rw: 8.4 | Loss: 0.0127 | Q: 6.93 | Grad: 0.47 | Eps: 0.050 | Time: 0.8s
Ep 4772 | Rw: 119.1 | Loss: 0.0140 | Q: 6.94 | Grad: 0.43 | Eps: 0.050 | Time: 0.5s
Ep 4773 | Rw: 109.4 | Loss: 0.0143 | Q: 6.94 | Grad: 0.43 | Eps: 0.050 | Time: 0.7s
Ep 4774 | Rw: 28.1 | Loss: 0.0110 | Q: 6.94 | Grad: 0.41 | Eps: 0.050 | Time: 0.8s
Ep 4775 | Rw: 106.3 | Loss: 0.0153 | Q: 6.95 | Grad: 0.45 | Eps: 0.050 | Time: 0.6s
Ep 4776 | Rw: 23.5 | Loss: 0.0117 | Q: 6.97 | Grad: 0.40 | Eps: 0.050 | Time: 0.8s
Ep 4777 | Rw: 27.8 | Loss: 0.0176 | Q: 6.95 | Grad: 0.48 | Eps: 0.050 | Time: 0.8s
Ep 4778 | Rw: 34.2 | Loss: 0.0148 | Q: 6.95 | Grad: 0.43 | Eps: 0.050 | Time: 0.8s
Ep 4779 | Rw: 113.6 | Loss: 0.0157 | Q: 6.95 | Grad: 0.47 | Eps: 0.050 | Time: 0.5s
Ep 4780 | Rw: 21.4 | Loss: 0.0151 | Q: 6.93 | Grad: 0.43 | Eps: 0.050 | Time: 2.3s
Ep 4781 | Rw: 27.6 | Loss: 0.0126 | Q: 6.94 | Grad: 0.43 | Eps: 0.050 | Time: 0.8s
Ep 4782 | Rw: 19.9 | Loss: 0.0166 | Q: 6.95 | Grad: 0.52 | Eps: 0.050 | Time: 0.8s
Ep 4783 | Rw: 25.6 | Loss: 0.0144 | Q: 6.96 | Grad: 0.49 | Eps: 0.050 | Time: 0.8s
Ep 4784 | Rw: 22.9 | Loss: 0.0148 | Q: 6.94 | Grad: 0.50 | Eps: 0.050 | Time: 0.8s
Ep 4785 | Rw: 22.6 | Loss: 0.0122 | Q: 6.94 | Grad: 0.40 | Eps: 0.050 | Time: 0.8s
Ep 4786 | Rw: 30.2 | Loss: 0.0152 | Q: 6.95 | Grad: 0.42 | Eps: 0.050 | Time: 0.8s
Ep 4787 | Rw: 111.6 | Loss: 0.0134 | Q: 6.94 | Grad: 0.47 | Eps: 0.050 | Time: 0.6s
Ep 4788 | Rw: 31.8 | Loss: 0.0133 | Q: 6.95 | Grad: 0.45 | Eps: 0.050 | Time: 0.8s
Ep 4789 | Rw: 29.4 | Loss: 0.0168 | Q: 6.95 | Grad: 0.48 | Eps: 0.050 | Time: 0.8s
Ep 4790 | Rw: 117.6 | Loss: 0.0155 | Q: 6.95 | Grad: 0.46 | Eps: 0.050 | Time: 0.8s
Ep 4791 | Rw: 30.8 | Loss: 0.0133 | Q: 6.95 | Grad: 0.40 | Eps: 0.050 | Time: 0.8s
Ep 4792 | Rw: 132.6 | Loss: 0.0104 | Q: 6.94 | Grad: 0.39 | Eps: 0.050 | Time: 0.8s
Ep 4793 | Rw: 17.8 | Loss: 0.0159 | Q: 6.94 | Grad: 0.41 | Eps: 0.050 | Time: 0.8s
Ep 4794 | Rw: 29.0 | Loss: 0.0133 | Q: 6.98 | Grad: 0.37 | Eps: 0.050 | Time: 0.8s
Ep 4795 | Rw: 33.8 | Loss: 0.0126 | Q: 6.96 | Grad: 0.37 | Eps: 0.050 | Time: 0.8s
Ep 4796 | Rw: -11.1 | Loss: 0.0105 | Q: 6.97 | Grad: 0.37 | Eps: 0.050 | Time: 0.8s
Ep 4797 | Rw: 21.5 | Loss: 0.0122 | Q: 6.96 | Grad: 0.42 | Eps: 0.050 | Time: 0.8s
Ep 4798 | Rw: -14.1 | Loss: 0.0187 | Q: 6.97 | Grad: 0.52 | Eps: 0.050 | Time: 0.8s
Ep 4799 | Rw: 30.0 | Loss: 0.0157 | Q: 6.96 | Grad: 0.57 | Eps: 0.050 | Time: 0.8s
Ep 4800 | Rw: 18.8 | Loss: 0.0104 | Q: 6.96 | Grad: 0.46 | Eps: 0.050 | Time: 0.9s
  ✓ Saved checkpoint & updated plots in checkpoints/2026-03-12_11-17-00/plots
Ep 4801 | Rw: -1.2 | Loss: 0.0124 | Q: 6.97 | Grad: 0.38 | Eps: 0.050 | Time: 0.8s
Ep 4802 | Rw: 26.1 | Loss: 0.0133 | Q: 6.95 | Grad: 0.40 | Eps: 0.050 | Time: 0.8s
Ep 4803 | Rw: 125.3 | Loss: 0.0122 | Q: 6.97 | Grad: 0.43 | Eps: 0.050 | Time: 0.7s
Ep 4804 | Rw: 115.9 | Loss: 0.0134 | Q: 6.94 | Grad: 0.46 | Eps: 0.050 | Time: 0.5s
Ep 4805 | Rw: 24.1 | Loss: 0.0134 | Q: 6.97 | Grad: 0.45 | Eps: 0.050 | Time: 0.8s
Ep 4806 | Rw: 26.8 | Loss: 0.0154 | Q: 6.96 | Grad: 0.45 | Eps: 0.050 | Time: 0.8s
Ep 4807 | Rw: 17.9 | Loss: 0.0135 | Q: 6.97 | Grad: 0.45 | Eps: 0.050 | Time: 0.8s
Ep 4808 | Rw: 1.7 | Loss: 0.0168 | Q: 6.96 | Grad: 0.45 | Eps: 0.050 | Time: 0.8s
Ep 4809 | Rw: 23.7 | Loss: 0.0189 | Q: 6.97 | Grad: 0.39 | Eps: 0.050 | Time: 0.9s
Ep 4810 | Rw: 22.4 | Loss: 0.0124 | Q: 6.98 | Grad: 0.38 | Eps: 0.050 | Time: 0.8s
Ep 4811 | Rw: 25.9 | Loss: 0.0137 | Q: 6.97 | Grad: 0.43 | Eps: 0.050 | Time: 0.8s
Ep 4812 | Rw: 28.4 | Loss: 0.0126 | Q: 6.97 | Grad: 0.43 | Eps: 0.050 | Time: 0.8s
Ep 4813 | Rw: 33.1 | Loss: 0.0156 | Q: 6.97 | Grad: 0.41 | Eps: 0.050 | Time: 0.8s
Ep 4814 | Rw: -5.0 | Loss: 0.0132 | Q: 6.98 | Grad: 0.46 | Eps: 0.050 | Time: 0.8s
Ep 4815 | Rw: 109.7 | Loss: 0.0166 | Q: 6.97 | Grad: 0.50 | Eps: 0.050 | Time: 0.5s
Ep 4816 | Rw: 24.5 | Loss: 0.0110 | Q: 6.98 | Grad: 0.46 | Eps: 0.050 | Time: 0.8s
Ep 4817 | Rw: 118.6 | Loss: 0.0159 | Q: 6.98 | Grad: 0.45 | Eps: 0.050 | Time: 0.7s
Ep 4818 | Rw: 28.4 | Loss: 0.0131 | Q: 6.98 | Grad: 0.47 | Eps: 0.050 | Time: 0.8s
Ep 4819 | Rw: 106.3 | Loss: 0.0165 | Q: 6.98 | Grad: 0.41 | Eps: 0.050 | Time: 0.6s
Ep 4820 | Rw: 124.3 | Loss: 0.0158 | Q: 6.97 | Grad: 0.48 | Eps: 0.050 | Time: 0.7s
Ep 4821 | Rw: 33.6 | Loss: 0.0134 | Q: 6.97 | Grad: 0.48 | Eps: 0.050 | Time: 0.9s
Ep 4822 | Rw: 32.5 | Loss: 0.0158 | Q: 6.99 | Grad: 0.43 | Eps: 0.050 | Time: 0.8s
Ep 4823 | Rw: 23.9 | Loss: 0.0160 | Q: 6.97 | Grad: 0.50 | Eps: 0.050 | Time: 0.8s
Ep 4824 | Rw: 17.2 | Loss: 0.0107 | Q: 6.98 | Grad: 0.43 | Eps: 0.050 | Time: 0.8s
Ep 4825 | Rw: 108.4 | Loss: 0.0165 | Q: 7.00 | Grad: 0.47 | Eps: 0.050 | Time: 0.6s
Ep 4826 | Rw: 31.3 | Loss: 0.0138 | Q: 6.99 | Grad: 0.47 | Eps: 0.050 | Time: 0.8s
Ep 4827 | Rw: 115.3 | Loss: 0.0183 | Q: 6.98 | Grad: 0.43 | Eps: 0.050 | Time: 0.6s
Ep 4828 | Rw: 122.3 | Loss: 0.0150 | Q: 6.97 | Grad: 0.42 | Eps: 0.050 | Time: 0.7s
Ep 4829 | Rw: 30.5 | Loss: 0.0131 | Q: 6.97 | Grad: 0.41 | Eps: 0.050 | Time: 0.8s
Ep 4830 | Rw: 125.3 | Loss: 0.0121 | Q: 6.99 | Grad: 0.50 | Eps: 0.050 | Time: 0.8s
Ep 4831 | Rw: 34.2 | Loss: 0.0140 | Q: 6.99 | Grad: 0.40 | Eps: 0.050 | Time: 2.3s
Ep 4832 | Rw: 110.9 | Loss: 0.0164 | Q: 6.98 | Grad: 0.48 | Eps: 0.050 | Time: 0.5s
Ep 4833 | Rw: 28.3 | Loss: 0.0128 | Q: 6.98 | Grad: 0.46 | Eps: 0.050 | Time: 0.9s
Ep 4834 | Rw: 111.4 | Loss: 0.0131 | Q: 6.98 | Grad: 0.46 | Eps: 0.050 | Time: 0.6s
Ep 4835 | Rw: 111.9 | Loss: 0.0150 | Q: 6.98 | Grad: 0.38 | Eps: 0.050 | Time: 0.5s
Ep 4836 | Rw: 26.7 | Loss: 0.0133 | Q: 6.97 | Grad: 0.47 | Eps: 0.050 | Time: 0.8s
Ep 4837 | Rw: 24.9 | Loss: 0.0128 | Q: 6.97 | Grad: 0.44 | Eps: 0.050 | Time: 0.9s
Ep 4838 | Rw: 35.9 | Loss: 0.0138 | Q: 6.97 | Grad: 0.46 | Eps: 0.050 | Time: 0.8s
Ep 4839 | Rw: 25.1 | Loss: 0.0122 | Q: 6.96 | Grad: 0.54 | Eps: 0.050 | Time: 0.8s
Ep 4840 | Rw: 37.0 | Loss: 0.0149 | Q: 6.98 | Grad: 0.44 | Eps: 0.050 | Time: 0.8s
Ep 4841 | Rw: -5.2 | Loss: 0.0143 | Q: 6.96 | Grad: 0.48 | Eps: 0.050 | Time: 0.8s
Ep 4842 | Rw: 111.8 | Loss: 0.0136 | Q: 6.96 | Grad: 0.43 | Eps: 0.050 | Time: 0.5s
Ep 4843 | Rw: 25.2 | Loss: 0.0140 | Q: 6.97 | Grad: 0.48 | Eps: 0.050 | Time: 0.8s
Ep 4844 | Rw: 13.4 | Loss: 0.0157 | Q: 6.95 | Grad: 0.49 | Eps: 0.050 | Time: 0.8s
Ep 4845 | Rw: 35.0 | Loss: 0.0129 | Q: 6.96 | Grad: 0.51 | Eps: 0.050 | Time: 0.9s
Ep 4846 | Rw: 9.0 | Loss: 0.0141 | Q: 6.97 | Grad: 0.49 | Eps: 0.050 | Time: 0.8s
Ep 4847 | Rw: 34.7 | Loss: 0.0135 | Q: 6.98 | Grad: 0.48 | Eps: 0.050 | Time: 0.8s
Ep 4848 | Rw: 5.5 | Loss: 0.0151 | Q: 6.96 | Grad: 0.49 | Eps: 0.050 | Time: 0.9s
Ep 4849 | Rw: 127.2 | Loss: 0.0174 | Q: 6.97 | Grad: 0.41 | Eps: 0.050 | Time: 0.8s
Ep 4850 | Rw: 34.2 | Loss: 0.0126 | Q: 6.95 | Grad: 0.44 | Eps: 0.050 | Time: 0.9s
  ✓ Saved checkpoint & updated plots in checkpoints/2026-03-12_11-17-00/plots
Ep 4851 | Rw: 25.2 | Loss: 0.0144 | Q: 6.96 | Grad: 0.48 | Eps: 0.050 | Time: 1.0s
Ep 4852 | Rw: 31.6 | Loss: 0.0138 | Q: 6.97 | Grad: 0.50 | Eps: 0.050 | Time: 0.9s
Ep 4853 | Rw: 32.0 | Loss: 0.0145 | Q: 6.97 | Grad: 0.55 | Eps: 0.050 | Time: 0.9s
Ep 4854 | Rw: 23.2 | Loss: 0.0147 | Q: 6.97 | Grad: 0.53 | Eps: 0.050 | Time: 0.8s
Ep 4855 | Rw: 125.3 | Loss: 0.0139 | Q: 6.97 | Grad: 0.48 | Eps: 0.050 | Time: 0.8s
Ep 4856 | Rw: 33.2 | Loss: 0.0112 | Q: 6.98 | Grad: 0.53 | Eps: 0.050 | Time: 0.8s
Ep 4857 | Rw: 22.4 | Loss: 0.0133 | Q: 6.97 | Grad: 0.52 | Eps: 0.050 | Time: 0.8s
Ep 4858 | Rw: 30.6 | Loss: 0.0135 | Q: 6.96 | Grad: 0.45 | Eps: 0.050 | Time: 0.8s
Ep 4859 | Rw: 18.9 | Loss: 0.0113 | Q: 6.99 | Grad: 0.48 | Eps: 0.050 | Time: 0.8s
Ep 4860 | Rw: 38.4 | Loss: 0.0147 | Q: 7.00 | Grad: 0.45 | Eps: 0.050 | Time: 0.8s
Ep 4861 | Rw: 7.2 | Loss: 0.0144 | Q: 7.00 | Grad: 0.44 | Eps: 0.050 | Time: 0.9s
Ep 4862 | Rw: 27.0 | Loss: 0.0139 | Q: 7.00 | Grad: 0.47 | Eps: 0.050 | Time: 0.9s
Ep 4863 | Rw: -2.1 | Loss: 0.0156 | Q: 6.99 | Grad: 0.49 | Eps: 0.050 | Time: 0.8s
Ep 4864 | Rw: 120.6 | Loss: 0.0110 | Q: 6.99 | Grad: 0.42 | Eps: 0.050 | Time: 0.7s
Ep 4865 | Rw: 106.7 | Loss: 0.0140 | Q: 7.00 | Grad: 0.49 | Eps: 0.050 | Time: 0.5s
Ep 4866 | Rw: 34.0 | Loss: 0.0144 | Q: 7.00 | Grad: 0.48 | Eps: 0.050 | Time: 0.8s
Ep 4867 | Rw: 111.3 | Loss: 0.0160 | Q: 6.99 | Grad: 0.43 | Eps: 0.050 | Time: 0.5s
Ep 4868 | Rw: 133.0 | Loss: 0.0178 | Q: 7.01 | Grad: 0.41 | Eps: 0.050 | Time: 0.8s
Ep 4869 | Rw: 30.6 | Loss: 0.0131 | Q: 7.01 | Grad: 0.41 | Eps: 0.050 | Time: 0.9s
Ep 4870 | Rw: 34.7 | Loss: 0.0174 | Q: 7.00 | Grad: 0.52 | Eps: 0.050 | Time: 0.8s
Ep 4871 | Rw: 11.5 | Loss: 0.0131 | Q: 7.00 | Grad: 0.47 | Eps: 0.050 | Time: 0.9s
Ep 4872 | Rw: 130.6 | Loss: 0.0196 | Q: 7.00 | Grad: 0.46 | Eps: 0.050 | Time: 0.8s
Ep 4873 | Rw: 33.7 | Loss: 0.0109 | Q: 6.98 | Grad: 0.49 | Eps: 0.050 | Time: 0.8s
Ep 4874 | Rw: 33.1 | Loss: 0.0132 | Q: 7.00 | Grad: 0.45 | Eps: 0.050 | Time: 0.9s
Ep 4875 | Rw: 24.7 | Loss: 0.0132 | Q: 6.99 | Grad: 0.46 | Eps: 0.050 | Time: 0.9s
Ep 4876 | Rw: 26.1 | Loss: 0.0146 | Q: 7.01 | Grad: 0.41 | Eps: 0.050 | Time: 0.9s
Ep 4877 | Rw: 32.8 | Loss: 0.0143 | Q: 6.99 | Grad: 0.44 | Eps: 0.050 | Time: 0.9s
Ep 4878 | Rw: 126.5 | Loss: 0.0143 | Q: 6.99 | Grad: 0.44 | Eps: 0.050 | Time: 0.7s
Ep 4879 | Rw: -10.5 | Loss: 0.0142 | Q: 7.00 | Grad: 0.44 | Eps: 0.050 | Time: 0.8s
Ep 4880 | Rw: 22.1 | Loss: 0.0175 | Q: 6.99 | Grad: 0.51 | Eps: 0.050 | Time: 0.8s
Ep 4881 | Rw: 102.1 | Loss: 0.0122 | Q: 7.00 | Grad: 0.48 | Eps: 0.050 | Time: 0.4s
Ep 4882 | Rw: 33.1 | Loss: 0.0169 | Q: 7.01 | Grad: 0.52 | Eps: 0.050 | Time: 0.8s
Ep 4883 | Rw: 102.8 | Loss: 0.0100 | Q: 7.00 | Grad: 0.51 | Eps: 0.050 | Time: 1.9s
Ep 4884 | Rw: 30.4 | Loss: 0.0147 | Q: 7.03 | Grad: 0.49 | Eps: 0.050 | Time: 0.9s
Ep 4885 | Rw: 10.7 | Loss: 0.0103 | Q: 7.02 | Grad: 0.45 | Eps: 0.050 | Time: 0.9s
Ep 4886 | Rw: 22.6 | Loss: 0.0147 | Q: 7.02 | Grad: 0.47 | Eps: 0.050 | Time: 0.9s
Ep 4887 | Rw: 32.0 | Loss: 0.0155 | Q: 7.00 | Grad: 0.60 | Eps: 0.050 | Time: 0.9s
Ep 4888 | Rw: 24.0 | Loss: 0.0151 | Q: 7.02 | Grad: 0.61 | Eps: 0.050 | Time: 0.9s
Ep 4889 | Rw: 29.8 | Loss: 0.0131 | Q: 7.02 | Grad: 0.58 | Eps: 0.050 | Time: 0.9s
Ep 4890 | Rw: 13.4 | Loss: 0.0122 | Q: 7.01 | Grad: 0.52 | Eps: 0.050 | Time: 0.9s
Ep 4891 | Rw: 104.0 | Loss: 0.0179 | Q: 7.03 | Grad: 0.43 | Eps: 0.050 | Time: 0.6s
Ep 4892 | Rw: 25.3 | Loss: 0.0164 | Q: 7.03 | Grad: 0.56 | Eps: 0.050 | Time: 0.9s
Ep 4893 | Rw: 21.9 | Loss: 0.0149 | Q: 7.03 | Grad: 0.48 | Eps: 0.050 | Time: 0.9s
Ep 4894 | Rw: 34.6 | Loss: 0.0148 | Q: 7.02 | Grad: 0.50 | Eps: 0.050 | Time: 0.9s
Ep 4895 | Rw: 17.6 | Loss: 0.0136 | Q: 7.01 | Grad: 0.46 | Eps: 0.050 | Time: 0.9s
Ep 4896 | Rw: 26.3 | Loss: 0.0159 | Q: 7.02 | Grad: 0.46 | Eps: 0.050 | Time: 1.0s
Ep 4897 | Rw: 121.9 | Loss: 0.0170 | Q: 7.02 | Grad: 0.55 | Eps: 0.050 | Time: 0.8s
Ep 4898 | Rw: 107.1 | Loss: 0.0113 | Q: 7.03 | Grad: 0.43 | Eps: 0.050 | Time: 0.7s
Ep 4899 | Rw: 26.3 | Loss: 0.0127 | Q: 7.02 | Grad: 0.41 | Eps: 0.050 | Time: 0.9s
Ep 4900 | Rw: 30.9 | Loss: 0.0141 | Q: 7.00 | Grad: 0.50 | Eps: 0.050 | Time: 0.9s
  ✓ Saved checkpoint & updated plots in checkpoints/2026-03-12_11-17-00/plots
Ep 4901 | Rw: 32.7 | Loss: 0.0136 | Q: 7.01 | Grad: 0.57 | Eps: 0.050 | Time: 1.0s
Ep 4902 | Rw: -7.9 | Loss: 0.0153 | Q: 7.00 | Grad: 0.64 | Eps: 0.050 | Time: 0.9s
Ep 4903 | Rw: 21.5 | Loss: 0.0158 | Q: 7.02 | Grad: 0.53 | Eps: 0.050 | Time: 0.9s
Ep 4904 | Rw: 29.4 | Loss: 0.0150 | Q: 7.04 | Grad: 0.48 | Eps: 0.050 | Time: 0.9s
Ep 4905 | Rw: 27.6 | Loss: 0.0165 | Q: 7.04 | Grad: 0.59 | Eps: 0.050 | Time: 0.8s
Ep 4906 | Rw: 35.3 | Loss: 0.0135 | Q: 7.05 | Grad: 0.44 | Eps: 0.050 | Time: 0.8s
Ep 4907 | Rw: 25.7 | Loss: 0.0149 | Q: 7.04 | Grad: 0.48 | Eps: 0.050 | Time: 0.8s
Ep 4908 | Rw: 103.5 | Loss: 0.0159 | Q: 7.04 | Grad: 0.45 | Eps: 0.050 | Time: 0.5s
Ep 4909 | Rw: 7.4 | Loss: 0.0138 | Q: 7.03 | Grad: 0.53 | Eps: 0.050 | Time: 0.8s
Ep 4910 | Rw: 131.0 | Loss: 0.0121 | Q: 7.05 | Grad: 0.47 | Eps: 0.050 | Time: 0.9s
Ep 4911 | Rw: 29.3 | Loss: 0.0140 | Q: 7.04 | Grad: 0.54 | Eps: 0.050 | Time: 0.9s
Ep 4912 | Rw: -11.1 | Loss: 0.0148 | Q: 7.04 | Grad: 0.50 | Eps: 0.050 | Time: 0.9s
Ep 4913 | Rw: 30.4 | Loss: 0.0140 | Q: 7.06 | Grad: 0.49 | Eps: 0.050 | Time: 0.9s
Ep 4914 | Rw: 23.3 | Loss: 0.0154 | Q: 7.04 | Grad: 0.46 | Eps: 0.050 | Time: 1.0s
Ep 4915 | Rw: 33.8 | Loss: 0.0150 | Q: 7.03 | Grad: 0.46 | Eps: 0.050 | Time: 0.9s
Ep 4916 | Rw: 8.1 | Loss: 0.0166 | Q: 7.04 | Grad: 0.57 | Eps: 0.050 | Time: 0.9s
Ep 4917 | Rw: 32.3 | Loss: 0.0128 | Q: 7.05 | Grad: 0.44 | Eps: 0.050 | Time: 1.0s
Ep 4918 | Rw: 29.2 | Loss: 0.0161 | Q: 7.04 | Grad: 0.52 | Eps: 0.050 | Time: 0.9s
Ep 4919 | Rw: 24.5 | Loss: 0.0129 | Q: 7.05 | Grad: 0.46 | Eps: 0.050 | Time: 0.9s
Ep 4920 | Rw: 115.9 | Loss: 0.0090 | Q: 7.02 | Grad: 0.47 | Eps: 0.050 | Time: 0.6s
Ep 4921 | Rw: 18.0 | Loss: 0.0157 | Q: 7.05 | Grad: 0.56 | Eps: 0.050 | Time: 0.9s
Ep 4922 | Rw: 31.0 | Loss: 0.0116 | Q: 7.04 | Grad: 0.47 | Eps: 0.050 | Time: 1.0s
Ep 4923 | Rw: 115.2 | Loss: 0.0140 | Q: 7.04 | Grad: 0.54 | Eps: 0.050 | Time: 0.8s
Ep 4924 | Rw: 34.9 | Loss: 0.0125 | Q: 7.04 | Grad: 0.47 | Eps: 0.050 | Time: 1.0s
Ep 4925 | Rw: 33.8 | Loss: 0.0121 | Q: 7.08 | Grad: 0.43 | Eps: 0.050 | Time: 0.9s
Ep 4926 | Rw: 17.5 | Loss: 0.0163 | Q: 7.04 | Grad: 0.49 | Eps: 0.050 | Time: 1.0s
Ep 4927 | Rw: 26.2 | Loss: 0.0157 | Q: 7.05 | Grad: 0.48 | Eps: 0.050 | Time: 1.0s
Ep 4928 | Rw: 130.4 | Loss: 0.0128 | Q: 7.06 | Grad: 0.46 | Eps: 0.050 | Time: 0.8s
Ep 4929 | Rw: 29.7 | Loss: 0.0176 | Q: 7.05 | Grad: 0.55 | Eps: 0.050 | Time: 0.9s
Ep 4930 | Rw: 30.0 | Loss: 0.0144 | Q: 7.07 | Grad: 0.57 | Eps: 0.050 | Time: 0.9s
Ep 4931 | Rw: 26.0 | Loss: 0.0143 | Q: 7.05 | Grad: 0.48 | Eps: 0.050 | Time: 0.9s
Ep 4932 | Rw: 21.3 | Loss: 0.0161 | Q: 7.07 | Grad: 0.51 | Eps: 0.050 | Time: 0.9s
Ep 4933 | Rw: 114.1 | Loss: 0.0143 | Q: 7.04 | Grad: 0.48 | Eps: 0.050 | Time: 0.6s
Ep 4934 | Rw: 16.2 | Loss: 0.0136 | Q: 7.06 | Grad: 0.54 | Eps: 0.050 | Time: 2.4s
Ep 4935 | Rw: 29.8 | Loss: 0.0142 | Q: 7.06 | Grad: 0.57 | Eps: 0.050 | Time: 0.8s
Ep 4936 | Rw: 118.9 | Loss: 0.0174 | Q: 7.05 | Grad: 0.55 | Eps: 0.050 | Time: 0.7s
Ep 4937 | Rw: 11.0 | Loss: 0.0163 | Q: 7.06 | Grad: 0.51 | Eps: 0.050 | Time: 0.8s
Ep 4938 | Rw: 28.3 | Loss: 0.0137 | Q: 7.05 | Grad: 0.49 | Eps: 0.050 | Time: 0.8s
Ep 4939 | Rw: 34.5 | Loss: 0.0096 | Q: 7.05 | Grad: 0.46 | Eps: 0.050 | Time: 0.9s
Ep 4940 | Rw: 21.0 | Loss: 0.0167 | Q: 7.06 | Grad: 0.51 | Eps: 0.050 | Time: 0.8s
Ep 4941 | Rw: 16.4 | Loss: 0.0156 | Q: 7.06 | Grad: 0.50 | Eps: 0.050 | Time: 0.8s
Ep 4942 | Rw: 22.8 | Loss: 0.0158 | Q: 7.04 | Grad: 0.46 | Eps: 0.050 | Time: 0.8s
Ep 4943 | Rw: 1.2 | Loss: 0.0127 | Q: 7.05 | Grad: 0.46 | Eps: 0.050 | Time: 0.8s
Ep 4944 | Rw: 111.4 | Loss: 0.0143 | Q: 7.02 | Grad: 0.44 | Eps: 0.050 | Time: 0.6s
Ep 4945 | Rw: 26.2 | Loss: 0.0157 | Q: 7.05 | Grad: 0.53 | Eps: 0.050 | Time: 0.8s
Ep 4946 | Rw: 110.9 | Loss: 0.0150 | Q: 7.07 | Grad: 0.65 | Eps: 0.050 | Time: 0.5s
Ep 4947 | Rw: 118.5 | Loss: 0.0129 | Q: 7.05 | Grad: 0.55 | Eps: 0.050 | Time: 0.8s
Ep 4948 | Rw: 19.6 | Loss: 0.0154 | Q: 7.03 | Grad: 0.57 | Eps: 0.050 | Time: 0.9s
Ep 4949 | Rw: 29.7 | Loss: 0.0150 | Q: 7.04 | Grad: 0.47 | Eps: 0.050 | Time: 1.0s
Ep 4950 | Rw: 35.6 | Loss: 0.0146 | Q: 7.03 | Grad: 0.52 | Eps: 0.050 | Time: 0.9s
  ✓ Saved checkpoint & updated plots in checkpoints/2026-03-12_11-17-00/plots
Ep 4951 | Rw: 18.2 | Loss: 0.0170 | Q: 7.02 | Grad: 0.55 | Eps: 0.050 | Time: 0.9s
Ep 4952 | Rw: 26.3 | Loss: 0.0157 | Q: 7.04 | Grad: 0.52 | Eps: 0.050 | Time: 0.9s
Ep 4953 | Rw: 105.2 | Loss: 0.0116 | Q: 7.04 | Grad: 0.39 | Eps: 0.050 | Time: 0.6s
Ep 4954 | Rw: 19.8 | Loss: 0.0152 | Q: 7.05 | Grad: 0.49 | Eps: 0.050 | Time: 0.8s
Ep 4955 | Rw: 32.2 | Loss: 0.0172 | Q: 7.06 | Grad: 0.53 | Eps: 0.050 | Time: 0.9s
Ep 4956 | Rw: 122.0 | Loss: 0.0145 | Q: 7.04 | Grad: 0.51 | Eps: 0.050 | Time: 0.7s
Ep 4957 | Rw: 22.2 | Loss: 0.0133 | Q: 7.04 | Grad: 0.51 | Eps: 0.050 | Time: 0.9s
Ep 4958 | Rw: 31.7 | Loss: 0.0166 | Q: 7.05 | Grad: 0.47 | Eps: 0.050 | Time: 0.8s
Ep 4959 | Rw: 18.2 | Loss: 0.0139 | Q: 7.04 | Grad: 0.46 | Eps: 0.050 | Time: 0.8s
Ep 4960 | Rw: 22.8 | Loss: 0.0141 | Q: 7.04 | Grad: 0.48 | Eps: 0.050 | Time: 0.9s
Ep 4961 | Rw: 32.9 | Loss: 0.0134 | Q: 7.04 | Grad: 0.54 | Eps: 0.050 | Time: 1.0s
Ep 4962 | Rw: 23.3 | Loss: 0.0167 | Q: 7.02 | Grad: 0.52 | Eps: 0.050 | Time: 1.0s
Ep 4963 | Rw: 8.2 | Loss: 0.0136 | Q: 7.03 | Grad: 0.49 | Eps: 0.050 | Time: 0.8s
Ep 4964 | Rw: 17.9 | Loss: 0.0142 | Q: 7.04 | Grad: 0.52 | Eps: 0.050 | Time: 0.9s
Ep 4965 | Rw: 24.1 | Loss: 0.0140 | Q: 7.04 | Grad: 0.50 | Eps: 0.050 | Time: 0.8s
Ep 4966 | Rw: 30.2 | Loss: 0.0142 | Q: 7.04 | Grad: 0.48 | Eps: 0.050 | Time: 0.8s
Ep 4967 | Rw: 30.1 | Loss: 0.0144 | Q: 7.05 | Grad: 0.55 | Eps: 0.050 | Time: 0.8s
Ep 4968 | Rw: 110.9 | Loss: 0.0103 | Q: 7.07 | Grad: 0.44 | Eps: 0.050 | Time: 0.7s
Ep 4969 | Rw: 25.3 | Loss: 0.0143 | Q: 7.09 | Grad: 0.46 | Eps: 0.050 | Time: 0.8s
Ep 4970 | Rw: 23.7 | Loss: 0.0133 | Q: 7.09 | Grad: 0.46 | Eps: 0.050 | Time: 0.8s
Ep 4971 | Rw: 19.2 | Loss: 0.0146 | Q: 7.08 | Grad: 0.49 | Eps: 0.050 | Time: 0.8s
Ep 4972 | Rw: 21.7 | Loss: 0.0085 | Q: 7.08 | Grad: 0.46 | Eps: 0.050 | Time: 0.8s
Ep 4973 | Rw: 116.9 | Loss: 0.0186 | Q: 7.08 | Grad: 0.45 | Eps: 0.050 | Time: 0.6s
Ep 4974 | Rw: 16.6 | Loss: 0.0141 | Q: 7.08 | Grad: 0.52 | Eps: 0.050 | Time: 0.8s
Ep 4975 | Rw: -37.8 | Loss: 0.0130 | Q: 7.07 | Grad: 0.47 | Eps: 0.050 | Time: 0.8s
Ep 4976 | Rw: 20.6 | Loss: 0.0109 | Q: 7.08 | Grad: 0.49 | Eps: 0.050 | Time: 0.8s
Ep 4977 | Rw: -0.7 | Loss: 0.0171 | Q: 7.08 | Grad: 0.50 | Eps: 0.050 | Time: 0.9s
Ep 4978 | Rw: -5.8 | Loss: 0.0169 | Q: 7.08 | Grad: 0.56 | Eps: 0.050 | Time: 0.9s
Ep 4979 | Rw: 22.8 | Loss: 0.0122 | Q: 7.07 | Grad: 0.43 | Eps: 0.050 | Time: 0.8s
Ep 4980 | Rw: 25.1 | Loss: 0.0125 | Q: 7.08 | Grad: 0.40 | Eps: 0.050 | Time: 0.8s
Ep 4981 | Rw: 13.2 | Loss: 0.0165 | Q: 7.07 | Grad: 0.52 | Eps: 0.050 | Time: 0.8s
Ep 4982 | Rw: 30.0 | Loss: 0.0091 | Q: 7.07 | Grad: 0.45 | Eps: 0.050 | Time: 0.9s
Ep 4983 | Rw: 32.1 | Loss: 0.0102 | Q: 7.07 | Grad: 0.46 | Eps: 0.050 | Time: 1.5s
Ep 4984 | Rw: 35.2 | Loss: 0.0155 | Q: 7.08 | Grad: 0.57 | Eps: 0.050 | Time: 1.5s
Ep 4985 | Rw: 10.2 | Loss: 0.0157 | Q: 7.08 | Grad: 0.46 | Eps: 0.050 | Time: 1.4s
Ep 4986 | Rw: 110.0 | Loss: 0.0154 | Q: 7.08 | Grad: 0.47 | Eps: 0.050 | Time: 0.7s
Ep 4987 | Rw: 102.8 | Loss: 0.0161 | Q: 7.06 | Grad: 0.46 | Eps: 0.050 | Time: 2.3s
Ep 4988 | Rw: 106.8 | Loss: 0.0193 | Q: 7.09 | Grad: 0.50 | Eps: 0.050 | Time: 0.5s
Ep 4989 | Rw: 31.8 | Loss: 0.0184 | Q: 7.08 | Grad: 0.46 | Eps: 0.050 | Time: 1.4s
Ep 4990 | Rw: 30.0 | Loss: 0.0128 | Q: 7.08 | Grad: 0.48 | Eps: 0.050 | Time: 1.5s
Ep 4991 | Rw: 29.2 | Loss: 0.0156 | Q: 7.08 | Grad: 0.47 | Eps: 0.050 | Time: 1.5s
Ep 4992 | Rw: 103.3 | Loss: 0.0140 | Q: 7.09 | Grad: 0.45 | Eps: 0.050 | Time: 0.7s
Ep 4993 | Rw: 124.1 | Loss: 0.0134 | Q: 7.08 | Grad: 0.49 | Eps: 0.050 | Time: 1.3s
Ep 4994 | Rw: 4.4 | Loss: 0.0151 | Q: 7.09 | Grad: 0.47 | Eps: 0.050 | Time: 1.5s
Ep 4995 | Rw: 25.9 | Loss: 0.0168 | Q: 7.07 | Grad: 0.52 | Eps: 0.050 | Time: 1.7s
Ep 4996 | Rw: 32.1 | Loss: 0.0155 | Q: 7.08 | Grad: 0.49 | Eps: 0.050 | Time: 1.7s
Ep 4997 | Rw: 30.9 | Loss: 0.0159 | Q: 7.07 | Grad: 0.50 | Eps: 0.050 | Time: 1.5s
Ep 4998 | Rw: 37.1 | Loss: 0.0155 | Q: 7.08 | Grad: 0.52 | Eps: 0.050 | Time: 1.6s
Ep 4999 | Rw: 108.1 | Loss: 0.0121 | Q: 7.08 | Grad: 0.42 | Eps: 0.050 | Time: 0.8s
Ep 5000 | Rw: 21.0 | Loss: 0.0128 | Q: 7.09 | Grad: 0.46 | Eps: 0.050 | Time: 1.6s
  ✓ Saved checkpoint & updated plots in checkpoints/2026-03-12_11-17-00/plots
============================================================
Training Complete.
